-- phpMyAdmin SQL Dump
-- version 5.0.2
-- https://www.phpmyadmin.net/
--
-- Servidor: localhost:3306
-- Tiempo de generación: 03-10-2020 a las 19:17:13
-- Versión del servidor: 8.0.18
-- Versión de PHP: 7.3.16

SET SQL_MODE = "NO_AUTO_VALUE_ON_ZERO";
START TRANSACTION;
SET time_zone = "+00:00";


/*!40101 SET @OLD_CHARACTER_SET_CLIENT=@@CHARACTER_SET_CLIENT */;
/*!40101 SET @OLD_CHARACTER_SET_RESULTS=@@CHARACTER_SET_RESULTS */;
/*!40101 SET @OLD_COLLATION_CONNECTION=@@COLLATION_CONNECTION */;
/*!40101 SET NAMES utf8mb4 */;

--
-- Base de datos: `carent`
--

-- --------------------------------------------------------

--
-- Estructura de tabla para la tabla `logs_auditoria`
--

CREATE TABLE `logs_auditoria` (
  `id` int(11) NOT NULL,
  `usuario_id` int(11) DEFAULT NULL,
  `fecha` datetime DEFAULT NULL,
  `direccion_ip` varchar(50) CHARACTER SET utf8mb4 COLLATE utf8mb4_unicode_ci DEFAULT NULL,
  `accion` text CHARACTER SET utf8mb4 COLLATE utf8mb4_unicode_ci,
  `tabla` varchar(50) CHARACTER SET utf8mb4 COLLATE utf8mb4_unicode_ci DEFAULT NULL
) ENGINE=InnoDB DEFAULT CHARSET=utf8mb4 COLLATE=utf8mb4_unicode_ci;

--
-- Volcado de datos para la tabla `logs_auditoria`
--

INSERT INTO `logs_auditoria` (`id`, `usuario_id`, `fecha`, `direccion_ip`, `accion`, `tabla`) VALUES
(1, 1, '2020-08-06 14:51:23', '127.0.0.1', 'Inicio de Sesion', 'inicio'),
(2, 1, '2020-08-06 18:51:09', '127.0.0.1', 'Inicio de Sesion', 'inicio'),
(3, 1, '2020-08-06 20:37:39', '127.0.0.1', 'Inicio de Sesion', 'inicio'),
(4, 1, '2020-08-06 23:14:18', '127.0.0.1', 'Inicio de Sesion', 'inicio'),
(5, 1, '2020-08-06 23:35:38', '127.0.0.1', 'Modificacion del Usuario Codigo: 0001', 'tbl_usuario'),
(6, 1, '2020-08-06 23:38:27', '127.0.0.1', 'Modificacion del Usuario Codigo: 0001', 'tbl_usuario'),
(7, 1, '2020-08-06 23:40:11', '127.0.0.1', 'Registro de Usuario Codigo: 0002', 'tbl_usuario'),
(8, 1, '2020-08-06 23:40:45', '127.0.0.1', 'Registro de Usuario Codigo: 0003', 'tbl_usuario'),
(9, 1, '2020-08-06 23:41:23', '127.0.0.1', 'Modificacion del Usuario Codigo: 0002', 'tbl_usuario'),
(10, 1, '2020-08-06 23:43:51', '127.0.0.1', 'Modificacion del Usuario Codigo: 0003', 'tbl_usuario'),
(11, 1, '2020-08-07 18:05:53', '127.0.0.1', 'Inicio de Sesion', 'inicio'),
(12, 1, '2020-08-07 18:53:53', '127.0.0.1', 'Inicio de Sesion', 'inicio'),
(13, 1, '2020-08-08 20:27:35', '127.0.0.1', 'Inicio de Sesion', 'inicio'),
(14, 1, '2020-08-10 20:36:53', '127.0.0.1', 'Inicio de Sesion', 'inicio'),
(15, 1, '2020-08-10 20:38:28', '127.0.0.1', 'Registro del cliente codigo: 1000', 'tbl_cliente'),
(16, 1, '2020-08-11 09:49:36', '127.0.0.1', 'Inicio de Sesion', 'inicio'),
(17, 1, '2020-08-11 12:54:46', '127.0.0.1', 'Inicio de Sesion', 'inicio'),
(18, 1, '2020-08-11 16:43:26', '127.0.0.1', 'Inicio de Sesion', 'inicio'),
(19, 1, '2020-08-11 20:11:33', '127.0.0.1', 'Inicio de Sesion', 'inicio'),
(20, 1, '2020-08-11 21:44:21', '127.0.0.1', 'Inicio de Sesion', 'inicio'),
(21, 1, '2020-08-12 09:31:56', '127.0.0.1', 'Inicio de Sesion', 'inicio'),
(22, 1, '2020-08-12 10:59:11', '127.0.0.1', 'Inicio de Sesion', 'inicio'),
(23, 1, '2020-08-12 20:13:02', '127.0.0.1', 'Inicio de Sesion', 'inicio'),
(24, 1, '2020-08-13 11:14:51', '127.0.0.1', 'Inicio de Sesion', 'inicio'),
(25, 1, '2020-08-13 13:52:52', '127.0.0.1', 'Inicio de Sesion', 'inicio'),
(26, 1, '2020-08-13 18:35:33', '127.0.0.1', 'Inicio de Sesion', 'inicio'),
(27, 1, '2020-08-13 20:25:07', '127.0.0.1', 'Inicio de Sesion', 'inicio'),
(28, 1, '2020-08-14 14:23:45', '127.0.0.1', 'Inicio de Sesion', 'inicio'),
(29, 1, '2020-08-15 15:06:55', '127.0.0.1', 'Inicio de Sesion', 'inicio'),
(30, 1, '2020-08-15 15:46:38', '127.0.0.1', 'Inicio de Sesion', 'inicio'),
(31, 1, '2020-08-15 21:39:58', '127.0.0.1', 'Inicio de Sesion', 'inicio'),
(32, 1, '2020-08-16 11:21:03', '127.0.0.1', 'Inicio de Sesion', 'inicio'),
(33, 1, '2020-08-16 12:02:02', '127.0.0.1', 'Registro del proyecto: DDDDDDD. Cliente: DISTRIBUIDORA AMAZONIA 1134, C.A.', 'tbl_proyecto'),
(34, 1, '2020-08-16 12:03:28', '127.0.0.1', 'Registro del proyecto: DDDDD4. Cliente: CALIFORNIA HOME FASHION, C.A.', 'tbl_proyecto'),
(35, 1, '2020-08-16 12:05:44', '127.0.0.1', 'Registro del proyecto: PROYECTO 1. Cliente: DISTRIBUIDORA AMAZONIA 1134, C.A.', 'tbl_proyecto'),
(36, 1, '2020-08-16 12:38:01', '127.0.0.1', 'Registro del proyecto: PROYECTO 2. Cliente: DISTRIBUIDORA BIGOTT C.A.', 'tbl_proyecto'),
(37, 1, '2020-08-16 12:59:37', '127.0.0.1', 'Registro del proyecto: PROYECTO 1. Cliente: DISTRIBUIDORA MACONDO 333, C.A.', 'tbl_proyecto'),
(38, 1, '2020-08-16 13:26:12', '127.0.0.1', 'Modificacion del proyecto: PROYECTO 1. Cliente: DISTRIBUIDORA MACONDO 333, C.A.', 'tbl_proyecto'),
(39, 144, '2020-08-17 16:51:02', '127.0.0.1', 'Inicio de Sesion', 'inicio'),
(40, 144, '2020-08-17 16:52:30', '127.0.0.1', 'Registro del proyecto: PROYECTO 1 SERGIO. Cliente: POLICLINICA LAS MERCEDES, C.A.', 'tbl_proyecto'),
(41, 144, '2020-08-17 16:53:11', '127.0.0.1', 'Registro del proyecto: PROYECTO 2 SERGIO. Cliente: POLICLINICA LAS MERCEDES, C.A.', 'tbl_proyecto'),
(42, 144, '2020-08-17 16:56:23', '127.0.0.1', 'Registro del proyecto: PROYECTO 3 SERGIO. Cliente: POLICLINICA LAS MERCEDES, C.A.', 'tbl_proyecto'),
(43, 144, '2020-08-17 17:01:27', '127.0.0.1', 'Registro del proyecto: PROYECTO 4 SERGIO. Cliente: POLICLINICA LAS MERCEDES, C.A.', 'tbl_proyecto'),
(44, 1, '2020-08-18 21:45:05', '127.0.0.1', 'Inicio de Sesion', 'inicio'),
(45, 1, '2020-08-19 07:24:53', '127.0.0.1', 'Inicio de Sesion', 'inicio'),
(46, 1, '2020-08-19 15:20:55', '127.0.0.1', 'Inicio de Sesion', 'inicio'),
(47, 1, '2020-08-19 21:38:39', '127.0.0.1', 'Inicio de Sesion', 'inicio'),
(48, 1, '2020-08-20 07:54:57', '127.0.0.1', 'Inicio de Sesion', 'inicio'),
(49, 1, '2020-08-20 08:36:07', '127.0.0.1', 'Inicio de Sesion', 'inicio'),
(50, 1, '2020-08-20 13:33:19', '127.0.0.1', 'Inicio de Sesion', 'inicio'),
(51, 1, '2020-08-20 13:39:24', '127.0.0.1', 'Registro del proyecto: PROYECTO 1. Cliente: C. A. VENEZOLANA DE INDUSTRIAS MILITARES, CAVIM', 'tbl_proyecto'),
(52, 1, '2020-08-20 13:56:27', '127.0.0.1', 'Registro del proyecto: PROYECTO 2. Cliente: DISTRIBUIDORA BIGOTT C.A.', 'tbl_proyecto'),
(53, 1, '2020-08-21 07:58:37', '127.0.0.1', 'Inicio de Sesion', 'inicio'),
(54, 1, '2020-08-23 08:44:41', '127.0.0.1', 'Inicio de Sesion', 'inicio'),
(55, 1, '2020-08-23 09:57:50', '127.0.0.1', 'Registro del proyecto: PROYECTO 1. Cliente: C. A. VENEZOLANA DE INDUSTRIAS MILITARES, CAVIM', 'tbl_proyecto'),
(56, 1, '2020-08-23 13:49:18', '127.0.0.1', 'Inicio de Sesion', 'inicio'),
(57, 1, '2020-08-23 14:27:24', '127.0.0.1', 'Inicio de Sesion', 'inicio'),
(58, 1, '2020-08-23 16:07:42', '127.0.0.1', 'Registro del proyecto: PROYECTO 2. Cliente: RADIODIAGNOSTICO LA FLORIDA, C.A.', 'tbl_proyecto'),
(59, 1, '2020-08-23 16:08:24', '127.0.0.1', 'Registro del proyecto: PROYECTO 3. Cliente: TAUREL & CÍA SUCRS', 'tbl_proyecto'),
(60, 1, '2020-08-25 16:03:39', '127.0.0.1', 'Inicio de Sesion', 'inicio'),
(61, 1, '2020-08-25 16:42:55', '127.0.0.1', 'Inicio de Sesion', 'inicio'),
(62, 1, '2020-08-26 11:43:36', '127.0.0.1', 'Inicio de Sesion', 'inicio'),
(63, 1, '2020-08-26 13:03:59', '127.0.0.1', 'Inicio de Sesion', 'inicio'),
(64, 1, '2020-08-28 08:51:48', '127.0.0.1', 'Inicio de Sesion', 'inicio'),
(65, 1, '2020-08-28 11:37:53', '127.0.0.1', 'Registro del proyecto: AUDITORíA SOBRE VALORES INTERNOS DEL BANCO. Cliente: BANCO ACTIVO BANCO UNIVERSAL', 'tbl_proyecto'),
(66, 1, '2020-08-28 14:45:26', '127.0.0.1', 'Inicio de Sesion', 'inicio'),
(67, 1, '2020-08-28 15:02:38', '127.0.0.1', 'Registro del proyecto: COMPILACIóN DE INFORMACIóN FINANCIERA AL 30 DE JUNIO DE 2020 Y 31 DE DICIEMBRE DE 2019 Y 2018. Cliente: AGENCIA GENERALES CONAVEN, C.A.', 'tbl_proyecto'),
(68, 1, '2020-08-28 20:11:51', '127.0.0.1', 'Inicio de Sesion', 'inicio'),
(69, 1, '2020-08-29 07:35:41', '127.0.0.1', 'Inicio de Sesion', 'inicio'),
(70, 1, '2020-08-30 10:44:21', '127.0.0.1', 'Inicio de Sesion', 'inicio'),
(71, 1, '2020-08-30 10:58:36', '127.0.0.1', 'Registro de de horas no cargables al usuario codigo: 0001', 'tbl_horas_no_cargables'),
(72, 1, '2020-08-30 13:48:33', '127.0.0.1', 'Inicio de Sesion', 'inicio'),
(73, 1, '2020-08-30 14:35:20', '127.0.0.1', 'Inicio de Sesion', 'inicio'),
(74, 1, '2020-08-30 19:56:54', '127.0.0.1', 'Inicio de Sesion', 'inicio'),
(75, 1, '2020-08-31 16:07:07', '127.0.0.1', 'Inicio de Sesion', 'inicio'),
(76, 1, '2020-08-31 16:10:37', '127.0.0.1', 'Registro de de horas no cargables al usuario codigo: 0001', 'tbl_horas_no_cargables'),
(77, 1, '2020-08-31 16:14:25', '127.0.0.1', 'Registro de de horas no cargables al usuario codigo: 0001', 'tbl_horas_no_cargables'),
(78, 1, '2020-08-31 16:15:34', '127.0.0.1', 'Registro de de horas no cargables al usuario codigo: 0001', 'tbl_horas_no_cargables'),
(79, 1, '2020-08-31 16:53:49', '127.0.0.1', 'Registro de de horas no cargables al usuario codigo: 0001', 'tbl_horas_no_cargables'),
(80, 1, '2020-08-31 17:28:04', '127.0.0.1', 'Registro de de horas no cargables al usuario codigo: 0001', 'tbl_horas_no_cargables'),
(81, 1, '2020-08-31 17:37:13', '127.0.0.1', 'Registro de de horas no cargables al usuario codigo: 0001', 'tbl_horas_no_cargables'),
(82, 1, '2020-08-31 17:40:20', '127.0.0.1', 'Registro de de horas no cargables al usuario codigo: 0001', 'tbl_horas_no_cargables'),
(83, 1, '2020-08-31 17:50:28', '127.0.0.1', 'Registro de de horas no cargables al usuario codigo: 0001', 'tbl_horas_no_cargables'),
(84, 1, '2020-08-31 17:50:46', '127.0.0.1', 'Registro de de horas no cargables al usuario codigo: 0001', 'tbl_horas_no_cargables'),
(85, 1, '2020-08-31 20:34:29', '127.0.0.1', 'Inicio de Sesion', 'inicio'),
(86, 1, '2020-09-01 09:23:51', '127.0.0.1', 'Inicio de Sesion', 'inicio'),
(87, 1, '2020-09-01 12:07:20', '127.0.0.1', 'Inicio de Sesion', 'inicio'),
(88, 127, '2020-09-01 13:15:01', '127.0.0.1', 'Inicio de Sesion', 'inicio'),
(89, 1, '2020-09-01 14:22:14', '127.0.0.1', 'Inicio de Sesion', 'inicio'),
(90, 1, '2020-09-01 14:24:28', '127.0.0.1', 'Registro de de horas no cargables al usuario codigo: 0001', 'tbl_horas_no_cargables'),
(91, 127, '2020-09-01 14:24:55', '127.0.0.1', 'Inicio de Sesion', 'inicio'),
(92, 127, '2020-09-01 14:25:46', '127.0.0.1', 'Registro de de horas no cargables al usuario codigo: 11376', 'tbl_horas_no_cargables'),
(93, 1, '2020-09-01 14:26:30', '127.0.0.1', 'Inicio de Sesion', 'inicio'),
(94, 1, '2020-09-02 07:54:53', '127.0.0.1', 'Inicio de Sesion', 'inicio'),
(95, 1, '2020-09-02 17:08:01', '127.0.0.1', 'Inicio de Sesion', 'inicio'),
(96, 1, '2020-09-03 06:46:54', '127.0.0.1', 'Inicio de Sesion', 'inicio'),
(97, 1, '2020-09-03 13:55:42', '127.0.0.1', 'Inicio de Sesion', 'inicio'),
(98, 1, '2020-09-03 18:18:22', '127.0.0.1', 'Inicio de Sesion', 'inicio'),
(99, 1, '2020-09-04 08:03:24', '127.0.0.1', 'Inicio de Sesion', 'inicio'),
(100, 1, '2020-09-04 08:09:29', '127.0.0.1', 'Registro del concepto de horas no cargables: Prueba David', 'tbl_concepto_horas_no_cargables'),
(101, 1, '2020-09-05 09:17:21', '127.0.0.1', 'Inicio de Sesion', 'inicio'),
(102, 1, '2020-09-05 10:52:10', '127.0.0.1', 'Inicio de Sesion', 'inicio'),
(103, 1, '2020-09-05 19:26:11', '127.0.0.1', 'Inicio de Sesion', 'inicio'),
(104, 1, '2020-09-05 22:52:23', '127.0.0.1', 'Inicio de Sesion', 'inicio'),
(105, 1, '2020-09-06 07:39:11', '127.0.0.1', 'Inicio de Sesion', 'inicio'),
(106, 1, '2020-09-07 11:16:20', '127.0.0.1', 'Inicio de Sesion', 'inicio'),
(107, 1, '2020-09-07 19:34:55', '127.0.0.1', 'Inicio de Sesion', 'inicio'),
(108, 1, '2020-09-07 21:10:14', '127.0.0.1', 'Registro de de horas no cargables al usuario codigo: 0001', 'tbl_horas_no_cargables'),
(109, 1, '2020-09-07 22:28:27', '127.0.0.1', 'Inicio de Sesion', 'inicio'),
(110, 1, '2020-09-07 22:50:11', '127.0.0.1', 'Registro de de horas no cargables al usuario codigo: 0001', 'tbl_horas_no_cargables'),
(111, 1, '2020-09-07 22:54:53', '127.0.0.1', 'Registro de de horas no cargables al usuario codigo: 0001', 'tbl_horas_no_cargables'),
(112, 1, '2020-09-08 09:27:54', '127.0.0.1', 'Inicio de Sesion', 'inicio'),
(113, 1, '2020-09-08 09:48:18', '127.0.0.1', 'Registro de de horas no cargables al usuario codigo: 0001', 'tbl_horas_no_cargables'),
(114, 1, '2020-09-08 10:37:50', '127.0.0.1', 'Registro de de horas no cargables al usuario codigo: 0001', 'tbl_horas_no_cargables'),
(115, 1, '2020-09-08 11:09:30', '127.0.0.1', 'Registro de de horas no cargables al usuario codigo: 0001', 'tbl_horas_no_cargables'),
(116, 1, '2020-09-10 13:53:59', '127.0.0.1', 'Inicio de Sesion', 'inicio'),
(117, 1, '2020-09-10 16:22:56', '127.0.0.1', 'Inicio de Sesion', 'inicio'),
(118, 1, '2020-09-10 19:46:14', '127.0.0.1', 'Inicio de Sesion', 'inicio'),
(119, 1, '2020-09-11 13:32:00', '127.0.0.1', 'Inicio de Sesion', 'inicio'),
(120, 1, '2020-09-11 13:56:00', '127.0.0.1', 'Registro de de horas no cargables al usuario codigo: 0001', 'tbl_horas_no_cargables'),
(121, 1, '2020-09-11 18:57:32', '127.0.0.1', 'Inicio de Sesion', 'inicio'),
(122, 1, '2020-09-11 20:28:02', '127.0.0.1', 'Registro de de horas no cargables al usuario codigo: 0001', 'tbl_horas_no_cargables'),
(123, 1, '2020-09-11 20:29:49', '127.0.0.1', 'Registro de de horas no cargables al usuario codigo: 0001', 'tbl_horas_no_cargables'),
(124, 1, '2020-09-11 21:04:45', '127.0.0.1', 'Registro de de horas no cargables al usuario codigo: 0001', 'tbl_horas_no_cargables'),
(125, 1, '2020-09-11 21:05:23', '127.0.0.1', 'Registro de de horas no cargables al usuario codigo: 0001', 'tbl_horas_no_cargables'),
(126, 1, '2020-09-11 21:10:30', '127.0.0.1', 'Registro de de horas no cargables al usuario codigo: 0001', 'tbl_horas_no_cargables'),
(127, 1, '2020-09-11 21:41:28', '127.0.0.1', 'Registro de de horas no cargables al usuario codigo: 0001', 'tbl_horas_no_cargables'),
(128, 1, '2020-09-11 22:00:27', '127.0.0.1', 'Registro de de horas no cargables al usuario codigo: 0001', 'tbl_horas_no_cargables'),
(129, 1, '2020-09-11 22:05:58', '127.0.0.1', 'Registro de de horas no cargables al usuario codigo: 0001', 'tbl_horas_no_cargables'),
(130, 1, '2020-09-12 13:29:32', '127.0.0.1', 'Inicio de Sesion', 'inicio'),
(131, 1, '2020-09-12 14:04:32', '127.0.0.1', 'Registro de de horas no cargables al usuario codigo: 0001', 'tbl_horas_no_cargables'),
(132, 1, '2020-09-12 14:05:09', '127.0.0.1', 'Registro de de horas no cargables al usuario codigo: 0001', 'tbl_horas_no_cargables'),
(133, 1, '2020-09-12 14:06:08', '127.0.0.1', 'Registro de de horas no cargables al usuario codigo: 0001', 'tbl_horas_no_cargables'),
(134, 1, '2020-09-12 14:44:20', '127.0.0.1', 'Registro de de horas no cargables al usuario codigo: 0001', 'tbl_horas_no_cargables'),
(135, 1, '2020-09-12 15:35:32', '127.0.0.1', 'Registro de de horas no cargables al usuario codigo: 0001', 'tbl_horas_no_cargables'),
(136, 1, '2020-09-12 15:48:23', '127.0.0.1', 'Registro de de horas no cargables al usuario codigo: 0001', 'tbl_horas_no_cargables'),
(137, 1, '2020-09-12 19:49:21', '127.0.0.1', 'Inicio de Sesion', 'inicio'),
(138, 1, '2020-09-12 19:51:28', '127.0.0.1', 'Registro de de horas no cargables al usuario codigo: 0001', 'tbl_horas_no_cargables'),
(139, 1, '2020-09-12 19:53:05', '127.0.0.1', 'Registro de de horas no cargables al usuario codigo: 0001', 'tbl_horas_no_cargables'),
(140, 1, '2020-09-12 20:55:11', '127.0.0.1', 'Registro de de horas no cargables al usuario codigo: 0001', 'tbl_horas_no_cargables'),
(141, 1, '2020-09-12 20:56:48', '127.0.0.1', 'Registro de de horas no cargables al usuario codigo: 0001', 'tbl_horas_no_cargables'),
(142, 1, '2020-09-12 20:58:04', '127.0.0.1', 'Registro de de horas no cargables al usuario codigo: 0001', 'tbl_horas_no_cargables'),
(143, 1, '2020-09-13 14:45:35', '127.0.0.1', 'Inicio de Sesion', 'inicio'),
(144, 1, '2020-09-15 07:04:38', '127.0.0.1', 'Inicio de Sesion', 'inicio'),
(145, 1, '2020-09-15 14:05:42', '127.0.0.1', 'Inicio de Sesion', 'inicio'),
(146, 1, '2020-09-15 15:24:28', '127.0.0.1', 'Inicio de Sesion', 'inicio'),
(147, 1, '2020-09-15 15:28:09', '127.0.0.1', 'Registro de de horas no cargables al usuario codigo: 0001', 'tbl_horas_no_cargables'),
(148, 1, '2020-09-15 15:49:58', '127.0.0.1', 'Registro de de horas no cargables al usuario codigo: 0001', 'tbl_horas_no_cargables'),
(149, 1, '2020-09-15 15:50:52', '127.0.0.1', 'Registro de de horas no cargables al usuario codigo: 0001', 'tbl_horas_no_cargables'),
(150, 1, '2020-09-16 09:53:39', '127.0.0.1', 'Inicio de Sesion', 'inicio'),
(151, 1, '2020-09-17 08:54:39', '127.0.0.1', 'Inicio de Sesion', 'inicio'),
(152, 1, '2020-09-18 10:02:03', '127.0.0.1', 'Inicio de Sesion', 'inicio'),
(153, 1, '2020-09-18 16:22:46', '127.0.0.1', 'Inicio de Sesion', 'inicio'),
(154, 127, '2020-09-18 17:53:07', '127.0.0.1', 'Inicio de Sesion', 'inicio'),
(155, 127, '2020-09-18 17:53:40', '127.0.0.1', 'Registro de de horas no cargables al usuario codigo: 11376', 'tbl_horas_no_cargables'),
(156, 1, '2020-09-18 18:01:12', '127.0.0.1', 'Inicio de Sesion', 'inicio'),
(157, 1, '2020-09-18 18:01:38', '127.0.0.1', 'Registro de de horas no cargables al usuario codigo: 0001', 'tbl_horas_no_cargables'),
(158, 1, '2020-09-18 20:58:02', '127.0.0.1', 'Inicio de Sesion', 'inicio'),
(159, 1, '2020-09-18 22:08:17', '127.0.0.1', 'Registro de de horas no cargables al usuario codigo: 0001', 'tbl_horas_no_cargables'),
(160, 1, '2020-09-18 22:40:30', '127.0.0.1', 'Registro del proyecto: PROYECTO 2020-09-18. Cliente: DISTRIBUIDORA AMAZONIA 1134, C.A.', 'tbl_proyecto'),
(161, 1, '2020-09-18 23:08:07', '127.0.0.1', 'Registro del proyecto: ADSDSA. Cliente: DISTRIBUIDORA AMAZONIA 1134, C.A.', 'tbl_proyecto'),
(162, 1, '2020-09-21 07:21:42', '127.0.0.1', 'Inicio de Sesion', 'inicio'),
(163, 1, '2020-09-22 10:27:24', '127.0.0.1', 'Inicio de Sesion', 'inicio'),
(164, 1, '2020-09-24 21:33:50', '127.0.0.1', 'Inicio de Sesion', 'inicio'),
(165, 1, '2020-09-25 10:18:13', '127.0.0.1', 'Inicio de Sesion', 'inicio'),
(166, 1, '2020-09-25 17:24:21', '127.0.0.1', 'Modificacion del proyecto: PROYECTO 2020-09-18. Cliente: DISTRIBUIDORA AMAZONIA 1134, C.A.', 'tbl_proyecto'),
(167, 1, '2020-09-25 17:28:15', '127.0.0.1', 'Modificacion del proyecto: PROYECTO 2020-09-18. Cliente: DISTRIBUIDORA AMAZONIA 1134, C.A.', 'tbl_proyecto'),
(168, 1, '2020-09-25 17:30:31', '127.0.0.1', 'Modificacion del proyecto: PROYECTO 2020-09-18. Cliente: DISTRIBUIDORA AMAZONIA 1134, C.A.', 'tbl_proyecto'),
(169, 1, '2020-09-25 17:31:01', '127.0.0.1', 'Modificacion del proyecto: PROYECTO 2020-09-18. Cliente: DISTRIBUIDORA AMAZONIA 1134, C.A.', 'tbl_proyecto'),
(170, 1, '2020-09-25 17:38:07', '127.0.0.1', 'Modificacion del proyecto: PROYECTO 2020-09-188. Cliente: DISTRIBUIDORA AMAZONIA 1134, C.A.', 'tbl_proyecto'),
(171, 1, '2020-09-25 17:38:29', '127.0.0.1', 'Modificacion del proyecto: PROYECTO 2020-09-188. Cliente: DISTRIBUIDORA AMAZONIA 1134, C.A.', 'tbl_proyecto'),
(172, 1, '2020-09-25 17:38:51', '127.0.0.1', 'Modificacion del proyecto: PROYECTO 2020-09-188. Cliente: DISTRIBUIDORA AMAZONIA 1134, C.A.', 'tbl_proyecto'),
(173, 1, '2020-09-25 17:49:17', '127.0.0.1', 'Registro del proyecto: PROYECTO PRUEBA 1. Cliente: SERVICIOS GZ', 'tbl_proyecto'),
(174, 1, '2020-09-25 17:50:30', '127.0.0.1', 'Modificacion del proyecto: PROYECTO PRUEBA 1. Cliente: SERVICIOS GZ', 'tbl_proyecto'),
(175, 1, '2020-09-25 17:51:12', '127.0.0.1', 'Modificacion del proyecto: PROYECTO PRUEBA 1. Cliente: SERVICIOS GZ', 'tbl_proyecto'),
(176, 1, '2020-09-25 17:51:47', '127.0.0.1', 'Modificacion del proyecto: PROYECTO PRUEBA 1. Cliente: SERVICIOS GZ', 'tbl_proyecto'),
(177, 1, '2020-09-25 17:56:34', '127.0.0.1', 'Modificacion del proyecto: PROYECTO PRUEBA 1. Cliente: SERVICIOS GZ', 'tbl_proyecto'),
(178, 1, '2020-09-25 17:57:53', '127.0.0.1', 'Modificacion del proyecto: PROYECTO PRUEBA 1. Cliente: SERVICIOS GZ', 'tbl_proyecto'),
(179, 1, '2020-09-25 17:59:21', '127.0.0.1', 'Modificacion del proyecto: PROYECTO PRUEBA 1. Cliente: SERVICIOS GZ', 'tbl_proyecto'),
(180, 1, '2020-09-25 18:00:44', '127.0.0.1', 'Modificacion del proyecto: PROYECTO PRUEBA 1. Cliente: SERVICIOS GZ', 'tbl_proyecto'),
(181, 1, '2020-09-25 18:02:11', '127.0.0.1', 'Modificacion del proyecto: PROYECTO PRUEBA 1. Cliente: SERVICIOS GZ', 'tbl_proyecto'),
(182, 1, '2020-09-25 18:03:47', '127.0.0.1', 'Modificacion del proyecto: PROYECTO PRUEBA 1. Cliente: SERVICIOS GZ', 'tbl_proyecto'),
(183, 1, '2020-09-25 18:04:08', '127.0.0.1', 'Modificacion del proyecto: PROYECTO PRUEBA 1. Cliente: SERVICIOS GZ', 'tbl_proyecto'),
(184, 1, '2020-09-25 18:05:04', '127.0.0.1', 'Modificacion del proyecto: PROYECTO PRUEBA 1. Cliente: SERVICIOS GZ', 'tbl_proyecto'),
(185, 1, '2020-09-25 18:05:16', '127.0.0.1', 'Modificacion del proyecto: PROYECTO PRUEBA 1. Cliente: SERVICIOS GZ', 'tbl_proyecto'),
(186, 1, '2020-09-25 18:15:16', '127.0.0.1', 'Modificacion del proyecto: PROYECTO 1. Cliente: C. A. VENEZOLANA DE INDUSTRIAS MILITARES, CAVIM', 'tbl_proyecto'),
(187, 1, '2020-09-28 08:29:43', '127.0.0.1', 'Inicio de Sesion', 'inicio'),
(188, 1, '2020-09-29 07:56:49', '127.0.0.1', 'Inicio de Sesion', 'inicio'),
(189, 1, '2020-09-30 06:10:55', '127.0.0.1', 'Inicio de Sesion', 'inicio'),
(190, 1, '2020-09-30 20:46:37', '127.0.0.1', 'Inicio de Sesion', 'inicio'),
(191, 1, '2020-10-02 16:39:46', '127.0.0.1', 'Inicio de Sesion', 'inicio'),
(192, 1, '2020-10-03 10:13:06', '127.0.0.1', 'Inicio de Sesion', 'inicio'),
(193, 1, '2020-10-03 14:54:59', '127.0.0.1', 'Inicio de Sesion', 'inicio');

--
-- Disparadores `logs_auditoria`
--
DELIMITER $$
CREATE TRIGGER `logs_auditoria_AI` AFTER INSERT ON `logs_auditoria` FOR EACH ROW BEGIN
SET @usu = (SELECT id FROM logs.tbl_usuario ORDER BY id DESC LIMIT 1);
SET @clie = (SELECT id FROM logs.tbl_cliente ORDER BY id DESC LIMIT 1);
SET @fact = (SELECT id FROM logs.tbl_cliente_facturacion ORDER BY id DESC LIMIT 1);
SET @proy = (SELECT id FROM logs.tbl_proyecto ORDER BY id DESC LIMIT 1);
SET @proya = (SELECT id FROM logs.tbl_proyecto_analista ORDER BY id DESC LIMIT 1);
SET @horasc = (SELECT id FROM logs.tbl_horas_cargables ORDER BY id DESC LIMIT 1);
SET @concepto = (SELECT id FROM logs.tbl_concepto_horas_no_cargables ORDER BY id DESC LIMIT 1);
  IF NEW.accion LIKE '%Registro de Usuario Codigo%' THEN BEGIN
  	UPDATE logs.tbl_usuario SET usuario_id = NEW.usuario_id, fecha = NEW.fecha, direccion_ip = NEW.direccion_ip WHERE id = @usu;
    END; END IF;
   IF NEW.accion LIKE '%Modificacion del Usuario Codigo%' THEN BEGIN
  	UPDATE logs.tbl_usuario SET usuario_id = NEW.usuario_id, fecha = NEW.fecha, direccion_ip = NEW.direccion_ip WHERE id = @usu;
    END; END IF;
    IF NEW.accion LIKE '%Registro del cliente codigo%' THEN BEGIN
  	UPDATE logs.tbl_cliente SET usuario_id = NEW.usuario_id, fecha = NEW.fecha, direccion_ip = NEW.direccion_ip WHERE id = @clie;
    END; END IF;
    IF NEW.accion LIKE '%Modificacion del cliente%' THEN BEGIN
  	UPDATE logs.tbl_cliente SET usuario_id = NEW.usuario_id, fecha = NEW.fecha, direccion_ip = NEW.direccion_ip WHERE id = @clie;
    END; END IF;
    IF NEW.accion LIKE '%Registro del proyecto%' THEN BEGIN
  	UPDATE logs.tbl_proyecto SET usuario_id = NEW.usuario_id, fecha = NEW.fecha, direccion_ip = NEW.direccion_ip WHERE id = @proy;
    END; END IF;
    IF NEW.accion LIKE '%Modificacion del proyecto%' THEN BEGIN
  	UPDATE logs.tbl_proyecto SET usuario_id = NEW.usuario_id, fecha = NEW.fecha, direccion_ip = NEW.direccion_ip WHERE id = @proy;
    END; END IF;
    IF NEW.accion LIKE '%Asignacion del analista codigo%' THEN BEGIN
  	UPDATE logs.tbl_proyecto_analista SET usuario_id = NEW.usuario_id, fecha = NEW.fecha, direccion_ip = NEW.direccion_ip WHERE id = @proya;
    END; END IF;
    IF NEW.accion LIKE '%Eliminacion del analista codigo%' THEN BEGIN
  	UPDATE logs.tbl_proyecto_analista SET usuario_id = NEW.usuario_id, fecha = NEW.fecha, direccion_ip = NEW.direccion_ip WHERE id = @proya;
    END; END IF;
    IF NEW.accion LIKE '%total de horas asignadas%' THEN BEGIN
  	UPDATE logs.tbl_proyecto_analista SET usuario_id = NEW.usuario_id, fecha = NEW.fecha, direccion_ip = NEW.direccion_ip WHERE id = @proya;
    END; END IF;
    IF NEW.accion LIKE '%Analista codigo%' THEN BEGIN
  	UPDATE logs.tbl_horas_cargables SET usuario_id = NEW.usuario_id, fecha = NEW.fecha, direccion_ip = NEW.direccion_ip WHERE id = @horasc;
    END; END IF;
    IF NEW.accion LIKE '%Modificacion de horas del usuario codigo%' THEN BEGIN
  	UPDATE logs.tbl_horas_cargables SET usuario_id = NEW.usuario_id, fecha = NEW.fecha, direccion_ip = NEW.direccion_ip WHERE id = @horasc;
    END; END IF;
    IF NEW.accion LIKE '%Registro del concepto de horas no cargables%' THEN BEGIN
  	UPDATE logs.tbl_concepto_horas_no_cargables SET usuario_id = NEW.usuario_id, fecha = NEW.fecha, direccion_ip = NEW.direccion_ip WHERE id = @concepto;
    END; END IF;
    IF NEW.accion LIKE '%Registro del detalle de facturacion del cliente%' THEN BEGIN
  	UPDATE logs.tbl_cliente_facturacion SET usuario_id = NEW.usuario_id, fecha = NEW.fecha, direccion_ip = NEW.direccion_ip WHERE id = @fact;
    END; END IF;
    IF NEW.accion LIKE '%Modificacion del detalle de facturacion del cliente%' THEN BEGIN
  	UPDATE logs.tbl_cliente_facturacion SET usuario_id = NEW.usuario_id, fecha = NEW.fecha, direccion_ip = NEW.direccion_ip WHERE id = @fact;
    END; END IF;
END
$$
DELIMITER ;

-- --------------------------------------------------------

--
-- Estructura de tabla para la tabla `tbl_cargo_empleado`
--

CREATE TABLE `tbl_cargo_empleado` (
  `id` int(11) NOT NULL,
  `descripcion` varchar(50) NOT NULL,
  `id_tipo_cargo` int(11) NOT NULL,
  `orden` int(11) NOT NULL,
  `id_estatus` int(11) NOT NULL
) ENGINE=InnoDB DEFAULT CHARSET=utf8;

--
-- Volcado de datos para la tabla `tbl_cargo_empleado`
--

INSERT INTO `tbl_cargo_empleado` (`id`, `descripcion`, `id_tipo_cargo`, `orden`, `id_estatus`) VALUES
(1, 'Contratado por horas', 1, 0, 1),
(2, 'Pasantes', 1, 0, 1),
(3, 'Asistente I', 1, 0, 1),
(4, 'Asistente II', 1, 0, 1),
(5, 'Asistente III', 1, 0, 1),
(6, 'Semi-Senior I', 1, 0, 1),
(7, 'Semi-Senior II', 1, 0, 1),
(8, 'Semi-Senior III', 1, 0, 1),
(9, 'Senior I', 1, 0, 1),
(10, 'Senior II', 1, 0, 1),
(11, 'Senior III', 1, 0, 1),
(12, 'Supervisor', 3, 0, 1),
(13, 'Gerente', 3, 0, 1),
(14, 'Gerente Senior', 3, 0, 1),
(15, 'Director', 3, 0, 1),
(16, 'Socio', 3, 0, 1),
(17, 'Acting Partner', 1, 0, 1),
(18, 'Asesor Legal', 1, 0, 1),
(19, 'Asistente de Socios', 2, 0, 1),
(20, 'Asistente de Gerentes', 2, 0, 1),
(21, 'Analista', 2, 0, 1),
(22, 'Chofer', 2, 0, 1),
(23, 'Supervisor de Mantenimiento', 2, 0, 1),
(24, 'Operaria de Mantenimiento', 2, 0, 1),
(25, 'Recepcionista', 2, 0, 1),
(26, 'Editora', 2, 0, 1),
(27, 'Analista Senior I', 2, 0, 1),
(28, 'Analista Senior II', 2, 0, 1),
(29, 'Analista Senior III', 2, 0, 1),
(30, 'Editora', 2, 0, 2),
(31, 'Asistente', 2, 0, 1),
(32, 'Asistente de Facturación y Cobranza', 2, 0, 1),
(33, 'Asistente Administrativo', 2, 0, 1),
(34, 'Soporte Técnico I', 2, 0, 1),
(35, 'Soporte Técnico II', 2, 0, 1),
(36, 'Soporte Técnico III', 2, 0, 1),
(37, 'Mensajero', 2, 0, 1),
(38, 'Recepcionista', 2, 0, 2),
(39, 'Pasante', 2, 0, 1),
(40, 'Trabajador Social', 2, 0, 1),
(41, 'Pasante Inces', 2, 0, 1),
(42, 'Asistente de Proyecto', 2, 0, 1);

-- --------------------------------------------------------

--
-- Estructura de tabla para la tabla `tbl_cargo_supervisa`
--

CREATE TABLE `tbl_cargo_supervisa` (
  `id` int(11) NOT NULL,
  `id_cargo` int(11) NOT NULL,
  `id_cargo_supervisor` int(11) NOT NULL
) ENGINE=InnoDB DEFAULT CHARSET=utf8mb4 COLLATE=utf8mb4_unicode_ci;

--
-- Volcado de datos para la tabla `tbl_cargo_supervisa`
--

INSERT INTO `tbl_cargo_supervisa` (`id`, `id_cargo`, `id_cargo_supervisor`) VALUES
(1, 1, 16),
(2, 2, 16),
(3, 3, 16),
(4, 4, 16),
(5, 5, 16),
(6, 6, 16),
(7, 7, 16),
(8, 8, 16),
(9, 9, 16),
(10, 10, 16),
(11, 11, 16),
(12, 12, 16),
(13, 13, 16),
(14, 14, 16),
(15, 15, 16),
(16, 17, 16),
(17, 18, 16),
(18, 19, 16),
(19, 20, 16),
(20, 21, 16),
(21, 22, 16),
(22, 23, 16),
(23, 24, 16),
(24, 25, 16),
(25, 26, 16),
(26, 27, 16),
(27, 28, 16),
(28, 29, 16),
(29, 30, 16),
(30, 31, 16),
(31, 32, 16),
(32, 33, 16),
(33, 34, 16),
(34, 35, 16),
(35, 36, 16),
(36, 37, 16),
(37, 38, 16),
(38, 39, 16),
(39, 40, 16),
(40, 41, 16),
(41, 42, 16),
(64, 1, 15),
(65, 2, 15),
(66, 3, 15),
(67, 4, 15),
(68, 5, 15),
(69, 6, 15),
(70, 7, 15),
(71, 8, 15),
(72, 9, 15),
(73, 10, 15),
(74, 11, 15),
(75, 12, 15),
(76, 13, 15),
(77, 14, 15),
(78, 18, 15),
(79, 19, 15),
(80, 20, 15),
(81, 21, 15),
(82, 22, 15),
(83, 23, 15),
(84, 24, 15),
(85, 25, 15),
(86, 26, 15),
(87, 27, 15),
(88, 28, 15),
(89, 29, 15),
(90, 30, 15),
(91, 31, 15),
(92, 32, 15),
(93, 33, 15),
(94, 34, 15),
(95, 35, 15),
(96, 36, 15),
(97, 37, 15),
(98, 38, 15),
(99, 39, 15),
(100, 40, 15),
(101, 41, 15),
(102, 42, 15),
(127, 1, 14),
(128, 2, 14),
(129, 3, 14),
(130, 4, 14),
(131, 5, 14),
(132, 6, 14),
(133, 7, 14),
(134, 8, 14),
(135, 9, 14),
(136, 10, 14),
(137, 11, 14),
(138, 12, 14),
(139, 13, 14),
(140, 18, 14),
(141, 19, 14),
(142, 20, 14),
(143, 21, 14),
(144, 22, 14),
(145, 23, 14),
(146, 24, 14),
(147, 25, 14),
(148, 26, 14),
(149, 27, 14),
(150, 28, 14),
(151, 29, 14),
(152, 30, 14),
(153, 31, 14),
(154, 32, 14),
(155, 33, 14),
(156, 34, 14),
(157, 35, 14),
(158, 36, 14),
(159, 37, 14),
(160, 38, 14),
(161, 39, 14),
(162, 40, 14),
(163, 41, 14),
(164, 42, 14),
(190, 1, 13),
(191, 2, 13),
(192, 3, 13),
(193, 4, 13),
(194, 5, 13),
(195, 6, 13),
(196, 7, 13),
(197, 8, 13),
(198, 9, 13),
(199, 10, 13),
(200, 11, 13),
(201, 12, 13),
(202, 18, 13),
(203, 19, 13),
(204, 20, 13),
(205, 21, 13),
(206, 22, 13),
(207, 23, 13),
(208, 24, 13),
(209, 25, 13),
(210, 26, 13),
(211, 27, 13),
(212, 28, 13),
(213, 29, 13),
(214, 30, 13),
(215, 31, 13),
(216, 32, 13),
(217, 33, 13),
(218, 34, 13),
(219, 35, 13),
(220, 36, 13),
(221, 37, 13),
(222, 38, 13),
(223, 39, 13),
(224, 40, 13),
(225, 41, 13),
(226, 42, 13),
(253, 1, 12),
(254, 2, 12),
(255, 3, 12),
(256, 4, 12),
(257, 5, 12),
(258, 6, 12),
(259, 7, 12),
(260, 8, 12),
(261, 9, 12),
(262, 10, 12),
(263, 11, 12),
(264, 18, 12),
(265, 19, 12),
(266, 20, 12),
(267, 21, 12),
(268, 22, 12),
(269, 23, 12),
(270, 24, 12),
(271, 25, 12),
(272, 26, 12),
(273, 27, 12),
(274, 28, 12),
(275, 29, 12),
(276, 30, 12),
(277, 31, 12),
(278, 32, 12),
(279, 33, 12),
(280, 34, 12),
(281, 35, 12),
(282, 36, 12),
(283, 37, 12),
(284, 38, 12),
(285, 39, 12),
(286, 40, 12),
(287, 41, 12),
(288, 42, 12);

-- --------------------------------------------------------

--
-- Estructura de tabla para la tabla `tbl_cliente`
--

CREATE TABLE `tbl_cliente` (
  `id` int(11) NOT NULL,
  `id_usuario_socio` int(11) NOT NULL,
  `codigo` int(11) DEFAULT NULL,
  `rif` varchar(15) NOT NULL,
  `nit` int(11) DEFAULT NULL,
  `razon_social` varchar(500) NOT NULL,
  `id_parroquia_fiscal` int(11) NOT NULL,
  `avenida_calle_fiscal` text CHARACTER SET utf8 COLLATE utf8_general_ci NOT NULL,
  `edificio_quinta_fiscal` text CHARACTER SET utf8 COLLATE utf8_general_ci,
  `piso_fiscal` varchar(50) CHARACTER SET utf8 COLLATE utf8_general_ci NOT NULL,
  `numero_fiscal` varchar(5) NOT NULL,
  `ciudad_fiscal` varchar(50) NOT NULL,
  `telefono_fiscal` varchar(20) NOT NULL,
  `pagina_web` varchar(250) CHARACTER SET utf8 COLLATE utf8_general_ci DEFAULT NULL,
  `email_fiscal` varchar(100) NOT NULL,
  `id_estatus` int(11) NOT NULL
) ENGINE=InnoDB DEFAULT CHARSET=utf8;

--
-- Volcado de datos para la tabla `tbl_cliente`
--

INSERT INTO `tbl_cliente` (`id`, `id_usuario_socio`, `codigo`, `rif`, `nit`, `razon_social`, `id_parroquia_fiscal`, `avenida_calle_fiscal`, `edificio_quinta_fiscal`, `piso_fiscal`, `numero_fiscal`, `ciudad_fiscal`, `telefono_fiscal`, `pagina_web`, `email_fiscal`, `id_estatus`) VALUES
(1, 7, NULL, 'G2000232325', NULL, 'Corporación CASA C.A.', 1124, 'Andrés Bello', 'Ministerio de Alimentación', '11', '', 'CARACAS', '(0212) - 255 5555', '', 'presidente@corporacioncasa.gob.ve', 1),
(2, 67, NULL, 'J312692740', NULL, 'Transporte Pakplaza,C.A.', 622, 'Av. Principal de la  Lomas Lagunita,  Irb. Lomas de la Lagunita', 'C.C. Lomas de la Lagunita', 'Piso 1', '', 'Caracas', '(0414) - 335 5077', '', 'pakplaza@gmail.com', 1),
(3, 67, NULL, 'J00019575', NULL, 'Industrias Farcometicas Asociados (Indufaras)', 611, 'Calle las Vegas, Zona Industrial  la Trinidad', 'Edificio Industrias Farcosmeticas', 'Piso 3', '', 'Caracas', '(0212) - 9454 711', '', 'indufaras@gmail.com', 1),
(4, 67, NULL, 'J000900957', NULL, 'Distribuidora IFA, C.A.', 762, 'Calle Marcano E/ Narvaez y Amador Hernandez ', 'Edificio Ezesot ', 'PB', '', 'Caracas', '(0412) - 3234 132', '', 'ifamercadeo@gmail.com', 1),
(5, 67, NULL, 'J400065399', NULL, 'Representaciones Cosper', 611, 'Calle las Vegas, Zona Industrial la Trinidad', 'Edificio IFA', 'Piso 3', '', 'Caracas', '(0412) - 3234 132', '', 'ifamercadeo@gmail.com', 1),
(6, 67, NULL, 'J400518008', NULL, 'Fondo Global de la Contruccion, C.A.', 619, 'Av. Tamanaco y Francisco de Miranda, El Rosal', 'Edificio Galipan torre B', 'Piso 4', '', 'Caracas', '(0212) - 9572 005', '', 'aguillermo@fgdcve.com', 1),
(7, 67, NULL, 'J401501001', NULL, 'M2 Paneles de Construccion, C.A.', 285, 'Carretera Nacional Los Guayos Sector Mozanquita, Valencia', 'Galpon 33', '-', '', 'Valencia', '(0212) - 9572 005', '', 'aguillermo@fgdcve.com', 1),
(8, 67, NULL, 'J400626412', NULL, 'Constructora Jaar, C.A.', 619, 'Av. Tamanaco y Francisco de Miranda, El Rosal', 'Edificio Galipan torre B', 'Piso 4', '', 'Caracas', '(0212) - 9572 005', '', 'aguillermo@fgdcve.com', 1),
(9, 67, NULL, 'J402997655', NULL, 'Consorcio Estructora Metalicas Modernas', 619, 'Av. Tamanaco y Francisco de Miranda, El Rosal', 'Edificio Galipan torre B', 'Piso 4', '', 'Caracas', '(0212) - 9572 005', '', 'aguillermo@fgdcve.com', 1),
(10, 67, NULL, 'J313550388', NULL, 'Nidec Motors Venezuela, S.A.', 526, 'Zona Industrial los Tanques, parcela 1, Villa de Cura', 'Edificio Nidec Motors Venezuela', 'PB', '', 'Caracas', '(0414) - 1267 638', '', 'ricardo.reyes@nidec-motor.com', 1),
(11, 67, NULL, 'J306842675', NULL, 'MercadoLibre Venezuela, S.R.L.', 619, 'AV. Eugenio Mendoza de la Castellana', 'Torre La Castellana', 'Piso 8', '', 'Caracas', '(0212) - 6306 000', '', 'ext_gbarrio@mercadolibre.com', 1),
(12, 67, NULL, 'J294782914', NULL, 'Venproca Venezolana de Proyectos, C.A.', 619, 'Av. Francisco de Miranda, El Rosal', 'Edificio Torre la Primera', 'Piso 13', '', 'Caracas', '(0416) - 2392 655', '', 'jgil@venproca.com', 1),
(13, 67, NULL, 'J411660752', NULL, 'Importadora Divinos & Destilados, C.A.', 611, 'Calle Bolivar, Urb. Baruta', 'Edificio Galpones', 'PB', '', 'Caracas', '(0414) - 2708 935', '', 'divinosydestilados@gmail.com', 1),
(14, 5002, 1451, 'J314087754', NULL, 'A.C. CONSULTORES UCAB', 1131, 'Avenida Intercomunal Antimano', 'Universidad Católica Andrés Bello Centro Loyola', '2', '', 'Caracas', '', '', '', 1),
(15, 5007, 1534, 'J000998345', NULL, 'ADMINISTRADORA CCCT', 229, 'Av. La Estancia con Calle Ernesto Blohm Chuao', 'Centro Comercial Ciudad Tamanaco', 'PB', '', 'Miranda', '', '', '', 1),
(16, 5002, 1020, 'J0002474327', NULL, 'ADMINISTRADORA CENTRO FINANCIERO LATINO, C.A.', 462, 'Av. Urdaneta Esquina de Animas a Plaza España', 'Edficio Centro Financiero Latino', '8', '', 'Caracas', '', '', '', 1),
(17, 5003, 1164, 'J002639632', NULL, 'ADMINISTRADORA HOTAL', 1131, 'Av. Washintong', 'Hotel Avila', 'PB', '', 'Caracas', '', '', '', 1),
(18, 5003, 2188, 'J308240486', NULL, 'AEROCLOSET, C.A.', 229, 'Av. La Estancia con Calle Ernesto Blohm Chuao', 'Centro Comercial Ciudad Tamanaco', '2', '', 'Miranda', '', '', '', 1),
(19, 5003, 2131, 'J075433548', NULL, 'AGENCIA GENERALES CONAVEN, C.A.', 151, 'Av- Orinoco', 'Edificio Torre Uno', '4', '', 'Miranda', '', '', '', 1),
(20, 5014, 2184, 'J312492414', NULL, 'AGROBIGOTT,C.A.', 1131, 'Av. Francisco de Miranda', 'Edificio BIGOTT', 'PB', '', 'Miranda', '', '', '', 1),
(21, 5002, 1868, 'J000599009', NULL, 'ANAYANSI, C.A.', 243, 'Calle Final calle 4 ', 'Urbanización Terrica Galpon', '3', '', 'Miranda', '', '', '', 1),
(22, 5007, 1906, 'J306991719', NULL, 'ARROBA SEGUROS SOCIEDAD DE CORRETAJE DE SEGUROS,C.A.', 1131, 'Av.Don Diego Cisneros ', 'Edifcio Siemens Torre Norte', '4', '', 'Miranda', '', '', '', 1),
(23, 5002, 1618, 'J001256970', NULL, 'AVICOLA DEL CENTRO C.A.', 46, 'Carretera Cua-San Casimiro ', 'Local', '49', '', 'Aragua', '', '', '', 1),
(24, 5002, 1617, 'J306515933', NULL, 'AVICOLA SANTA CRUZ, C.A. ', 40, 'Avenida 3', 'Urbanización Industrial Santa Cruz ', 'A5-1', '', 'Aragua', '', '', '', 1),
(25, 5007, 1064, 'J001708472', NULL, 'AVILA RAYOS X, C.A.', 142, 'Av. San Juan Bosco Con Sexta Tranversal', 'Edificio Clinica el Avila', '2', '', 'Miranda', '', '', '', 1),
(26, 5007, 1065, 'J000121940', NULL, 'AVILA SERVICIOS MEDICOS, C.A.', 142, 'Av. San Juan Bosco Con Sexta Tranversal', 'Edificio Clinica el Avila', '2', '', 'Miranda', '', '', '', 1),
(27, 29, 1409, 'J080066227', NULL, 'BANCO ACTIVO BANCO UNIVERSAL', 229, 'Av. Francisco de Miranda', 'Torre Europa', '12', '', 'Miranda', '', '', '', 1),
(28, 5002, 1738, 'G200057955', NULL, 'BANCO AGRICOLA DE VENEZUELA', 229, 'Av. Francisco de Miranda', 'Torre CAVENDES', '17', '', 'Miranda', '', '', '', 1),
(29, 5002, 1266, 'J304742029', NULL, 'BANCO DE COMERCIO EXTERIOR, C.A.', 1131, 'Calle Los Chaguaramos', 'Centro Gerencial Mohedano', '1', '', 'Miranda', '', '', '', 1),
(30, 5002, 1448, 'J313413615', NULL, 'BANCO DE EXPORTACION Y COMERCIO', 1131, 'Av. Casanova con Av. Las Acacias ', 'Torre Banhoriente', '11', '', 'Caracas', '', '', '', 1),
(31, 5002, 1654, 'G200099976', NULL, 'BANCO DE VENEZUELA, BANCO UNIVERSAL', 462, 'A. Universidad Esquina de Sociedad', 'Edificio Banco de Venezuela', '7', '', 'Caracas', '', '', '', 1),
(32, 5002, 1359, 'G200051876', NULL, 'BANCO DEL TESORO, C.A.', 1131, 'Calle Guaicaipuro', 'Torre Banco del Tesoro', '', '', 'Caracas', '', '', '', 1),
(33, 29, 1375, 'J002853018', NULL, 'BANESCO HOLDING, C.A.', 1131, 'Av. Principal de Bello Monte entre Calle Lincoln y Sorbona', 'Edifcio Ciudad Banesco', '3', '', 'Caracas', '', '', '', 1),
(34, 5007, 2138, 'G200096772', NULL, 'BOLSA PUBLICA DE VALORES BICENTENARIA', 229, 'Av. Francisco de Miranda', 'Torre Europa', 'Nivel C', '', 'Caracas', '', '', '', 1),
(35, 5014, 2182, 'J000067481', NULL, 'C.A. CIGARRERA BIGOTT SUCS', 1131, 'Av. Francisco de Miranda', 'Edificio BIGOTT', 'PB', '', 'Miranda', '', '', '', 1),
(36, 5002, 1874, 'J000048398', NULL, 'CAJA DE AHORRO BANVENEZ', 462, 'Av. Urdaneta Esquina de Veroes a Santa Capilla', 'Edificio Veros ', '4', '', 'Caracas', '', '', '', 1),
(37, 5002, 1962, 'J294280986', NULL, 'CALIFORNIA HOME FASHION, C.A.', 1131, 'Av. Andres Calle 4 con Calle 5', 'Quinta Vera', 'S/N', '', 'Caracas', '', '', '', 1),
(38, 5007, 1158, 'J001168281', NULL, 'CENTRO MEDICO LOIRA, C.A. ', 1131, 'Avenida Loira', 'Edificio Centro Médico Loira', 'PB', '', 'Caracas', '', '', '', 1),
(39, 5003, 2187, 'J001147853', NULL, 'CERAMICAS CARIBE, C.A.', 1131, 'Chivacoa  Ctra.Autopista Centro Occidental,Dtb Chivacoa Vía Nirgua', 'Local', 'S/N', '', 'Yaracuy', '', '', '', 1),
(40, 5002, 1019, 'J002726598', NULL, 'CONDOMINIO CENTRO FINANCIERO LATINO ', 462, 'Av. Urdaneta Esquina de Animas a Plaza España', 'Edficio Centro Financiero Latino', '8', '', 'Caracas', '', '', '', 1),
(41, 5014, 2109, 'J095003264', NULL, 'CONPROIND', 1131, 'Av. Rio Caura Con Rio Paragua', 'Edificio Piramide', '3', '', 'Miranda', '', '', '', 1),
(42, 5014, 2154, 'J003636916', NULL, 'CONSTRUCTORA NORBERTO ODEBRECHT, S.A', 1131, 'Avenida Rio Caura ', 'Edifcio Torre Humboldt', '10', '', 'Miranda', '', '', '', 1),
(43, 5003, 1978, 'J000963142', NULL, 'CONTINENTAL DE SISTEMAS Y MAQUINAS. C.A., CONTIMACA', 1131, 'Avenida Milan', 'Edificio CONTIMACA', '1', '', 'Miranda', '', '', '', 1),
(44, 5007, 1689, 'J001340769', NULL, 'CORAL', 1131, 'Calle la Limonera', 'Edicio LARCO', '1', '', 'Miranda', '', '', '', 1),
(45, 5014, 2166, 'J003082902', NULL, 'CORPORACION DELCOP, C.A.', 1131, 'Calle Las Vegas', 'Edificio DELCOP', '1', '', 'Miranda', '', '', '', 1),
(46, 5014, 2189, 'J409590577', NULL, 'DISTRIBUIDORA AMAZONIA 1134, C.A.', 1131, 'Calle Santa Ana', 'Edificio Centro Empresarial Boleita', '5', '', 'Miranda', '', '', '', 1),
(47, 5014, 2183, 'J302385490', NULL, 'DISTRIBUIDORA BIGOTT C.A.', 1131, 'Av. Francisco de Miranda', 'Edificio BIGOTT', 'PB', '', 'Miranda', '', '', '', 1),
(48, 5014, 2151, 'J409554635', NULL, 'DISTRIBUIDORA MACONDO 333, C.A.', 1131, 'Calle Santa Ana', 'Edificio Centro Empresarial Boleita', '5', '', 'Miranda', '', '', '', 1),
(49, 5002, 2178, 'J407514571', NULL, 'DP DELTA SERVICIOS, C.A.', 1131, 'Avenida Blandin', 'Edificio Torre Digitel', '15', '', 'Miranda', '', '', '', 1),
(50, 5002, 1983, 'J300388840', NULL, 'ESTUDIO MEDICO TOMOGRAF, C.A.', 1131, 'AvenidaLos Samanes Final Norte', 'Edificio Instituto Clinico la Florida', 'PB', '', 'Caracas', '', '', '', 1),
(51, 5002, 2171, 'J302455413', NULL, 'FARMACIA MEDITOTAL, C.A.', 1131, 'Avenida Costanera', 'Centro Empresarial Athenas', 'PB', '', 'Anzoategui', '', '', '', 1),
(52, 146, 1018, 'J002901322', 0, 'FINANCORP VALORES CASA DE BOLSA, C.A.', 1131, 'AV: MOHEDANO Y LOS CHAGUARAMOS', 'CENTRO COMERCIAL MOHEDANO', '12', '12', 'MIRANDA', '(0212) - 000 0000', NULL, 'correo@dominio.com', 1),
(53, 5014, 2097, 'J000143676', NULL, 'FSVEN INDUSTRIAL SOLUTIONS, S.A', 1131, 'Av.  Rio Paragua', 'Edificio Piramide', '3', '', 'Miranda', '', '', '', 1),
(54, 5002, 2181, 'J315820439', NULL, 'FUNDACIÓN ESPAÑA SALUD', 1131, 'Av. El Parque con Av. Andres Bello', 'Edificio Oficentro', 'PB', '', 'Caracas', '', '', '', 1),
(55, 5007, 2159, 'J000762627', NULL, 'GENIA CARE PHARMACEUTICAL, S.A', 1131, 'Calle Callejon Gutierrez ', 'Edificio EUROCIENCIA ', '1', '', 'Miranda', '', '', '', 1),
(56, 5007, 2160, 'J000681716', NULL, 'GENIA CARE, C.A.', 229, 'Av. Francisco de Miranda esquina con Av. El Parque', 'Torre Country', '4 y 5', '', 'Miranda', '', '', '', 1),
(57, 5007, 1648, 'J309264613', NULL, 'GLOBAL LEASING, C.A.', 1131, 'Calle Los Laboratorios', 'Edificio OFINCA', '5', '', 'Miranda', '', '', '', 1),
(58, 5002, 2186, 'J401443001', NULL, 'GPB NEFTEGAZ SERVICES B.V. SUCURSAL, C.A.', 1131, 'Av. Venezuela con Calle Sorocaima', 'Edificio ATRIUM', '3', '', 'Miranda', '', '', '', 1),
(59, 5002, 1614, 'J075168186', NULL, 'GRANJA ALCONCA, C.A.', 1131, 'Avenida 3', 'Urbanización Industrial Santa Cruz ', 'A5-1', '', 'Aragua', '', '', '', 1),
(60, 5002, 1615, 'J303834817', NULL, 'GRANJA MUCURITA, C.A. ', 1131, 'Avenida 3', 'Urbanización Industrial Santa Cruz ', 'A5-1', '', 'Aragua', '', '', '', 1),
(61, 5002, 1616, 'J075791215', NULL, 'GRUPO AVICOLA INTEGRADO DEL CENTRO,C.A.', 1131, 'Avenida 3', 'Urbanización Industrial Santa Cruz ', 'A5-1', '', 'Aragua', '', '', '', 1),
(62, 5007, 1283, 'J000683778', NULL, 'GRUPO MEDICO VARGAS, C.A.', 1131, 'Avenida Principal del Cafetal', 'Quinta Los Abuelos ', 'S/N', '', 'Miranda', '', '', '', 1),
(63, 5002, 1675, 'J296479461', NULL, 'GRUPO TUTICKET.COM,VE, C.A.', 1131, 'Avenida Sur ', 'Centro Empresarial Lagunita', '2', '', 'Miranda', '', '', '', 1),
(64, 5014, 1920, 'J295320795', NULL, 'IMAN GROUP, C.A.', 1131, 'Av.Don Diego Cisneros ', 'Edifcio Siemens Torre Norte', '4', '', 'Miranda', '', '', '', 1),
(65, 5007, 1996, 'J301183185', NULL, 'IMPORTADORA ACIPROSALUD, C.A.', 1131, 'Calle Alameda entre Av. Venezuela', 'Edificio FOLGANA', '1', '', 'Miranda', '', '', '', 1),
(66, 5002, 1496, 'J312605316', NULL, 'INDUSTRIA CONSOLIDADAS DE GASES ICG C,A', 243, 'Avenida Principal ', 'Urbanización Industrial Terninca Galpon', 'PB', '', 'Miranda', '', '', '', 1),
(67, 5002, 1179, 'J300706206', NULL, 'INDUSTRIAS CORPAÑAL,C.A.', 243, 'Avenida Principal ', 'Urbanización Industrial Guayabal Edificio Corpañal ', '12 y 13', '', 'Miranda', '', '', '', 1),
(68, 5014, 2091, 'J296507570', NULL, 'INDUSTRIAS DE CARTONAJE CRD, C.A.', 1131, ' Av. San Antonio', 'Sector Turmuso Galpon', 'C-2A', '', 'Miranda', '', '', '', 1),
(69, 5007, 1948, 'J000003890', NULL, 'INSTITUTO CLINICO LA FLORIDA ', 1131, 'AvenidaLos Samanes Final Norte', 'Edificio Instituto Clinico la Florida', 'PB', '', 'Caracas', '', '', '', 1),
(70, 5007, 1127, 'J307107030', NULL, 'INVERSIONES SERCAVILA 51, C.A.', 142, 'Av. San Juan Bosco Con Sexta Tranversal', 'Edificio Clinica el Avila', '2', '', 'Miranda', '', '', '', 1),
(71, 5003, 1554, 'J313305278', NULL, 'INVERSIONES VISTALPARQUE, C.A.', 1131, '1era Av. Urb.Santa Eduvigis ', 'Hotel Pestana', 'PB', '', 'Miranda', '', '', '', 1),
(72, 5007, 1066, 'J001798170', NULL, 'LABORATORIO AVILAB, C.A.', 142, 'Av. San Juan Bosco Con Sexta Tranversal', 'Edificio Clinica el Avila', '2', '', 'Miranda', '', '', '', 1),
(73, 5007, 1982, 'J003240001', NULL, 'LABORATORIO INSTITUTO CLINICO LA FLORIDA, C.A.', 1131, 'AvenidaLos Samanes Final Norte', 'Edificio Instituto Clinico la Florida', 'PB', '', 'Caracas', '', '', '', 1),
(74, 5002, 1873, 'J312694491', NULL, 'LACTEOS ANANKE, C.A.', 1131, 'Calle Bolivar ', 'Edificio QueneTyl', 'PB', '', 'Miranda', '', '', '', 1),
(75, 5002, 1960, 'J313169986', NULL, 'LENCERIA EL RECREO, C.A.', 1131, 'Av. Venezuela con Av. Bracamonte y Av. Crispulo Benites ', 'CC SAMBIL Sector Este', 'PB', '', 'Lara', '', '', '', 1),
(76, 5002, 1954, 'J400129346', NULL, 'LENCERIA HOGAR TORBES, C.A.', 1131, 'Av. Antonio José de Sucre  Sector Las Lomas ', 'CC SAMBIL ', 'Nivel Feria Forum Shops', '', 'Tachira', '', '', '', 1),
(77, 5002, 1956, 'J299204846', NULL, 'LENCERIA VIÑA VALENCIA, C.A.', 1131, 'Av. Carabobo con calle Uslar', 'Urbanización La Viña Quinta Chispita', 'PB', '', 'Carabobo', '', '', '', 1),
(78, 5007, 1904, 'J312911972', NULL, 'MAKLER ADMINISTRADORA DE RIESGOS, S.A.', 1131, 'Av.Don Diego Cisneros ', 'Edifcio Siemens Torre Norte', '4', '', 'Miranda', '', '', '', 1),
(79, 5007, 1905, 'J302911478', NULL, 'MAKLER SOCIEDAD DE CORRETAJE DE SEGUROS, C.A.', 1131, 'Av.Don Diego Cisneros ', 'Edifcio Siemens Torre Norte', '4', '', 'Miranda', '', '', '', 1),
(80, 5003, 1881, 'J300254925', NULL, 'MAXIMIZA CASA DE BOLSA, C.A.', 1131, 'Avenida Francisco de Miranda', 'Torre Europa', '3', '', 'Miranda', '', '', '', 1),
(81, 5007, 2165, 'J306842675', NULL, 'MERCADOLIBRE DE VENEZUELA', 1131, 'AV. Eugenio Mendoza de la Castellana', 'Torre La Castella', '8', '', 'Miranda', '', '', '', 1),
(82, 5002, 1357, 'G200035919', NULL, 'MERCADOS DE ALIMENTOS , C.A.(MERCAL)', 1131, 'AVENIDA FUERZAS ARMADAS', 'Edificio CVAL', '2', '', 'Caracas', '', '', '', 1),
(83, 5002, 1729, 'J313550388', NULL, 'NIDEC MOTOR VENEZUELA, S.A.', 1131, 'CR Zona Industrial Los Tanques ', 'Edificio Nidec Motor de Venezuela, S.A.', 'PB', '', 'Aragua', '', '', '', 1),
(84, 5002, 1530, 'J001097449', NULL, 'OPTICA CARONI, C.A.', 1131, ' calle Santa Clara', 'Edificio Bertolin', '2', '', 'Miranda', '', '', '', 1),
(85, 5002, 1505, 'J000950369', NULL, 'PETROLEOS DE VENEZUELA, S.A.', 1131, 'Av. Libertador con calle El Empalme ', 'Urb. La Campiña Edificio Petroleos de Venezuela Torres Este', 'PB', '', 'Caracas', '', '', '', 1),
(86, 5007, 1604, 'J000297908', NULL, 'POLICLINICA LAS MERCEDES, C.A.', 151, 'Avenida Principal de Las Merecedes', 'Edificio Policlinica las Mercedes', 'PB', '', 'Miranda', '', '', '', 1),
(87, 5014, 1817, 'J302202531', NULL, 'PROSEGUROS, S.A.', 1131, 'Avenida Francisco de Miranda con 4ta Avenida ', 'Edificio Torre PROSEGUROS', '6', '', 'Miranda', '', '', '', 1),
(88, 5007, 1984, 'J003390062', NULL, 'RADIODIAGNOSTICO LA FLORIDA, C.A.', 1131, 'AvenidaLos Samanes Final Norte', 'Edificio Instituto Clinico la Florida', 'PB', '', 'Caracas', '', '', '', 1),
(89, 5007, 1690, 'J000908320', NULL, 'REFRIMET INDUSTRIAL,C.A.', 1131, 'Calle la Limonera', 'Edicio LARCO', '1', '', 'Miranda', '', '', '', 1),
(90, 5003, 2114, 'J003285536', NULL, 'REPRESENTACIONES LABIN VE, S.A.', 1131, 'Calle Los Laboratorios ', 'Edifcio Beta', '1', '', 'Miranda', '', '', '', 1),
(91, 5003, 1285, 'J306649590', NULL, 'SERVICIOS GZ', 1131, 'Calle  LOS LABORATORIOS', 'Edificio OFINCA', '2', '', 'Miranda', '', '', '', 1),
(92, 5003, 1938, 'J403483302', NULL, 'SETA NAVIERA, C.A.', 1131, 'Esquina Puente Yanez ', 'Edificio BECO', '8', '', 'Caracas', '', '', '', 1),
(93, 5002, 1095, 'G200041315', NULL, 'SOCIEDAD NACIONAL DE GARANTIAS RECIPROCAS PARA LA MEDIANA Y PEQUEÑA INDUSTRIA, S.A. (SOGAMPI)', 1131, 'AVENIDA PRINCIPAL DE LOS CORTIJOS DE LOURDES', 'Centro Los Cortijos', 'PH', '', 'Miranda', '', '', '', 1),
(94, 5002, 2083, 'J300766454', NULL, 'STATERA CASA DE BOLSA', 1131, 'Av. Las Mercedes entre Guaicaipuro y Carabobo ', 'Torre FORUM', '15', '', 'Miranda', '', '', '', 1),
(95, 5007, 1613, 'J314853813', NULL, 'SUPER MAX, C.A.', 1131, 'Calle Santa Ana  Urb. Boleita Sur ', 'Edificio Centro Empresarial Boleita', '5', '', 'Miranda', '', '', '', 1),
(96, 5003, 1439, 'J000359148', NULL, 'TAUREL & CÍA SUCRS', 1131, 'Ciudad Center Calle Sanatorio del Avila', 'Torre F ', '2', '', 'Miranda', '', '', '', 1),
(97, 5002, 1605, 'J000122555', NULL, 'UNIVERSIDAD CATOLICA ANDRES BELLO', 462, 'Av. Intercomunal de Antimano', 'Edificios Centrales', '2', '', 'Caracas', '', '', '', 1),
(98, 146, 1936, 'J312309385', 0, 'VALORALTA CASA DE BOLSA', 1131, 'AV ROMULO GALLEGOS CON AV EL SAMAN', 'EDIFICIO TORRE VALORALTA II', 'PB', '0', 'MIRANDA', '(0212) - 000 0000', NULL, 'corre@dominio.com', 1),
(99, 5007, 1067, 'J000381976', NULL, 'VEN AMERICAN, C.A.', 1131, 'AVENIDA SUR 4 ', 'Edificio VEN AMERICAN', 'PB', '', 'Caracas', '', '', '', 1),
(100, 5002, 1958, 'J315056429', NULL, 'VENEZUELAN HOME FASHION HQ C.A.', 1131, 'Calle principal de Caricuao ', 'Edificio Telares de Palo Grande', 'PB', '', 'Caracas', '', '', '', 1),
(101, 5002, 1454, 'G200109963', NULL, 'C. A. VENEZOLANA DE INDUSTRIAS MILITARES, CAVIM', 151, 'Calle Jalisco', 'Edificio CAVIM', 'PB', '', 'Miranda', '', '', '', 1),
(102, 149, 2190, 'J301288670', 0, 'AGB PANAMERICANA DE VENEZUELA MEDICIÓN, S.A.', 612, 'AV. JOSÉ MARÍA VARGAS', 'EDF. TORRE DEL COLEGIO MÉDICO', '10', '0', 'CARACAS', '(0212) - 918 4100', 'valerie.prado@nielsen.com', 'valerie.prado@nielsen.com', 1),
(103, 146, 2191, 'J000122555', 0, 'UNIVERSIDAD CATÓLICA ANDRÉS BELLO (UCAB)', 1118, 'MONTALBÁN', 'RECTOTADO', '2', '21', 'CARACAS', '(0212) - 407 4490', 'www.ucab.edu.ve', 'jmayo@ucab.edu.ve', 1),
(104, 58, 2192, 'J000067481', 0, 'C.A. CIGARRERA BIGOTT, SUCS', 647, 'AVENIDA FRANCISCO DE MIRANDA', 'EDIFICIO BIGOTI', 'PB', '0', 'CARACAS', '(0212) - 203 7769', 'abigail_mendoza@bat.com', 'stefania_tassinari@bat.com', 1),
(105, 58, 2193, 'J302385490', 0, 'DISTRIBUIDORA BIGOTT, C.A.', 648, 'AVENIDA FRANCISCO DE MIRANDA', 'EDIFICIO BIGOTT', 'PB', '0', 'CARACAS', '(0212) - 203 7769', 'abigail_mendoza@bat.com', 'stefania_tassinari@bat.com', 1),
(106, 58, 2194, 'J312492414', 0, 'AGROBIGOTT, C.A.', 648, 'AVENIDA FRANCISCO DE MIRANDA', 'EDIFICIO BIGOTT', 'PB', '0', 'CARACAS', '(0212) - 203 7769', 'abigail_mendoza@bat.com', 'stefania_tassinari@bat.com', 1),
(107, 58, 2195, 'J002980265', 0, 'ATRIO SEGUROS, S.A.', 619, 'ENTRE AVENIDA ERNESTO BLOHM Y AVENIDA LA ESTANCIA', 'EDIF CENTRO BANAVEN TORRE A Y B', '4', '41', 'CARACAS', '(2126) - 298 000', 'hbustamante@atrioseguros.com', 'hbustamante@atrioseguros.com', 1),
(108, 149, 2196, 'J075102240', 0, 'SERVINAVE, C.A.', 1126, 'ESQUINA PUENTE YANEZ', 'EDIF. BECO', '4', '4', 'CARACAS', '(0212) - 572 9622', NULL, 'correo@dominio.com', 1),
(109, 144, 2197, 'J001682104', 0, 'DISTEPAL INDUSTRIAL, S.A.', 1119, 'CALLE PRINCIPAL DE RUIZ PINEDA', 'TELARES DE PALOS GRANDE', 'PB', '0', 'CARACAS', '(0212) - 993 1975', 'faltuve@amadecasa.com', 'faltuve@amadecasa.com', 1),
(110, 144, 2198, 'J00', 0, 'GRF CPA&ADVISORS', 619, 'C ARACAS', 'CARACAS', '1', '1', 'CARACAS', '(0212) - 500 500', 'GRF CPA&ADVISORS', 'rtrujillo@grfcpa.com', 1);

--
-- Disparadores `tbl_cliente`
--
DELIMITER $$
CREATE TRIGGER `tbl_cliente_AI` AFTER INSERT ON `tbl_cliente` FOR EACH ROW INSERT INTO logs.tbl_cliente(codigo, id_usuario_socio_nuevo, rif_nuevo, nit_nuevo, razon_social_nuevo, id_parroquia_fiscal_nuevo, avenida_calle_fiscal_nuevo, edificio_quinta_fiscal_nuevo, piso_fiscal_nuevo, ciudad_fiscal_nuevo, telefono_fiscal_nuevo, pagina_web_nuevo, email_fiscal_nuevo, id_estatus_nuevo) VALUES (NEW.codigo, NEW.id_usuario_socio,  NEW.rif, NEW.nit, NEW.razon_social, NEW.id_parroquia_fiscal, NEW.avenida_calle_fiscal, NEW.edificio_quinta_fiscal, NEW.piso_fiscal, NEW.ciudad_fiscal, NEW.telefono_fiscal, NEW.pagina_web, NEW.email_fiscal, NEW.id_estatus)
$$
DELIMITER ;
DELIMITER $$
CREATE TRIGGER `tbl_cliente_BU` BEFORE UPDATE ON `tbl_cliente` FOR EACH ROW INSERT INTO logs.tbl_cliente(codigo, id_usuario_socio, rif, nit, razon_social, id_parroquia_fiscal, avenida_calle_fiscal, edificio_quinta_fiscal, piso_fiscal, ciudad_fiscal, telefono_fiscal, pagina_web, email_fiscal, id_estatus, id_usuario_socio_nuevo, rif_nuevo, nit_nuevo, razon_social_nuevo, id_parroquia_fiscal_nuevo, avenida_calle_fiscal_nuevo, edificio_quinta_fiscal_nuevo, piso_fiscal_nuevo, ciudad_fiscal_nuevo, telefono_fiscal_nuevo, pagina_web_nuevo, email_fiscal_nuevo, id_estatus_nuevo) VALUES (NEW.codigo, OLD.id_usuario_socio, OLD.rif, OLD.nit, OLD.razon_social, OLD.id_parroquia_fiscal, OLD.avenida_calle_fiscal, OLD.edificio_quinta_fiscal, OLD.piso_fiscal, OLD.ciudad_fiscal, OLD.telefono_fiscal, OLD.pagina_web, OLD.email_fiscal, OLD.id_estatus, NEW.id_usuario_socio, NEW.rif, NEW.nit, NEW.razon_social, NEW.id_parroquia_fiscal, NEW.avenida_calle_fiscal, NEW.edificio_quinta_fiscal, NEW.piso_fiscal, NEW.ciudad_fiscal, NEW.telefono_fiscal, NEW.pagina_web, NEW.email_fiscal, NEW.id_estatus)
$$
DELIMITER ;

-- --------------------------------------------------------

--
-- Estructura de tabla para la tabla `tbl_cliente_facturacion`
--

CREATE TABLE `tbl_cliente_facturacion` (
  `id` bigint(20) UNSIGNED NOT NULL,
  `id_cliente` int(11) DEFAULT NULL,
  `id_proyecto` int(11) DEFAULT NULL,
  `id_parroquia_factura` int(11) DEFAULT NULL,
  `avenida_calle_factura` varchar(250) CHARACTER SET utf8mb4 COLLATE utf8mb4_unicode_ci DEFAULT NULL,
  `edificio_quinta_factura` varchar(25) CHARACTER SET utf8mb4 COLLATE utf8mb4_unicode_ci DEFAULT NULL,
  `piso_factura` varchar(3) CHARACTER SET utf8mb4 COLLATE utf8mb4_unicode_ci DEFAULT NULL,
  `numero_factura` varchar(5) CHARACTER SET utf8mb4 COLLATE utf8mb4_unicode_ci DEFAULT NULL,
  `ciudad_factura` varchar(50) CHARACTER SET utf8mb4 COLLATE utf8mb4_unicode_ci DEFAULT NULL,
  `telefono_factura` varchar(20) CHARACTER SET utf8mb4 COLLATE utf8mb4_unicode_ci DEFAULT NULL,
  `fax_factura` varchar(20) CHARACTER SET utf8mb4 COLLATE utf8mb4_unicode_ci DEFAULT NULL,
  `email_factura` varchar(100) CHARACTER SET utf8mb4 COLLATE utf8mb4_unicode_ci DEFAULT NULL,
  `id_estatus` int(11) DEFAULT NULL
) ENGINE=InnoDB DEFAULT CHARSET=utf8mb4 COLLATE=utf8mb4_unicode_ci;

--
-- Disparadores `tbl_cliente_facturacion`
--
DELIMITER $$
CREATE TRIGGER `tbl_cliente_facturacion_AI` AFTER INSERT ON `tbl_cliente_facturacion` FOR EACH ROW INSERT INTO logs.tbl_cliente_facturacion(id_facturacion, id_cliente_nuevo, id_proyecto_nuevo, id_parroquia_factura_nuevo, avenida_calle_factura_nuevo, edificio_quinta_factura_nuevo, piso_factura_nuevo, numero_factura_nuevo, ciudad_factura_nuevo, telefono_factura_nuevo, fax_factura_nuevo, email_factura_nuevo, id_estatus_nuevo) VALUES (NEW.id, NEW.id_cliente, NEW.id_proyecto, NEW.id_parroquia_factura, NEW.avenida_calle_factura, NEW.edificio_quinta_factura, NEW.piso_factura, NEW.numero_factura, NEW.ciudad_factura, NEW.telefono_factura, NEW.fax_factura, NEW.email_factura, NEW.id_estatus)
$$
DELIMITER ;
DELIMITER $$
CREATE TRIGGER `tbl_cliente_facturacion_BU` BEFORE UPDATE ON `tbl_cliente_facturacion` FOR EACH ROW INSERT INTO logs.tbl_cliente_facturacion(id_facturacion, id_cliente, id_proyecto, id_parroquia_factura, avenida_calle_factura, edificio_quinta_factura, piso_factura, numero_factura, ciudad_factura, telefono_factura, fax_factura, email_factura, id_estatus, id_cliente_nuevo, id_proyecto_nuevo, id_parroquia_factura_nuevo, avenida_calle_factura_nuevo, edificio_quinta_factura_nuevo, piso_factura_nuevo, numero_factura_nuevo, ciudad_factura_nuevo, telefono_factura_nuevo, fax_factura_nuevo, email_factura_nuevo, id_estatus_nuevo) VALUES (NEW.id, OLD.id_cliente, OLD.id_proyecto, OLD.id_parroquia_factura, OLD.avenida_calle_factura, OLD.edificio_quinta_factura, OLD.piso_factura, OLD.numero_factura, OLD.ciudad_factura, OLD.telefono_factura, OLD.fax_factura, OLD.email_factura, OLD.id_estatus, NEW.id_cliente, NEW.id_proyecto, NEW.id_parroquia_factura, NEW.avenida_calle_factura, NEW.edificio_quinta_factura, NEW.piso_factura, NEW.numero_factura, NEW.ciudad_factura, NEW.telefono_factura, NEW.fax_factura, NEW.email_factura, NEW.id_estatus)
$$
DELIMITER ;

-- --------------------------------------------------------

--
-- Estructura de tabla para la tabla `tbl_concepto_factura`
--

CREATE TABLE `tbl_concepto_factura` (
  `id` int(11) NOT NULL,
  `descripcion` varchar(30) CHARACTER SET utf8mb4 COLLATE utf8mb4_unicode_ci NOT NULL,
  `id_tipo_concepto_factura` int(11) NOT NULL,
  `id_estatus` int(11) NOT NULL
) ENGINE=InnoDB DEFAULT CHARSET=utf8mb4 COLLATE=utf8mb4_unicode_ci;

--
-- Volcado de datos para la tabla `tbl_concepto_factura`
--

INSERT INTO `tbl_concepto_factura` (`id`, `descripcion`, `id_tipo_concepto_factura`, `id_estatus`) VALUES
(1, 'Facturación', 1, 1),
(2, 'Gastos Rembolsables', 1, 1),
(3, 'Gastos No Presupuestados', 2, 1),
(4, 'Nota de Crédito', 3, 1),
(5, 'Otros Gastos (Comisiones)', 2, 1);

-- --------------------------------------------------------

--
-- Estructura de tabla para la tabla `tbl_concepto_horas_no_cargables`
--

CREATE TABLE `tbl_concepto_horas_no_cargables` (
  `id` int(11) NOT NULL,
  `descripcion` varchar(250) CHARACTER SET utf8mb4 COLLATE utf8mb4_unicode_ci NOT NULL,
  `id_estatus` int(11) NOT NULL
) ENGINE=InnoDB DEFAULT CHARSET=utf8mb4 COLLATE=utf8mb4_unicode_ci;

--
-- Volcado de datos para la tabla `tbl_concepto_horas_no_cargables`
--

INSERT INTO `tbl_concepto_horas_no_cargables` (`id`, `descripcion`, `id_estatus`) VALUES
(1, 'Vacaciones', 1),
(2, 'Permiso Actividades profesionales captación futuro cliente', 1),
(3, 'Disponible', 1),
(4, 'Pandemia', 1),
(5, 'Permiso', 1),
(6, 'Permiso Médico', 1),
(7, 'Permiso Universitario', 1),
(8, 'Reposo Médico', 1),
(9, 'Reunion de staff ', 1),
(10, 'Reunión de Staff Personal Directivo', 1),
(11, 'Seminarios Web Vía Zoom', 1),
(12, 'Talleres de Desarrollo Profesional', 1),
(13, 'Tareas administrativas Personal Profesional', 1),
(14, 'Feriado', 1),
(15, 'Personal de Administración (Sólo personal administrativo)', 1);

--
-- Disparadores `tbl_concepto_horas_no_cargables`
--
DELIMITER $$
CREATE TRIGGER `tbl_concepto_horas_no_cargables_AI` AFTER INSERT ON `tbl_concepto_horas_no_cargables` FOR EACH ROW INSERT INTO logs.tbl_concepto_horas_no_cargables(id_concepto, descripcion_nuevo, id_estatus_nuevo) VALUES (NEW.id, NEW.descripcion, NEW.id_estatus)
$$
DELIMITER ;

-- --------------------------------------------------------

--
-- Estructura de tabla para la tabla `tbl_configuracion`
--

CREATE TABLE `tbl_configuracion` (
  `id` int(11) NOT NULL,
  `nombre` varchar(50) NOT NULL,
  `valor` varchar(255) NOT NULL,
  `descripcion` varchar(255) NOT NULL
) ENGINE=InnoDB DEFAULT CHARSET=utf8;

--
-- Volcado de datos para la tabla `tbl_configuracion`
--

INSERT INTO `tbl_configuracion` (`id`, `nombre`, `valor`, `descripcion`) VALUES
(1, 'encrypt-key', '0123456789abcdef0123456789abcdef', 'Key de encriptación, generalmente empleada para encriptar y desencriptar valores del cliente al servidor como por ejemplo contraseña del login'),
(2, 'encrypt-iv', 'abcdef9876543210abcdef9876543210', 'IV de encriptación');

-- --------------------------------------------------------

--
-- Estructura de tabla para la tabla `tbl_contacto_usuario`
--

CREATE TABLE `tbl_contacto_usuario` (
  `id` int(11) NOT NULL,
  `id_usuario` int(11) NOT NULL,
  `correo_principal` varchar(255) NOT NULL,
  `correo_secundario` varchar(255) DEFAULT NULL,
  `telefono_principal` varchar(30) DEFAULT NULL,
  `telefono_secundario` varchar(30) DEFAULT NULL
) ENGINE=InnoDB DEFAULT CHARSET=utf8;

--
-- Volcado de datos para la tabla `tbl_contacto_usuario`
--

INSERT INTO `tbl_contacto_usuario` (`id`, `id_usuario`, `correo_principal`, `correo_secundario`, `telefono_principal`, `telefono_secundario`) VALUES
(1, 1, 'dmolina101@gmail.com', '', '(0424) - 446 3739', NULL),
(2, 2, 'nathalie.lopez@crowe.com.ve', '', '', ''),
(3, 3, 'yesenia.martinez@crowe.com.ve', '', '', ''),
(4, 4, 'jesus.perez@crowe.com.ve', '', '', ''),
(5, 5, 'carol.lopez@crowe.com.ve', '', '', ''),
(6, 6, 'luz.fonseca@crowe.com.ve', '', '', ''),
(7, 7, 'arturo.madriz@crowe.com.ve', '', '', ''),
(8, 8, 'roman.scott@crowe.com.ve', '', '', ''),
(9, 9, 'oliver.paez@crowe.com.ve', '', '', ''),
(10, 10, 'jorge.gonzalez@crowe.com.ve', '', '', ''),
(11, 11, 'maria.sequeda@crowe.com.ve', '', '', ''),
(12, 12, 'yodelina.torres@crowe.com.ve', '', '', ''),
(13, 13, 'katherine.zurita@crowe.com.ve', '', '04241907404', '04243170363'),
(14, 14, 'mileidis.moreno@crowe.com.ve', '', '04241718118', ''),
(15, 15, 'francia.medina@crowe.com.ve', '', '04166947046', ''),
(16, 16, 'astrid.mendoza@crowe.com.ve', '', '04241652571', ''),
(17, 17, 'maria.tovar@crowe.com.ve', '', '02124829623', '04242473031'),
(18, 18, 'mariana.brito@crowe.com.ve', '', '04242902167', ''),
(19, 19, 'belkis.cortina@crowe.com.ve', '', '02124159553', '04164079713'),
(20, 20, 'lucrecia.silva@crowe.com.ve', '', '04264199217', ''),
(21, 21, 'normedy.parra@crowe.com.ve', '', '02125241716', '04120125384'),
(22, 22, 'josvelis.castillo@crowe.com.ve', '', '04148350920', '02123440542'),
(23, 23, 'luis.russian@crowe.com.ve', '', '04242602227', '02123395206'),
(24, 24, 'jonathan.azocar@crowe.com.ve', '', '02123774758', '04266373419'),
(25, 25, 'yerlenis.valderrama@crowe.com.ve', '', '04242950201', ''),
(26, 26, 'kleiver.corro@crowe.com.ve', '', '02124190028', '04129496868'),
(27, 27, 'maryuri.barazarte@crowe.com.ve', '', '02122444894', '04241839221'),
(28, 28, 'pedro.benitez@crowe.com.ve', '', '', ''),
(29, 29, 'dennys.flores@crowe.com.ve', '', '04160192302', ''),
(30, 30, 'genesis.marcano@crowe.com.ve', '', '02392482117', '04140209137'),
(31, 31, 'keilimar.suarez@crowe.com.ve', '', '04169281259', '02127459838'),
(32, 32, 'johanne.muñoz@crowe.com.ve', '', '04143155147', ''),
(33, 33, 'alfredo.hernandez@crowe.com.ve', '', '04127116777', ''),
(34, 34, 'raul.vargas@crowe.com.ve', '', '', ''),
(35, 35, 'shelcie.paz@crowe.com.ve', '', '02122583241', '04149084285'),
(36, 36, 'ladymar.morett@crowe.com.ve', '', '02124512556', '04261197245'),
(37, 37, 'anthony.garcia@crowe.com.ve', '', '04262130363', '04123840786'),
(38, 38, 'solmary.martinez@crowe.com.ve', '', '02123397992', '04129904281'),
(39, 39, 'jackeline.ramos@crowe.com.ve', '', '02126412375', '04168233236'),
(40, 40, 'belkis.vazquez@crowe.com.ve', '', '04262157178', ''),
(41, 41, 'yuzleibby.maldonado@crowe.com.ve', '', '04242194508', '02128703102'),
(42, 42, 'giovanni.corredor@crowe.com.ve', '', '04120102693', '02123472038'),
(43, 43, 'kleiver.cadenas@crowe.com.ve', '', '04143196616', '02122678468'),
(44, 44, 'ivette.orozco@crowe.com.ve', '', '04242613215', '02124341107'),
(45, 45, 'zunaya.wilches@crowe.com.ve', '', '04140316013', '02126135612'),
(46, 46, 'jesus.abraham@crowe.com.ve', '', '02123727075', '04242147829'),
(47, 47, 'jose.perozo@crowe.com.ve', '', '04262539113', ''),
(48, 48, 'roberto.villegas@crowe.com.ve', '', '02128703830', '04241762670'),
(49, 49, 'sandro.mayora@crowe.com.ve', '', '04123675678', '02125163034'),
(50, 50, 'eduardo.bastos@crowe.com.ve', '', '02129875898', '04241304353'),
(51, 51, 'vanessa.rojas@crowe.com.ve', '', '04147826035', ''),
(52, 52, 'carlos.revete@crowe.com.ve', '', '04242591419', ''),
(53, 53, 'vianney.rugeles@crowe.com.ve', '', '02124434371', '04129987473'),
(54, 54, 'edwin.burgos@crowe.com.ve', '', '04142871671', ''),
(55, 55, 'nombre.apellido@dominio.com', '', '02123637192', '04128584022'),
(56, 56, 'freddy.vargas@crowe.com.ve', '', '04241292285', ''),
(57, 57, 'yorman.rangel@crowe.com.ve', '', '', ''),
(58, 58, 'jose.utrera@crowe.com.ve', '', '', ''),
(59, 59, 'alejandro.lira@crowe.com.ve', '', '02126724819', '04142460103'),
(60, 60, 'yordalis.echarrys@crowe.com.ve', '', '04122932692', ''),
(61, 61, 'eliana.ponce@crowe.com.ve', '', '02125761138', '04149113335'),
(62, 62, 'stefany.gonzalez@crowe.com.ve', '', '04242085444', ''),
(63, 63, 'naivelys.altuve@crowe.com.ve', '', '04147914010', ''),
(64, 64, 'gabriela.gil@crowe.com.ve', '', '02126621812', '04262874127'),
(65, 65, 'orianna.alejos@crowe.com.ve', '', '02126689284', '04263158428'),
(66, 66, 'marynes.gonzalez@crowe.com.ve', '', '02124929084', '04242628459'),
(67, 67, 'eligio.mendoza@crowe.com.ve', '', '', ''),
(68, 68, 'marielvi.oller@crowe.com.ve', '', '', ''),
(69, 69, 'alba.navia@crowe.com.ve', '', '02127625333', '04242984865'),
(70, 70, 'nombre.apellido@dominio.com', '', '04141266489', '02128614414'),
(71, 71, 'yessica.rivas@crowe.com.ve', '', '02128750733', '04242677331'),
(72, 72, 'nombre.apellido@dominio.com', '', '04142119162', ''),
(73, 73, 'yda.chirinos@crowe.com.ve', '', '02125159794', '04241360393'),
(74, 74, 'nombre.apellido@dominio.com', '', '02126149790', '04143260002'),
(75, 75, 'nombre.apellido@dominio.com', '', '02123243797', '04122493721'),
(76, 76, 'nombre.apellido@dominio.com', '', '04125746284', ''),
(77, 77, 'nombre.apellido@dominio.com', '', '04122564514', ''),
(78, 78, 'nombre.apellido@dominio.com', '', '04142678216', ''),
(79, 79, 'nahomy.quintero@crowe.com.ve', '', '02127446051', '04241743888'),
(80, 80, 'maria.espina@crowe.com.ve', '', '0127304196', '04265131381'),
(81, 81, 'nombre.apellido@dominio.com', '', '04242696996', '04129217899'),
(82, 82, 'nombre.apellido@dominio.com', '', '04127098992', ''),
(83, 83, 'glender.cortez@crowe.com.ve', '', '04142190677', '02125321810'),
(84, 84, 'alberto.evies@crowe.com.ve', '', '02124335180', '04141057605'),
(85, 85, 'angela.aranea@crowe.com.ve', '', '02125153658', '04263046685'),
(86, 86, 'arturo.sosa@crowe.com.ve', '', '04241340102', ''),
(87, 87, 'adrian.perez@crowe.com.ve', '', '02128613428', '04128045133'),
(88, 88, 'elisa.pasero@crowe.com.ve', '', '04123688968', ''),
(89, 89, 'omar.marquez@crowe.com.ve', '', '', ''),
(90, 90, 'angelica.funes@crowe.com.ve', '', '02128583253', '04262905898'),
(91, 91, 'eslyn.rojas@crowe.com.ve', '', '04243443594', '02128084209'),
(92, 92, 'carmen.ochoa@crowe.com.ve', '', '04241495523', ''),
(93, 93, 'laura.rojas@crowe.com.ve', '', '', ''),
(94, 94, 'nombre.apellido@dominio.com', '', '04242258139', ''),
(95, 95, 'nombre.apellido@dominio.com', '', '', ''),
(96, 96, 'nombre.apellido@dominio.com', '', '04169397195', ''),
(97, 97, 'jose.machado@crowe.com.ve', '', NULL, NULL),
(98, 98, 'nombre.apellido@dominio.com', '', '', ''),
(99, 99, 'nombre.apellido@dominio.com', '', '', ''),
(100, 100, 'ana.castaño@crowe.com.ve', '', '02125716504', ''),
(101, 101, 'amayoisbi.garcia@crowe.com.ve', '', '04127013435', ''),
(102, 102, 'jennifer.chacon@crowe.com.ve', '', '04125897240', ''),
(103, 103, 'ignayari.mendoza@crowe.com.ve', '', '04129289923', ''),
(104, 104, 'reina.fajardo@crowe.com.ve', '', '04164269965', ''),
(105, 105, 'yolymer.mendoza@crowe.com.ve', '', '04149018276', '02126813348'),
(106, 106, 'nombre.apellido@dominio.com', '', '04129762870', ''),
(107, 107, 'adriana.guzman@crowe.com.ve', '', '02129412882', '04144549562'),
(108, 108, 'jose.estaba@crowe.com.ve', '', '02128602803', '04243389487'),
(109, 109, 'karina.perez@crowe.com.ve', '', '04265920655', ''),
(110, 110, 'zonny.garcia@crowe.com.ve', '', '04243138868', '02392252293'),
(111, 111, 'nombre.apellido@dominio.com', '', '04268870548', ''),
(112, 112, 'nombre.apellido@dominio.com', '', '04262166223', ''),
(113, 113, 'leonardo.lopez@crowe.com.ve', '', '04142598750', ''),
(114, 114, 'nombre.apellido@dominio.com', '', '02124818970', '04128259076'),
(115, 115, 'nombre.apellido@dominio.com', '', '02124518087', '04129576671'),
(116, 116, 'antonio.reyes@crowe.com.ve', '', '02122425335', '04141626367'),
(117, 117, 'nombre.apellido@dominio.com', '', '04241842688', ''),
(118, 118, 'freddy.perdomo@crowe.com.ve', '', '02129766425', '04144466147'),
(119, 119, 'fernando.rangel@crowe.com.ve', '', '04141782596', ''),
(120, 120, 'gelen.cardenas@crowe.com.ve', '', '02125767453', '04164654993'),
(121, 121, 'nombre.apellido@dominio.com', '', '02122373113', ''),
(122, 122, 'nombre.apellido@dominio.com', '', '02122373113', '04142081976'),
(123, 123, 'nombre.apellido@dominio.com', '', '04169322811', ''),
(124, 124, 'amelia.diaz@crowe.com.ve', '', '', ''),
(125, 125, 'emilio.leon@crowe.com.ve', '', '04166084971', '04241180197'),
(126, 126, 'gustavo.puchi@crowe.com.ve', '', '02124834655', '04122206492'),
(127, 127, 'alfio.saglimbeni@crowe.com.ve', '', '04168272679', ''),
(128, 128, 'arianna.matos@crowe.com.ve', '', '02123238208', '04169155523'),
(129, 129, 'ana.blandin@crowe.com.ve', '', '02124329839', '04241624237'),
(130, 130, 'oscar.piña@crowe.com.ve', '', '', ''),
(131, 131, 'nombre.apellido@dominio.com', '', '02128084742', '05247042110'),
(132, 132, 'duglimar.mendez@crowe.com.ve', '', '04162062192', ''),
(133, 133, 'sol.viana@crowe.com.ve', '', '02126316797', '04241469101'),
(134, 134, 'douglas.torrealba@crowe.com.ve', '', '04162094874', '04168000868'),
(135, 135, 'nombre.apellido@dominio.com', '', '04267528235', '02128715756'),
(136, 136, 'nombre.apellido@dominio.com', '', '04261396926', ''),
(137, 137, 'nombre.apellido@dominio.com', '', '04126305629', ''),
(138, 138, 'nombre.apellido@dominio.com', '', '04162139037', '02124909126'),
(139, 139, 'nombre.apellido@dominio.com', '', '02124329566', '04168175614'),
(140, 140, 'fredy.bautista@crowe.com.ve', '', '', ''),
(141, 141, 'nombre.apellido@dominio.com', '', '', ''),
(142, 142, 'barbara.zambrano@crowe.com.ve', '', '', ''),
(143, 143, 'mary.cruz@crowe.com.ve', '', '04249686614', '02869341430'),
(144, 144, 'sergio.marquez@crowe.com.ve', 'sergiofmarquezt@gmail.com', '(0414) - 907 0900', NULL),
(145, 145, 'nelson.marcano@crowe.com.ve', '', '(0412) - 019 5573', NULL),
(146, 146, 'samuel.marquez@crowe.com', 'smarquezt66@gmail.com', NULL, NULL),
(147, 147, 'antonio.dugarte@crowe.com.ve', '', '(0424) - 226 5723', NULL),
(148, 148, 'mirnangela.salaya@crowe.com.ve', '', '(0424) - 151 1028', NULL),
(149, 149, 'jose.marquez@crowe.com.ve', '', '(0414) - 255 4850', NULL),
(150, 150, 'freddy.perdomo2@crowe.com.ve', '', NULL, NULL),
(151, 151, 'robinson.aranguren@crowe.com.ve', '', '(0414) - 134 9727', NULL),
(152, 152, 'joseecker51@gmail.com', '', '(0414) - 101 7189', '(0414) - 263 8949'),
(153, 153, 'jhon.rondon@crowe.com.ve', 'eduardobarrera69@gmail.com', '(0412) - 318 6673', NULL);

-- --------------------------------------------------------

--
-- Estructura de tabla para la tabla `tbl_division`
--

CREATE TABLE `tbl_division` (
  `id` int(11) NOT NULL,
  `descripcion` varchar(50) NOT NULL,
  `id_estatus` int(11) NOT NULL
) ENGINE=InnoDB DEFAULT CHARSET=utf8;

--
-- Volcado de datos para la tabla `tbl_division`
--

INSERT INTO `tbl_division` (`id`, `descripcion`, `id_estatus`) VALUES
(1, 'Auditoría Externa', 1),
(2, 'Asesoría Tributaria', 1),
(3, 'Auditoría TI', 1),
(4, 'Outsourcing', 1),
(5, 'Consultoria y Auditoría Interna', 1),
(6, 'Business and Process Consulting', 1),
(7, 'Administración/Capital Humano', 1),
(8, 'Administración/Contabilidad', 1),
(9, 'Administración/Tesorería', 1),
(10, 'Administración/Contraloría', 1),
(11, 'Administración/Servicios Generales', 1),
(12, 'Administración/Edición', 1),
(13, 'Administración/Soporte Técnico', 1),
(14, 'Adiestramiento', 1),
(15, 'Pasantes Inces', 1),
(16, 'Conapdis', 1),
(17, 'Legal', 1),
(18, 'Servicios Profesionales (Puerto Ordaz)', 1),
(19, 'Administración', 1);

-- --------------------------------------------------------

--
-- Estructura de tabla para la tabla `tbl_estados`
--

CREATE TABLE `tbl_estados` (
  `id` int(11) NOT NULL,
  `estado` varchar(250) NOT NULL,
  `iso_3166-2` varchar(4) NOT NULL
) ENGINE=InnoDB DEFAULT CHARSET=utf8;

--
-- Volcado de datos para la tabla `tbl_estados`
--

INSERT INTO `tbl_estados` (`id`, `estado`, `iso_3166-2`) VALUES
(1, 'Amazonas', 'VE-X'),
(2, 'Anzoátegui', 'VE-B'),
(3, 'Apure', 'VE-C'),
(4, 'Aragua', 'VE-D'),
(5, 'Barinas', 'VE-E'),
(6, 'Bolívar', 'VE-F'),
(7, 'Carabobo', 'VE-G'),
(8, 'Cojedes', 'VE-H'),
(9, 'Delta Amacuro', 'VE-Y'),
(10, 'Falcón', 'VE-I'),
(11, 'Guárico', 'VE-J'),
(12, 'Lara', 'VE-K'),
(13, 'Mérida', 'VE-L'),
(14, 'Miranda', 'VE-M'),
(15, 'Monagas', 'VE-N'),
(16, 'Nueva Esparta', 'VE-O'),
(17, 'Portuguesa', 'VE-P'),
(18, 'Sucre', 'VE-R'),
(19, 'Táchira', 'VE-S'),
(20, 'Trujillo', 'VE-T'),
(21, 'La Guaira', 'VE-W'),
(22, 'Yaracuy', 'VE-U'),
(23, 'Zulia', 'VE-V'),
(24, 'Distrito Capital', 'VE-A'),
(25, 'Dependencias Federales', 'VE-Z');

-- --------------------------------------------------------

--
-- Estructura de tabla para la tabla `tbl_estatus`
--

CREATE TABLE `tbl_estatus` (
  `id` int(11) NOT NULL,
  `tabla` varchar(60) CHARACTER SET utf8 COLLATE utf8_general_ci NOT NULL,
  `valor` int(11) NOT NULL,
  `descripcion` varchar(50) NOT NULL
) ENGINE=InnoDB DEFAULT CHARSET=utf8;

--
-- Volcado de datos para la tabla `tbl_estatus`
--

INSERT INTO `tbl_estatus` (`id`, `tabla`, `valor`, `descripcion`) VALUES
(1, 'tbl_usuario', 1, 'activo'),
(2, 'tbl_usuario', 2, 'inactivo'),
(3, 'tbl_usuario', 3, 'de vacaciones'),
(4, 'tbl_usuario', 4, 'de reposo'),
(5, 'tbl_tipo_contacto', 1, 'activo'),
(6, 'tbl_tipo_contacto', 2, 'inactivo'),
(7, 'tbl_cargo_empleado', 1, 'activo'),
(8, 'tbl_cargo_empleado', 2, 'inactivo'),
(9, 'tbl_menu', 1, 'activo'),
(10, 'tbl_menu', 2, 'inactivo'),
(11, 'tbl_division', 1, 'activo'),
(12, 'tbl_division', 2, 'inactivo'),
(13, 'tbl_proyecto', 1, 'activo'),
(14, 'tbl_proyecto', 2, 'inactivo'),
(15, 'tbl_cliente', 1, 'activo'),
(16, 'tbl_cliente', 2, 'inactivo'),
(17, 'tbl_concepto_horas_no_cargables', 1, 'Activo'),
(18, 'tbl_concepto_horas_no_cargables', 2, 'Inactivo'),
(19, 'tbl_horas_no_cargables', 1, 'Por Aprobar'),
(20, 'tbl_horas_no_cargables', 2, 'Aprobada'),
(21, 'tbl_horas_no_cargables', 3, 'No Aprobada'),
(22, 'tbl_concepto_factura', 1, 'activo'),
(23, 'tbl_concepto_factura', 2, 'inactivo'),
(24, 'tbl_factura_proycecto', 1, 'activo'),
(25, 'tbl_factura_proycecto', 2, 'inactivo'),
(26, 'tbl_horas_no_cargables', 4, 'Eliminada');

-- --------------------------------------------------------

--
-- Estructura de tabla para la tabla `tbl_estatus_login_denegado`
--

CREATE TABLE `tbl_estatus_login_denegado` (
  `id_estatus` int(11) NOT NULL
) ENGINE=InnoDB DEFAULT CHARSET=utf8 COMMENT='Estatus de usuario los cuales no se les permite el acceso';

--
-- Volcado de datos para la tabla `tbl_estatus_login_denegado`
--

INSERT INTO `tbl_estatus_login_denegado` (`id_estatus`) VALUES
(2),
(3),
(4);

-- --------------------------------------------------------

--
-- Estructura de tabla para la tabla `tbl_factura_proyecto`
--

CREATE TABLE `tbl_factura_proyecto` (
  `id` int(11) NOT NULL,
  `id_proyecto` int(11) NOT NULL,
  `concepto` text COLLATE utf8mb4_unicode_ci NOT NULL,
  `id_concepto_factura` int(11) NOT NULL,
  `numero_factura` varchar(20) CHARACTER SET utf8mb4 COLLATE utf8mb4_unicode_ci NOT NULL,
  `monto_factura` decimal(25,2) NOT NULL,
  `numero_control` varchar(20) CHARACTER SET utf8mb4 COLLATE utf8mb4_unicode_ci NOT NULL,
  `observaciones` text CHARACTER SET utf8mb4 COLLATE utf8mb4_unicode_ci,
  `fecha_factura` date NOT NULL,
  `fecha_cobro_factura` date DEFAULT NULL,
  `fecha_registro` date NOT NULL,
  `id_facturador` int(11) NOT NULL,
  `id_estatus` int(11) NOT NULL
) ENGINE=InnoDB DEFAULT CHARSET=utf8mb4 COLLATE=utf8mb4_unicode_ci;

-- --------------------------------------------------------

--
-- Estructura de tabla para la tabla `tbl_horas_cargables`
--

CREATE TABLE `tbl_horas_cargables` (
  `id` int(11) NOT NULL,
  `id_proy_analista` int(11) NOT NULL,
  `fecha` date NOT NULL,
  `descripcion` varchar(250) CHARACTER SET utf8mb4 COLLATE utf8mb4_unicode_ci DEFAULT NULL,
  `horas_trabajadas` varchar(5) COLLATE utf8mb4_unicode_ci NOT NULL
) ENGINE=InnoDB DEFAULT CHARSET=utf8mb4 COLLATE=utf8mb4_unicode_ci;

--
-- Volcado de datos para la tabla `tbl_horas_cargables`
--

INSERT INTO `tbl_horas_cargables` (`id`, `id_proy_analista`, `fecha`, `descripcion`, `horas_trabajadas`) VALUES
(7, 33, '2020-08-20', 'PREPARACION DE CARTAS DE REQUERIMIENTOS', '2'),
(9, 36, '2020-07-01', 'SERVICIO DE ANALISIS CONTABLE PRESTADO', '5'),
(10, 39, '2020-07-01', 'SUPERVISION DE ACTIVIDADES CONTABLES, RECLASIFICACIONES,AJUSTES DE CONTABILIDAD', '5'),
(11, 38, '2020-07-01', 'ANALISIS CONTABLE, RECLASIFICACION Y AJUSTE', '5'),
(12, 10, '2020-07-22', 'BANCO AGRÍCOLA DE VENEZUELA AUDITORÍA AL 30 DE JUNIO DE 2020', '8'),
(13, 10, '2020-07-23', 'BANCO AGRÍCOLA DE VENEZUELA AUDITORÍA AL 30 DE JUNIO DE 2020', '8'),
(14, 10, '2020-07-27', 'BANCO AGRÍCOLA DE VENEZUELA AUDITORÍA AL 30 DE JUNIO DE 2020', '8'),
(15, 10, '2020-07-28', 'BANCO AGRÍCOLA DE VENEZUELA AUDITORÍA AL 30 DE JUNIO DE 2020', '7'),
(16, 10, '2020-07-29', 'BANCO AGRÍCOLA DE VENEZUELA AUDITORÍA AL 30 DE JUNIO DE 2020', '8'),
(17, 10, '2020-07-30', 'BANCO AGRÍCOLA DE VENEZUELA AUDITORÍA AL 30 DE JUNIO DE 2020', '8'),
(18, 10, '2020-07-31', 'BANCO AGRÍCOLA DE VENEZUELA AUDITORÍA AL 30 DE JUNIO DE 2020', '8'),
(19, 10, '2020-08-04', 'BANCO AGRÍCOLA DE VENEZUELA AUDITORÍA AL 30 DE JUNIO DE 2020', '8'),
(20, 10, '2020-08-05', 'BANCO AGRÍCOLA DE VENEZUELA AUDITORÍA AL 30 DE JUNIO DE 2020', '8'),
(21, 10, '2020-08-06', 'BANCO AGRÍCOLA DE VENEZUELA AUDITORÍA AL 30 DE JUNIO DE 2020', '8'),
(22, 10, '2020-08-07', 'BANCO AGRÍCOLA DE VENEZUELA AUDITORÍA AL 30 DE JUNIO DE 2020', '8'),
(23, 10, '2020-08-10', 'BANCO AGRÍCOLA DE VENEZUELA AUDITORÍA AL 30 DE JUNIO DE 2020', '8'),
(24, 10, '2020-08-11', 'BANCO AGRÍCOLA DE VENEZUELA AUDITORÍA AL 30 DE JUNIO DE 2020', '8'),
(25, 10, '2020-08-12', 'BANCO AGRÍCOLA DE VENEZUELA AUDITORÍA AL 30 DE JUNIO DE 2020', '8'),
(26, 10, '2020-08-13', 'BANCO AGRÍCOLA DE VENEZUELA AUDITORÍA AL 30 DE JUNIO DE 2020', '8'),
(27, 10, '2020-08-14', 'BANCO AGRÍCOLA DE VENEZUELA AUDITORÍA AL 30 DE JUNIO DE 2020', '8'),
(28, 10, '2020-08-17', 'BANCO AGRÍCOLA DE VENEZUELA AUDITORÍA AL 30 DE JUNIO DE 2020', '8'),
(29, 10, '2020-08-18', 'BANCO AGRÍCOLA DE VENEZUELA AUDITORÍA AL 30 DE JUNIO DE 2020', '8'),
(30, 10, '2020-08-19', 'BANCO AGRÍCOLA DE VENEZUELA AUDITORÍA AL 30 DE JUNIO DE 2020', '8'),
(31, 10, '2020-08-20', 'BANCO AGRÍCOLA DE VENEZUELA AUDITORÍA AL 30 DE JUNIO DE 2020', '8'),
(32, 10, '2020-08-21', 'BANCO AGRÍCOLA DE VENEZUELA AUDITORÍA AL 30 DE JUNIO DE 2020', '8'),
(33, 10, '2020-08-24', 'BANCO AGRÍCOLA DE VENEZUELA AUDITORÍA AL 30 DE JUNIO DE 2020', '8'),
(34, 10, '2020-08-25', 'BANCO AGRÍCOLA DE VENEZUELA AUDITORÍA AL 30 DE JUNIO DE 2020', '8'),
(35, 10, '2020-08-26', 'BANCO AGRÍCOLA DE VENEZUELA AUDITORÍA AL 30 DE JUNIO DE 2020', '8'),
(36, 10, '2020-08-27', 'BANCO AGRÍCOLA DE VENEZUELA AUDITORÍA AL 30 DE JUNIO DE 2020', '8'),
(37, 10, '2020-08-28', 'BANCO AGRÍCOLA DE VENEZUELA AUDITORÍA AL 30 DE JUNIO DE 2020', '8'),
(38, 39, '2020-07-02', 'SUPERVISIÓN DE ACTIVIDADES CONTABLES, RECLASIFICACIONES , AJUSTES DE CONTABILIDAD', '5'),
(39, 39, '2020-07-03', 'SUPERVISIÓN DE ACTIVIDADES CONTABLES, RECLASIFICACIONES , AJUSTES DE CONTABILIDAD', '5'),
(40, 39, '2020-07-06', 'SUPERVISIÓN DE ACTIVIDADES CONTABLES, RECLASIFICACIONES , AJUSTES DE CONTABILIDAD', '5'),
(41, 39, '2020-07-07', 'SUPERVISIÓN DE ACTIVIDADES CONTABLES, RECLASIFICACIONES , AJUSTES DE CONTABILIDAD', '5'),
(42, 39, '2020-07-08', 'SUPERVISIÓN DE ACTIVIDADES CONTABLES, RECLASIFICACIONES , AJUSTES DE CONTABILIDAD', '5'),
(43, 39, '2020-07-09', 'SUPERVISIÓN DE ACTIVIDADES CONTABLES, RECLASIFICACIONES , AJUSTES DE CONTABILIDAD', '5'),
(44, 39, '2020-07-10', 'SUPERVISIÓN DE ACTIVIDADES CONTABLES, RECLASIFICACIONES , AJUSTES DE CONTABILIDAD', '5'),
(45, 39, '2020-07-13', 'SUPERVISIÓN DE ACTIVIDADES CONTABLES, RECLASIFICACIONES , AJUSTES DE CONTABILIDAD', '5'),
(46, 39, '2020-07-14', 'SUPERVISIÓN DE ACTIVIDADES CONTABLES, RECLASIFICACIONES , AJUSTES DE CONTABILIDAD', '5'),
(47, 39, '2020-07-15', 'SUPERVISIÓN DE ACTIVIDADES CONTABLES, RECLASIFICACIONES , AJUSTES DE CONTABILIDAD', '5'),
(48, 39, '2020-07-16', 'SUPERVISIÓN DE ACTIVIDADES CONTABLES, RECLASIFICACIONES , AJUSTES DE CONTABILIDAD', '5'),
(49, 39, '2020-07-17', 'SUPERVISIÓN DE ACTIVIDADES CONTABLES, RECLASIFICACIONES , AJUSTES DE CONTABILIDAD', '5'),
(50, 6, '2020-07-01', 'AUDITORÍA A LOS ESTADOS FINANCIEROS 30 DE JUNIO 2020', '8'),
(51, 6, '2020-07-02', 'AUDITORÍA A LOS ESTADOS FINANCIEROS 30 DE JUNIO 2020', '8'),
(52, 6, '2020-07-03', 'AUDITORIA A LOS ESTADOS FINANCIEROS 30 DE JUNIO DE 2020', '8'),
(53, 38, '2020-07-02', 'ANALISIS CONTABLE, RECLASIFICACION Y AJUSTE CONTABLE', '5'),
(54, 38, '2020-07-03', 'ANALISIS CONTABLE, RECLASIFICACION Y AJUSTE CONTABLE', '5'),
(55, 38, '2020-07-06', 'ANALISIS CONTABLE, RECLASIFICACION Y AJUSTE CONTABLE', '5'),
(56, 38, '2020-07-07', 'ANALISIS CONTABLE, RECLASIFICACION Y AJUSTE CONTABLE', '5'),
(57, 38, '2020-07-08', 'ANALISIS CONTABLE, RECLASIFICACION Y AJUSTE CONTABLE', '5'),
(58, 38, '2020-07-09', 'ANALISIS CONTABLE, RECLASIFICACION Y AJUSTE CONTABLE', '5'),
(59, 38, '2020-07-10', 'ANALISIS CONTABLE, RECLASIFICACION Y AJUSTE CONTABLE', '5'),
(60, 38, '2020-07-13', 'ANALISIS CONTABLE, RECLASIFICACION Y AJUSTE CONTABLE', '5'),
(61, 38, '2020-07-14', 'ANALISIS CONTABLE, RECLASIFICACION Y AJUSTE CONTABLE', '5'),
(62, 37, '2020-07-01', 'ANÁLISIS DE CUENTAS CONTABLES', '5'),
(63, 38, '2020-07-15', 'ANALISIS CONTABLE, RECLASIFICACION Y AJUSTE CONTABLE', '5'),
(64, 38, '2020-07-16', 'ANALISIS CONTABLE, RECLASIFICACION Y AJUSTE CONTABLE', '5'),
(65, 38, '2020-07-17', 'ANALISIS CONTABLE, RECLASIFICACION Y AJUSTE CONTABLE', '5'),
(66, 37, '2020-07-02', 'ANÁLISIS DE PRESTAMOS BANCARIOS', '5'),
(67, 38, '2020-07-20', 'ANALISIS CONTABLE, RECLASIFICACION Y AJUSTE CONTABLE', '5'),
(68, 38, '2020-07-21', 'ANALISIS CONTABLE, RECLASIFICACION Y AJUSTE CONTABLE', '5'),
(69, 37, '2020-07-03', 'CONTABILIZACIÓN DE PRESTAMOS BANCARIOS', '5'),
(70, 38, '2020-07-22', 'ANALISIS CONTABLE, RECLASIFICACION Y AJUSTE CONTABLE', '5'),
(71, 38, '2020-07-23', 'ANALISIS CONTABLE, RECLASIFICACION Y AJUSTE CONTABLE', '5'),
(73, 38, '2020-07-27', 'ANALISIS CONTABLE, RECLASIFICACION Y AJUSTE CONTABLE', '5'),
(74, 38, '2020-07-28', 'ANALISIS CONTABLE, RECLASIFICACION Y AJUSTE CONTABLE', '5'),
(75, 38, '2020-07-29', 'ANALISIS CONTABLE, RECLASIFICACION Y AJUSTE CONTABLE', '5'),
(76, 38, '2020-07-30', 'ANALISIS CONTABLE, RECLASIFICACION Y AJUSTE CONTABLE', '5'),
(77, 38, '2020-07-31', 'ANALISIS CONTABLE, RECLASIFICACION Y AJUSTE CONTABLE', '5'),
(78, 37, '2020-07-06', 'ANÁLISIS CONTABLES, RE-CLASIFICACIONES Y AJUSTES DE CONTABILIDAD', '5'),
(79, 37, '2020-07-07', 'ANÁLISIS CONTABLES, RE-CLASIFICACIONES Y AJUSTES DE CONTABILIDAD', '5'),
(80, 37, '2020-07-08', 'ANÁLISIS CONTABLES, RE-CLASIFICACIONES Y AJUSTES DE CONTABILIDAD', '5'),
(81, 37, '2020-07-09', 'ANÁLISIS CONTABLES, RE-CLASIFICACIONES Y AJUSTES DE CONTABILIDAD', '5'),
(82, 37, '2020-07-10', 'ANÁLISIS CONTABLES, RE-CLASIFICACIONES Y AJUSTES DE CONTABILIDAD', '5'),
(83, 36, '2020-07-01', 'ANÁLISIS CONTABLES, RECLASIFICACIONES Y AJUSTES DE CONTABILIDAD', '5'),
(84, 36, '2020-07-03', 'ANÁLISIS CONTABLES, RECLASIFICACIONES Y AJUSTES DE CONTABILIDAD', '5'),
(85, 36, '2020-07-06', 'ANÁLISIS CONTABLES, RECLASIFICACIONES Y AJUSTES DE CONTABILIDAD', '5'),
(86, 36, '2020-07-07', 'ANÁLISIS CONTABLES, RECLASIFICACIONES Y AJUSTES DE CONTABILIDAD', '5'),
(87, 36, '2020-07-08', 'ANÁLISIS CONTABLES, RECLASIFICACIONES Y AJUSTES DE CONTABILIDAD', '5'),
(88, 36, '2020-07-09', 'ANÁLISIS CONTABLES, RECLASIFICACIONES Y AJUSTES DE CONTABILIDAD', '5'),
(89, 36, '2020-07-10', 'ANÁLISIS CONTABLES, RECLASIFICACIONES Y AJUSTES DE CONTABILIDAD', '5'),
(90, 37, '2020-07-13', 'ANÁLISIS CONTABLES, RE-CLASIFICACIONES Y AJUSTES DE CONTABILIDAD', '5'),
(91, 37, '2020-07-14', 'ANÁLISIS CONTABLES, RECLASIFICACIONES Y AJUSTES DE CONTABILIDAD', '5'),
(92, 37, '2020-07-15', 'ANÁLISIS CONTABLES, RECLASIFICACIONES Y AJUSTES DE CONTABILIDAD', '5'),
(93, 37, '2020-07-16', 'ANÁLISIS CONTABLES, RE-CLASIFICACIONES Y AJUSTES DE CONTABILIDAD', '5'),
(94, 37, '2020-07-17', 'ANÁLISIS CONTABLES, RE-CLASIFICACIONES Y AJUSTES DE CONTABILIDAD', '5'),
(95, 37, '2020-07-20', 'ANÁLISIS CONTABLES, RE-CLASIFICACIONES Y AJUSTES DE CONTABILIDAD', '5'),
(96, 37, '2020-07-21', 'ANÁLISIS CONTABLES, RE-CLASIFICACIONES Y AJUSTES DE CONTABILIDAD', '5'),
(97, 37, '2020-07-22', 'ANÁLISIS CONTABLES, RE-CLASIFICACIONES Y AJUSTES DE CONTABILIDAD', '5'),
(98, 37, '2020-07-23', 'ANÁLISIS CONTABLES, RE-CLASIFICACIONES Y AJUSTES DE CONTABILIDAD', '5'),
(100, 37, '2020-07-27', 'ANÁLISIS CONTABLES, RE-CLASIFICACIONES Y AJUSTES DE CONTABILIDAD', '5'),
(101, 37, '2020-07-28', 'ANÁLISIS CONTABLES, RE-CLASIFICACIONES Y AJUSTES DE CONTABILIDAD', '5'),
(102, 37, '2020-07-29', 'ANÁLISIS CONTABLES, RE-CLASIFICACIONES Y AJUSTES DE CONTABILIDAD', '5'),
(103, 37, '2020-07-30', 'ANÁLISIS CONTABLES, RE-CLASIFICACIONES Y AJUSTES DE CONTABILIDAD', '5'),
(104, 37, '2020-07-31', 'ANÁLISIS CONTABLES, RE-CLASIFICACIONES Y AJUSTES DE CONTABILIDAD', '5'),
(105, 36, '2020-07-13', 'ANÁLISIS CONTABLES, RECLASIFICACIONES Y AJUSTES DE CONTABILIDAD', '5'),
(106, 36, '2020-07-14', 'ANÁLISIS CONTABLES, RECLASIFICACIONES Y AJUSTES DE CONTABILIDAD', '5'),
(107, 36, '2020-07-15', 'ANÁLISIS CONTABLES, RECLASIFICACIONES Y AJUSTES DE CONTABILIDAD', '5'),
(108, 36, '2020-07-16', 'ANÁLISIS CONTABLES, RECLASIFICACIONES Y AJUSTES DE CONTABILIDAD', '5'),
(109, 36, '2020-07-17', 'ANÁLISIS CONTABLES, RECLASIFICACIONES Y AJUSTES DE CONTABILIDAD', '5'),
(110, 36, '2020-07-20', 'ANÁLISIS CONTABLES, RECLASIFICACIONES Y AJUSTES DE CONTABILIDAD', '5'),
(111, 36, '2020-07-21', 'ANÁLISIS CONTABLES, RECLASIFICACIONES Y AJUSTES DE CONTABILIDAD', '5'),
(112, 36, '2020-07-22', 'ANÁLISIS CONTABLES, RECLASIFICACIONES Y AJUSTES DE CONTABILIDAD', '5'),
(113, 36, '2020-07-23', 'ANÁLISIS CONTABLES, RECLASIFICACIONES Y AJUSTES DE CONTABILIDAD', '5'),
(115, 36, '2020-07-27', 'ANÁLISIS CONTABLES, RECLASIFICACIONES Y AJUSTES DE CONTABILIDAD', '5'),
(116, 36, '2020-07-28', 'ANÁLISIS CONTABLES, RECLASIFICACIONES Y AJUSTES DE CONTABILIDAD', '5'),
(117, 36, '2020-07-29', 'ANÁLISIS CONTABLES, RECLASIFICACIONES Y AJUSTES DE CONTABILIDAD', '5'),
(118, 36, '2020-07-30', 'ANÁLISIS CONTABLES, RECLASIFICACIONES Y AJUSTES DE CONTABILIDAD', '5'),
(119, 36, '2020-07-31', 'ANÁLISIS CONTABLES, RECLASIFICACIONES Y AJUSTES DE CONTABILIDAD', '5'),
(120, 42, '2020-07-01', 'AUDITORIA EEFF BANCO DE VENEZUELA AL 30-6-2020', '8'),
(121, 42, '2020-07-02', 'AUDITORIA EEFF BANCO DE VENEZUELA AL 30-6-2020', '8'),
(122, 42, '2020-07-03', 'AUDITORIA EEFF BANCO DE VENEZUELA AL 30-6-2020', '8'),
(123, 42, '2020-07-06', 'AUDITORIA EEFF BANCO DE VENEZUELA AL 30-6-2020', '8'),
(124, 42, '2020-07-07', 'AUDITORIA EEFF BANCO DE VENEZUELA AL 30-6-2020', '8'),
(125, 42, '2020-07-08', 'AUDITORIA EEFF BANCO DE VENEZUELA AL 30-6-2020', '8'),
(126, 42, '2020-07-09', 'AUDITORIA EEFF BANCO DE VENEZUELA AL 30-6-2020', '8'),
(127, 42, '2020-07-10', 'AUDITORIA EEFF BANCO DE VENEZUELA AL 30-6-2020', '8'),
(128, 42, '2020-07-13', 'AUDITORIA EEFF BANCO DE VENEZUELA AL 30-6-2020', '8'),
(129, 42, '2020-07-14', 'AUDITORIA EEFF BANCO DE VENEZUELA AL 30-6-2020', '8'),
(130, 42, '2020-07-15', 'AUDITORIA EEFF BANCO DE VENEZUELA AL 30-6-2020', '8'),
(131, 42, '2020-07-16', 'AUDITORIA EEFF BANCO DE VENEZUELA AL 30-6-2020', '8'),
(132, 42, '2020-07-17', 'AUDITORIA EEFF BANCO DE VENEZUELA AL 30-6-2020', '8'),
(133, 42, '2020-07-20', 'AUDITORIA EEFF BANCO DE VENEZUELA AL 30-6-2020', '8'),
(134, 42, '2020-07-21', 'AUDITORIA EEFF BANCO DE VENEZUELA AL 30-6-2020', '8'),
(135, 42, '2020-07-22', 'AUDITORIA EEFF BANCO DE VENEZUELA AL 30-6-2020', '8'),
(136, 42, '2020-07-23', 'AUDITORIA EEFF BANCO DE VENEZUELA AL 30-6-2020', '8'),
(138, 46, '2020-07-20', 'ELABORACIÓN DEL INFORME DE PCLC/FT/FPADM', '8'),
(139, 46, '2020-07-21', 'ELABORACIÓN DEL INFORME DE PCLC/FT/FPADM', '8'),
(140, 46, '2020-07-22', 'ELABORACIÓN DEL INFORME DE PCLC/FT/FPADM', '8'),
(141, 46, '2020-07-23', 'ELABORACIÓN DEL INFORME DE PCLC/FT/FPADM', '8'),
(142, 46, '2020-07-29', 'REVISÉ DOCUMENTACIÓN SUMINISTRADA POR EL CLIENTE Y ENVIÉ EL INFORME A REVISIÓN DEL SOCIO', '4'),
(143, 46, '2020-07-31', 'AGRUPACIÓN Y REVISIÓN DE LA CUENTA DE CAPTACIONES', '6'),
(144, 46, '2020-07-17', 'RECEPCIÓN Y REVISIÓN DE LA 1ERA CARTA DE REQUERIMIENTOS DE PCLC/FT/FPADM', '8'),
(145, 46, '2020-08-03', 'ELABORACIÓN DEL INFORME DE PCLC/FT/FPADM (CAMBIOS)', '7'),
(146, 46, '2020-08-04', 'ELABORACIÓN DEL INFORME DE PCLC/FT/FPADM (CAMBIOS)', '4'),
(147, 46, '2020-08-05', 'ELABORACIÓN DEL INFORME DE PCLC/FT/FPADM (CAMBIOS)', '4'),
(148, 46, '2020-08-06', 'ELABORACIÓN DEL INFORME DE PCLC/FT/FPADM (CAMBIOS)', '8'),
(149, 46, '2020-08-11', 'ELABORACIÓN DEL INFORME DE PCLC/FT/FPADM (CAMBIOS)', '4'),
(150, 46, '2020-08-12', 'ACTUALIZACIÓN DE LAS GACETAS, DECRETOS Y CIRCULARES', '8'),
(151, 46, '2020-08-13', 'ACTUALIZACIÓN DE LAS GACETAS, DECRETOS Y CIRCULARES', '8'),
(152, 46, '2020-08-14', 'ACTUALIZACIÓN DE LAS GACETAS, DECRETOS Y CIRCULARES', '8'),
(153, 46, '2020-08-17', 'REVISIÓN DEL BORRADOR Y CAMBIOS DEL CLIENTE PCLC/FT/FPADM', '4'),
(154, 46, '2020-08-19', 'REVISIÓN DEL INFORME DE PCLC/FT/FPADM ULTIMOS CAMBIOS DEL CLIENTE', '4'),
(155, 54, '2020-07-06', 'ELABORACIÓN DE LAS NOTAS DE REVISIÓN DE EXPEDIENTES DE EMPLEADOS Y DIRECTIVOS, REVISIÓN Y ENVÍO DE MEMORANDO A LOS SUPERVISORES', '8'),
(156, 54, '2020-07-07', 'REVISIÓN DEL ÁREA DE DISPONIBILIDADES CTA. 110, CON MEMORANDO Y PUNTOS DE CONTROL', '8'),
(157, 54, '2020-07-08', 'REVISIÓN DEL ÁREA DE DISPONIBILIDADES CTA. 110, CON MEMORANDO Y PUNTOS DE CONTROL', '8'),
(158, 54, '2020-07-09', 'ACTUALIZACIÓN DEL RESUMEN DE LECTURA DE OFICIOS Y CIRCULARES', '8'),
(159, 54, '2020-07-10', 'LECTURA DE LOS MANUALES PARA LOS ARQUEOS DE BÓVEDA', '8'),
(160, 54, '2020-07-13', 'ARQUEO DE BOVEDA PRINCIPAL Y ALTAMIRA', '8'),
(161, 54, '2020-07-14', 'ELABORACIÓN Y ENVÍO DE LOS MEMORANDO DE REVISIÓN DE ARQUEO DE LA BÓVEDA PRINCIPAL Y LA BÓVEDA DE LA AGENCIA ALTAMIRA', '8'),
(162, 54, '2020-07-15', 'ARQUEO BOVEDA CAMPO ALEGRE Y REVISIÓN DE EXPEDIENTES DE PROVEEDORES', '8'),
(163, 54, '2020-07-16', 'REALIZACIÓN DE LOS MEMORANDOS DEL ARQUEO BOVEDA CAMPO ALEGRE Y LA REVISIÓN DE LOS EXPEDIENTES DE PROVEEDORES', '8'),
(164, 54, '2020-07-27', 'ELABORACIÓN DE LAS NOTAS DEL INFORME HISTÓRICO Y PAPELES DE TRABAJO', '8'),
(165, 54, '2020-07-28', 'ELABORACIÓN DE LAS NOTAS DEL INFORME HISTÓRICO Y PAPELES DE TRABAJO', '8'),
(166, 54, '2020-07-28', 'ELABORACIÓN DE LAS NOTAS DEL INFORME ESPECIAL', '4'),
(167, 54, '2020-07-30', 'ELABORACIÓN DE LAS NOTAS DEL INFORME ESPECIAL', '8'),
(168, 54, '2020-07-31', 'ELABORACIÓN DE LAS NOTAS DEL INFORME ESPECIAL (CAMBIOS)', '2'),
(169, 54, '2020-08-04', 'REVISION DE NOTAS (CAMBIOS)', '4'),
(170, 54, '2020-08-05', 'REVISIÓN DEL ÁREA DE ENCAJE LEGAL (ACTUALIZACIÓN)', '4'),
(171, 54, '2020-08-07', 'REVISIÓN DE PAPELES DE OTROS ACTIVOS VS ANEXOS', '8'),
(172, 54, '2020-08-10', 'CREE LA AUDITORIA EN AUDINOVA AL 30.06.2020, COMENCÉ A ARREGLAR EL BALANCE', '8'),
(173, 54, '2020-08-11', 'ADAPTACIÓN DEL BALANCE AL 30.06.2020 CON LAS ESPECIFICACIONES DEL AUDINOVA', '4'),
(174, 54, '2020-08-17', 'ACTUALIZACIÓN Y REVISIÓN DE LOS PUNTOS DE CONTROL', '4'),
(175, 54, '2020-08-18', 'ADAPTACIÓN DEL BALANCE AL 30.06.2020 CON LAS ESPECIFICACIONES DEL AUDINOVA', '8'),
(176, 54, '2020-08-19', 'ACTUALIZACIÓN DE LOS PUNTOS DE CONTROL INTERNO', '4'),
(177, 54, '2020-08-20', 'LECTURA DE 19 ACTAS DE JUNTA DIRECTIVA', '8'),
(178, 54, '2020-08-21', 'ADAPTACIÓN DEL BALANCE AL 30.06.2020 CON LAS ESPECIFICACIONES DEL AUDINOVA', '8'),
(179, 54, '2020-08-24', 'CARGAR TODAS LAS AREAS AL SISTEMA AUDINOVA', '8'),
(180, 54, '2020-08-25', 'REVISIÓN Y AJUSTES A LA CARTA DE CONTROL INTERNO', '5'),
(181, 54, '2020-08-26', 'ULTIMA ENTREGA DE SOPORTES Y REVISIÓN DE LOS PAPELES DE OTROS ACTIVOS', '3'),
(182, 54, '2020-08-27', 'REVISIÓN DEL INFORME ESPECIAL E HISTÓRICO ENVIADO AL CLIENTE', '5'),
(183, 54, '2020-08-28', 'REVISIÓN DEL INFORME HISTÓRICO Y ESPECIAL', '8'),
(184, 6, '2020-07-06', 'AUDITORÍA A LOS ESTADOS FINANCIEROS AL 30 DE JUNIO DE 2020', '4'),
(185, 6, '2020-07-08', 'AUDITORIA A LOS ESTADOS FINANCIEROS AL 30 DE JUNIO DE 2020', '4'),
(186, 6, '2020-07-09', 'AUDITORIA A LOS ESTADOS FINANCIEROS AL 30 DE JUNIO DE 2020', '3'),
(187, 6, '2020-07-10', 'AUDITORIA A LOS ESTADOS FINANCIEROS AL 30 DE JUNIO DE 2020', '4'),
(189, 6, '2020-07-13', 'AUDITORIA A LOS ESTADOS FINANCIEROS AL 30 DE JUNIO DE 2020', '6'),
(191, 6, '2020-07-15', 'AUDITORIA A LOS ESTADOS FINANCIEROS AL 30 DE JUNIO DE 2020', '8'),
(192, 6, '2020-07-16', 'AUDITORIA A LOS ESTADOS FINANCIEROS AL 30 DE JUNIO DE 2020', '4'),
(193, 6, '2020-07-17', 'AUDITORIA A LOS ESTADOS FINANCIEROS AL 30 DE JUNIO DE 2020', '8'),
(194, 6, '2020-07-14', 'AUDITORIA A LOS ESTADOS FINANCIEROS 30 DE JUNIO DE 2020', '4'),
(196, 6, '2020-07-20', 'AUDITORIA A LOS ESTADOS FINANCIEROS AL 30 DE JUNIO DE 2020', '2'),
(197, 6, '2020-07-21', 'AUDITORIA A LOS ESTADOS FINANCIEROS AL 30 DE JUNIO DE 2020', '4'),
(198, 6, '2020-07-23', 'AUDITORIA A LOS ESTADOS FINANCIEROS AL 30 DE JUNIO DE 2020', '8'),
(199, 6, '2020-07-24', 'AUDITORIA A LOS ESTADOS FINANCIEROS AL 30 DE JUNIO DE 2020', '4'),
(200, 6, '2020-07-27', 'AUDITORIA A LOS ESTADOS FINANCIEROS AL 30 DE JUNIO DE 2020', '6'),
(201, 6, '2020-07-28', 'AUDITORIA A LOS ESTADOS FINANCIEROS AL 30 DE JUNIO DE 2020', '8'),
(202, 6, '2020-07-29', 'AUDITORIA A LOS ESTADOS FINANCIEROS AL 30 DE JUNIO DE 2020', '6'),
(203, 6, '2020-07-30', 'AUDITORIA A LOS ESTADOS FINANCIEROS AL 30 DE JUNIO DE 2020', '4'),
(204, 6, '2020-07-31', 'AUDITORIA A LOS ESTADOS FINANCIEROS AL 30 DE JUNIO DE 2020', '8'),
(205, 6, '2020-08-03', 'AUDITORIA A LOS ESTADOS FINANCIEROS AL 30 DE JUNIO DE 2020', '8'),
(206, 6, '2020-08-04', 'AUDITORIA A LOS ESTADOS FINANCIEROS AL 30 DE JUNIO DE 2020', '8'),
(207, 6, '2020-08-05', 'AUDITORIA A LOS ESTADOS FINANCIEROS AL 30 DE JUNIO DE 2020', '8'),
(208, 6, '2020-08-06', 'AUDITORIA A LOS ESTADOS FINANCIEROS AL 30 DE JUNIO DE 2020', '6'),
(209, 6, '2020-08-10', 'AUDITORIA A LOS ESTADOS FINANCIEROS AL 30 DE JUNIO DE 2020', '8'),
(210, 6, '2020-08-11', 'AUDITORIA A LOS ESTADOS FINANCIEROS AL 30 DE JUNIO DE 2020', '4'),
(211, 6, '2020-08-12', 'AUDITORIA A LOS ESTADOS FINANCIEROS AL 30 DE JUNIO DE 2020', '8'),
(212, 6, '2020-08-13', 'AUDITORIA A LOS ESTADOS FINANCIEROS AL 30 DE JUNIO DE 2020', '8'),
(213, 6, '2020-08-14', 'AUDITORIA A LOS ESTADOS FINANCIEROS AL 30 DE JUNIO DE 2020', '8'),
(214, 6, '2020-08-17', 'AUDITORIA A LOS ESTADOS FINANCIEROS AL 30 DE JUNIO DE 2020', '8'),
(215, 6, '2020-08-18', 'AUDITORÍA A LOS ESTADOS FINANCIEROS AL 30 DE JUNIO DE 2020', '8'),
(216, 6, '2020-08-19', 'AUDITORÍA A LOS ESTADOS FINANCIEROS AL 30 DE JUNIO DE 2020', '8'),
(217, 6, '2020-08-20', 'AUDITORÍA AL 30 DE JUNIO DE 2020', '8'),
(218, 6, '2020-08-28', 'AUDITORÍA A LOS ESTADOS FINANCIEROS AL 30 DE JUNIO DE 2020', '8'),
(219, 6, '2020-08-25', 'AUDITORÍA A LOS ESTADOS FINANCIEROS AL 30 DE JUNIO DE 2020', '5'),
(220, 6, '2020-08-26', 'AUDITORÍA A LOS ESTADOS FINANCIEROS AL 30 DE JUNIO DE 2019', '5'),
(221, 6, '2020-08-27', 'AUDITORÍA A LOS ESTADOS FINANCIEROS AL 30 DE JUNIO DE 2020', '5'),
(223, 2, '2020-07-22', 'AUDITORÍA AL 30 DE JUNIO DE 2020', '8'),
(224, 54, '2020-08-31', 'ELABORACIONES DE LAS CERTIFICACIONES DE ACTAS / OFICIOS Y CIRCULARES / CARTA DE REPRESENTACIÓN (BORADOR)', '8'),
(225, 2, '2020-08-21', 'AUDITORÍA AL 30 DE JUNIO DE 2020', '8'),
(226, 42, '2020-07-27', 'AUDITORIA EEFF BANCO DE VENEZUELA AL 30-6-2020', '8'),
(227, 42, '2020-07-28', 'AUDITORIA EEFF BANCO DE VENEZUELA AL 30-6-2020', '8'),
(228, 42, '2020-07-29', 'AUDITORIA EEFF BANCO DE VENEZUELA AL 30-6-2020', '8'),
(229, 42, '2020-07-30', 'AUDITORIA EEFF BANCO DE VENEZUELA AL 30-6-2020', '8'),
(230, 42, '2020-07-31', 'AUDITORIA EEFF BANCO DE VENEZUELA AL 30-6-2020', '8'),
(231, 42, '2020-08-03', 'AUDITORIA EEFF BANCO DE VENEZUELA AL 30-6-2020', '8'),
(232, 42, '2020-08-04', 'AUDITORIA EEFF BANCO DE VENEZUELA AL 30-6-2020', '8'),
(233, 42, '2020-08-05', 'AUDITORIA EEFF BANCO DE VENEZUELA AL 30-6-2020', '8'),
(234, 42, '2020-08-06', 'AUDITORIA EEFF BANCO DE VENEZUELA AL 30-6-2020', '8'),
(235, 42, '2020-08-07', 'AUDITORIA EEFF BANCO DE VENEZUELA AL 30-6-2020', '8'),
(236, 42, '2020-08-10', 'AUDITORIA EEFF BANCO DE VENEZUELA AL 30-6-2020', '8'),
(237, 42, '2020-08-11', 'AUDITORIA EEFF BANCO DE VENEZUELA AL 30-6-2020', '8'),
(238, 42, '2020-08-12', 'AUDITORIA EEFF BANCO DE VENEZUELA AL 30-6-2020', '8'),
(239, 42, '2020-08-13', 'AUDITORIA EEFF BANCO DE VENEZUELA AL 30-6-2020', '8'),
(240, 42, '2020-08-14', 'AUDITORIA EEFF BANCO DE VENEZUELA AL 30-6-2020', '8'),
(241, 42, '2020-08-17', 'AUDITORIA EEFF BANCO DE VENEZUELA AL 30-6-2020', '8'),
(242, 42, '2020-08-18', 'AUDITORIA EEFF BANCO DE VENEZUELA AL 30-6-2020', '8'),
(243, 42, '2020-08-19', 'AUDITORIA EEFF BANCO DE VENEZUELA AL 30-6-2020', '8'),
(244, 42, '2020-08-20', 'AUDITORIA EEFF BANCO DE VENEZUELA AL 30-6-2020', '8'),
(245, 42, '2020-08-20', 'AUDITORIA EEFF BANCO DE VENEZUELA AL 30-6-2020', '8'),
(246, 42, '2020-08-21', 'AUDITORIA EEFF BANCO DE VENEZUELA AL 30-6-2020', '8'),
(247, 42, '2020-08-24', 'AUDITORIA EEFF BANCO DE VENEZUELA AL 30-6-2020', '8'),
(248, 42, '2020-08-25', 'AUDITORIA EEFF BANCO DE VENEZUELA AL 30-6-2020', '8'),
(249, 42, '2020-08-26', 'AUDITORIA EEFF BANCO DE VENEZUELA AL 30-6-2020', '8'),
(250, 42, '2020-08-27', 'AUDITORIA EEFF BANCO DE VENEZUELA AL 30-6-2020', '8'),
(251, 42, '2020-08-28', 'AUDITORIA EEFF BANCO DE VENEZUELA AL 30-6-2020', '8'),
(252, 42, '2020-08-31', 'REVISION EDICION DE INFORME HISTORICO; VERIFICACIÓN INFORME ESPECIAL CORRECCIONES CLIENTE; EDICION INFORME ESPECIAL PARA EMITIR; ACTUALIZACIÓN CARTA DE CONTROL INTERNO; SUCURSAL CURACAO TRADUCCIÓN NIIF', '8'),
(253, 23, '2020-07-07', 'RETENCIÓN DE ISLR', '2'),
(254, 23, '2020-07-08', 'RETENCION DE ISLR', '2'),
(255, 23, '2020-07-09', 'ANTICIPO DE ISLR', '3'),
(256, 23, '2020-07-09', 'ANTICIPO DE ISLR', '3'),
(257, 23, '2020-09-09', 'RETENCIONES DE IVA', '1'),
(258, 27, '2020-07-17', 'ELABORACIÓN DE CARTA DE REQUERIMIENTOS', '4'),
(259, 27, '2020-08-20', 'CARTA DE REQUERIMIENTOS', '3'),
(260, 27, '2020-07-21', 'VERIFICACIÓN DE CARTA DE REQUERIMIENTOS Y ENVIÓ AL CLIENTE. ELABORACIÓN DE HOJA DE TRABAJO', '4'),
(261, 27, '2020-07-22', 'ELABORACIÓN DE HOJA DE TRABAJO, PARA MONTAR ESTADOS FINANCIEROS, CORRESPONDIENTES AL 2015', '3'),
(262, 27, '2020-07-23', 'CONTINUACIÓN DE ELABORACIÓN DE HOJA DE TRABAJO', '3'),
(263, 27, '2020-07-27', 'APLICACIÓN DE RECONVERSIÓN MONETARIA EN LAS CIFRAS 2015', '3'),
(264, 27, '2020-07-28', 'ACTUALIZACIÓN DE EEFF 2015 A MONEDA 2016', '2'),
(265, 27, '2020-07-30', 'ACTUALIZACIÓN DE EEFF 2015 A MONEDA 2016, VERIFICACIÓN', '2'),
(266, 27, '2020-08-12', 'ELABORACIÓN DE HOJA DE TRABAJO 2015-2016, 2016-2017, 2017-2018, 2018-2019, 2019-2020', '4'),
(267, 27, '2020-08-13', 'CONTINUACIÓN DE ELEBORACIÓN DE HOJA DE TRABAJO 2015-2020', '3'),
(268, 27, '2020-08-14', 'CONTINUACIÓN DE ELABORACIÓN DE HOJA DE TRABAJO 2015-2020', '4'),
(269, 27, '2020-08-18', 'VERIFICACIÓN DE HOJAS DE TRABAJO', '1'),
(270, 27, '2020-08-21', 'VERIFICACIÓN DE HOJAS DE TRABAJO', '2'),
(271, 86, '2020-08-27', 'RECEPCIÓN DE INFORMACIÓN E INICIO DE TAREAS ASIGNADAS. - INICIO DE AJUSTE POR INFLACIÓN MENSUAL', '2'),
(272, 86, '2020-08-28', 'CULMINACIÓN DEL AJUSTE POR INFLACIÓN MENSUAL - ENVIÓ PARA SU RESPECTIVA APROBACIÓN', '3'),
(273, 86, '2020-08-30', 'INICIO DE AGRUPACIÓN BALANCE DE COMPROBACIÓN PARA REALIZAR LAS NOTAS SEGÚN INFORME', '4'),
(274, 86, '2020-08-31', 'ENVIÓ DE INFORMACIÓN CULMINADA', '1'),
(275, 87, '2020-07-27', 'TRABAJO ESPECIAL (COMPROIND)', '2'),
(276, 87, '2020-07-28', 'TRABAJO ESPECIAL (COMPROIND)', '3'),
(277, 87, '2020-07-30', 'TRABAJO ESPECIAL (COMPROIND)', '2'),
(278, 87, '2020-07-31', 'TRABAJO ESPECIAL (COMPROIND)', '1'),
(279, 87, '2020-07-30', 'TRABAJO ESPECIAL (COMPROIND)', '2'),
(281, 95, '2020-08-07', 'AUDITORÍA AL 30 DE JUNIO DE 2020', '8'),
(282, 95, '2020-08-24', 'AUDITORÍA A LOS ESTADOS FINANCIEROS AL 30 DE JUNIO DE 2020', '2'),
(283, 6, '2020-08-24', 'AUDITORÍA A LOS ESTADOS FINANCIEROS AL 30 DE JUNIO DE 2020', '6'),
(284, 6, '2020-07-22', 'AUDITORÍA A LOS ESTADOS FINANCIEROS AL 30 DE JUNIO DE 2020', '8'),
(285, 85, '2020-07-27', 'NOTA PARA LOS EEFF DE PROPIEDAD, PLANTA Y EQUIPOS AJUSTADA POR INFLACIÓN', '4'),
(286, 85, '2020-07-28', 'NOTA PARA LOS EEFF DE PROPIEDAD, PLANTA Y EQUIPOS AJUSTADA POR INFLACIÓN', '4'),
(287, 85, '2020-08-02', 'NOTAS DE LOS EEFF', '2'),
(289, 54, '2020-09-01', 'REVISIÓN DE FORMULARIO AA-11, ELABORACIÓN DE FORMULARIO AA-1', '3'),
(290, 46, '2020-09-01', 'ELABORACION DE MEMORANDO Y ORDEN DE LOS PAPELES DE PCLC/FT/FPADM 30.06.2020', '5'),
(291, 84, '2020-07-20', 'ELABORACIÓN DE CEDULAS AGRUPADAS', '1'),
(292, 46, '2020-09-02', 'ELABORACION DE MEMORANDO Y ORDEN DE LOS PAPELES DE PCLC / FT / FPADM 30.06.2020', '8'),
(293, 84, '2020-08-25', 'ELABORACIÓN DE CEDULAS CIFRAS ACTUALIZADAS', '3'),
(294, 84, '2020-08-26', 'TERMINACIÓN DEL TRABAJO', '6'),
(295, 39, '2020-07-20', 'SUPERVISIÓN DE ACTIVIDADES CONTABLES, RECLASIFICACIONES , AJUSTES DE CONTABILIDAD', '5'),
(296, 39, '2020-07-21', 'SUPERVISIÓN DE ACTIVIDADES CONTABLES, RECLASIFICACIONES , AJUSTES DE CONTABILIDAD', '5'),
(297, 39, '2020-07-22', 'SUPERVISIÓN DE ACTIVIDADES CONTABLES, RECLASIFICACIONES , AJUSTES DE CONTABILIDAD', '5'),
(298, 39, '2020-07-23', 'SUPERVISIÓN DE ACTIVIDADES CONTABLES, RECLASIFICACIONES , AJUSTES DE CONTABILIDAD', '5'),
(299, 39, '2020-07-27', 'SUPERVISIÓN DE ACTIVIDADES CONTABLES, RECLASIFICACIONES , AJUSTES DE CONTABILIDAD', '5'),
(300, 39, '2020-07-28', 'SUPERVISIÓN DE ACTIVIDADES CONTABLES, RECLASIFICACIONES , AJUSTES DE CONTABILIDAD', '5'),
(301, 39, '2020-07-29', 'SUPERVISIÓN DE ACTIVIDADES CONTABLES, RECLASIFICACIONES , AJUSTES DE CONTABILIDAD', '5'),
(302, 39, '2020-07-30', 'SUPERVISIÓN DE ACTIVIDADES CONTABLES, RECLASIFICACIONES , AJUSTES DE CONTABILIDAD', '5'),
(303, 39, '2020-07-31', 'SUPERVISIÓN DE ACTIVIDADES CONTABLES, RECLASIFICACIONES , AJUSTES DE CONTABILIDAD', '5'),
(304, 82, '2020-07-13', 'REVISIÓN API EY', '2'),
(305, 82, '2020-07-22', 'REVISIÓN API', '4'),
(306, 23, '2020-07-14', 'RETENCIONES DE IVA', '2'),
(307, 23, '2020-07-27', 'TIMBRE FISCAL', '2'),
(308, 23, '2020-07-27', 'TIMBRE FISCAL', '2'),
(309, 82, '2020-07-29', 'REVISIÓN API', '2'),
(310, 82, '2020-07-30', 'REVISIÓN API', '2'),
(311, 23, '2020-08-07', 'REVISIÓN DE PROVISIÓN DE ISLR', '3'),
(312, 23, '2020-08-11', 'REVISIÓN DE PROVISIÓN DE ISLR', '3'),
(313, 23, '2020-07-29', 'TIMBRE FISCALES', '3'),
(314, 23, '2020-08-21', 'REALIZACIÓN DEL INFORME', '2'),
(315, 23, '2020-08-24', 'REALIZACIÓN DEL INFORME', '3'),
(316, 23, '2020-08-31', 'REALIZACIÓN DEL INFORME', '2'),
(317, 82, '2020-08-04', 'REVISIÓN NOTAS', '4'),
(318, 82, '2020-08-04', 'REVISIÓN NOTAS', '4'),
(319, 82, '2020-08-07', 'REVISIÓN INFORME', '2'),
(320, 89, '2020-08-10', 'PLANIFICACIÓN', '2'),
(321, 89, '2020-08-10', 'PLANIFICACIÓN', '2'),
(322, 105, '2020-08-10', 'PLANIFICACIÓN', '2'),
(323, 105, '2020-08-11', 'PLANIFICACIÓN', '2'),
(324, 44, '2020-07-01', 'AUDITORIA DE EEFF BANCO DE VENEZUELA AL 30-6-2020', '8'),
(325, 44, '2020-07-02', 'AUDITORIA DE EEFF BANCO DE VENEZUELA AL 30-06-2020', '8'),
(326, 44, '2020-07-03', 'AUDITORIA DE EEFF BANCO DE VENEZUELA AL 30-06-2020', '8'),
(327, 44, '2020-07-06', 'AUDITORIA DE EEFF BANCO DE VENEZUELA AL 30-06-2020', '8'),
(328, 44, '2020-07-07', 'AUDITORIA DE EEFF BANCO DE VENEZUELA AL 30-06-2020', '8'),
(329, 44, '2020-07-08', 'AUDITORIA DE EEFF BANCO DE VENEZUELA AL 30-06-2020', '8'),
(330, 44, '2020-07-09', 'AUDITORIA DE EEFF BANCO DE VENEZUELA AL 30-06-2020', '8'),
(331, 44, '2020-07-10', 'AUDITORIA DE EEFF BANCO DE VENEZUELA AL 30-06-2020', '8'),
(332, 44, '2020-07-10', 'AUDITORIA DE EEFF BANCO DE VENEZUELA AL 30-06-2020', '8'),
(333, 44, '2020-07-13', 'AUDITORIA DE EEFF BANCO DE VENEZUELA AL 30-06-2020', '8'),
(334, 44, '2020-07-14', 'AUDITORIA DE EEFF BANCO DE VENEZUELA AL 30-06-2020', '8'),
(335, 44, '2020-07-15', 'AUDITORIA DE EEFF BANCO DE VENEZUELA AL 30-06-2020', '8'),
(336, 44, '2020-07-16', 'AUDITORIA DE EEFF BANCO DE VENEZUELA AL 30-06-2020', '8'),
(337, 44, '2020-07-17', 'AUDITORIA DE EEFF BANCO DE VENEZUELA AL 30-06-2020', '8'),
(338, 44, '2020-07-20', 'AUDITORIA DE EEFF BANCO DE VENEZUELA AL 30-06-2020', '8'),
(339, 44, '2020-07-21', 'AUDITORIA DE EEFF BANCO DE VENEZUELA AL 30-06-2020', '8'),
(340, 44, '2020-07-22', 'AUDITORIA DE EEFF BANCO DE VENEZUELA AL 30-06-2020', '8'),
(341, 44, '2020-07-22', 'AUDITORIA DE EEFF BANCO DE VENEZUELA AL 30-06-2020', '8'),
(342, 44, '2020-07-23', 'AUDITORIA DE EEFF BANCO DE VENEZUELA AL 30-06-2020', '8'),
(343, 44, '2020-07-27', 'AUDITORIA DE EEFF BANCO DE VENEZUELA AL 30-06-2020', '8'),
(344, 44, '2020-07-28', 'AUDITORIA DE EEFF BANCO DE VENEZUELA AL 30-06-2020', '8'),
(345, 44, '2020-07-29', 'AUDITORIA DE EEFF BANCO DE VENEZUELA AL 30-06-2020', '8'),
(346, 44, '2020-07-30', 'AUDITORIA DE EEFF BANCO DE VENEZUELA AL 30-06-2020', '8'),
(347, 44, '2020-07-31', 'AUDITORIA DE EEFF BANCO DE VENEZUELA AL 30-06-2020', '8'),
(348, 44, '2020-09-03', 'AUDITORIA DE EEFF BANCO DE VENEZUELA AL 30-06-2020', '7'),
(349, 44, '2020-08-04', 'AUDITORIA DE EEFF BANCO DE VENEZUELA AL 30-06-2020', '8'),
(350, 44, '2020-08-04', 'AUDITORIA DE EEFF BANCO DE VENEZUELA AL 30-06-2020', '8'),
(351, 44, '2020-08-03', 'AUDITORIA DE EEFF BANCO DE VENEZUELA AL 30-06-2020', '7'),
(352, 44, '2020-09-03', 'AUDITORIA DE EEFF BANCO DE VENEZUELA AL 30-06-2020', '1'),
(353, 44, '2020-08-05', 'AUDITORIA DE EEFF BANCO DE VENEZUELA AL 30-06-2020', '8'),
(354, 44, '2020-08-05', 'AUDITORIA DE EEFF BANCO DE VENEZUELA AL 30-06-2020', '8'),
(355, 44, '2020-08-06', 'AUDITORIA DE EFF BANCO DE VENEZUELA AL 30-06-2020', '8'),
(356, 44, '2020-08-07', 'AUDITORIA DE EEFF BANCO DE VENEZUELA AL 30-06-2020', '8'),
(357, 44, '2020-08-10', 'AUDITORIA DE EEFF BANCO DE VENZUELA AL 30-06-2020', '8'),
(358, 44, '2020-08-11', 'AUDITORIA DE EEFF BANCO DE VENZUELA AL 30-06-2020', '8'),
(359, 44, '2020-08-12', 'AUDITORIA DE EEFF BANCO DE VENEZUELA AL 30-06-2020', '8'),
(360, 44, '2020-08-13', 'AUDITORIA DE EEFF BANCO DE VENEZUELA AL 30-06-2020', '8'),
(361, 44, '2020-08-14', 'AUDITORIA DE EEFF BANCO DE VENEZUELA AL 30-06-2020', '8'),
(362, 44, '2020-08-17', 'AUDITORIA DE EEFF BANCO DE VENEZUELA AL 30-06-2020', '8'),
(363, 44, '2020-08-18', 'AUDITORIA DE EEFF BANCO DE VENEZUELA AL 30-06-2020', '8'),
(364, 44, '2020-08-19', 'AUDITORIA DE EEFF BANCO DE VENEZUELA AL 30-06-2020', '8'),
(365, 44, '2020-08-20', 'AUDITORIA DE EEFF BANCO DE VENEZUELA AL 30-06-2020', '8'),
(366, 44, '2020-08-21', 'AUDITORIA DE EEFF BANCO DE VENEZUELA AL 30-06-2020', '8'),
(367, 44, '2020-08-24', 'AUDITORIA DE EEFF BANCO DE VENEZUELA AL 30-06-2020', '8'),
(368, 44, '2020-08-25', 'AUDITORIA EEFF BANCO DE VENEZUELA AL 30-06-2020', '8'),
(369, 44, '2020-08-26', 'AUDITORIA DE EEFF BANCO DE VENEZUELA AL 30-06-2020', '3'),
(370, 44, '2020-08-27', 'AUDITORIA DE EEFF BANCO DE VENEZUELA AL 30-06-2020', '5'),
(371, 44, '2020-08-28', 'AUDITORIA DE EEFF BANCO DE VENEZUELA AL 30-06-2020', '8'),
(372, 44, '2020-08-31', 'AUDITORIA DE EEFF BANCO DE VENEZUELA AL 30-6-2020', '8'),
(373, 44, '2020-09-01', 'AUDITORIA DE EEFF BANCO DE VENEZUELA AL 30-06-2020', '8'),
(374, 44, '2020-09-02', 'AUDITORIA DE EEFF BANCO DE VENEZUELA AL 30-06-2020', '8'),
(375, 42, '2020-09-01', 'ACTUALIZACIÓN CARTA DE CONTROL INTERNO - EEFF SUCURSAL CURACAO NIIF', '8'),
(376, 42, '2020-09-02', 'ACTUALIZACIÓN CARTA DE CONTROL INTERNO - EEFF SUCURSAL EVALUACIÓN AMLFT DIC 2019', '8'),
(377, 42, '2020-09-03', 'ACTUALIZACION CARTA CONTROL INTERNO - EEFF SUCURSAL EVALUACIÓN RIESGO DIC 2019 EN INGLES - EEFF SUCURSAL NIIF DIC 2019 EN INGLES - CARTA CONTROL INTERNO SUCURSAL NIIF ESPAÑOL DIC 2019', '8'),
(378, 45, '2020-07-06', 'AUDITORIA EEFF BANCO DE VENEZUELA - SUCURSAL CURACAO - CARTERA DE CRÉDITOS', '4'),
(379, 45, '2020-07-07', 'AUDITORIA EEFF BANCO DE VENEZUELA - SUCURSAL CURACAO - CARTERA DE CRÉDITOS', '8'),
(380, 45, '2020-07-08', 'AUDITORIA EEFF BANCO DE VENEZUELA - SUCURSAL CURACAO - CARTERA DE CRÉDITOS', '8'),
(381, 45, '2020-07-09', 'AUDITORIA EEFF BANCO DE VENEZUELA - SUCURSAL CURACAO - CARTERA DE CRÉDITOS', '8'),
(382, 45, '2020-07-10', 'AUDITORIA EEFF BANCO DE VENEZUELA - SUCURSAL CURACAO - CARTERA DE CRÉDITOS', '8'),
(383, 45, '2020-07-13', 'AUDITORIA EEFF BANCO DE VENEZUELA - SUCURSAL CURACAO - CARTERA DE CRÉDITOS', '8'),
(384, 45, '2020-07-14', 'AUDITORIA EEFF BANCO DE VENEZUELA - SUCURSAL CURACAO - CARTERA DE CRÉDITOS', '8'),
(385, 45, '2020-07-15', 'AUDITORIA EEFF BANCO DE VENEZUELA - SUCURSAL CURACAO - CARTERA DE CRÉDITOS', '8'),
(386, 45, '2020-07-16', 'AUDITORIA EEFF BANCO DE VENEZUELA - SUCURSAL CURACAO - CARTERA DE CRÉDITOS', '8'),
(387, 45, '2020-07-17', 'AUDITORIA EEFF BANCO DE VENEZUELA - SUCURSAL CURACAO - CARTERA DE CRÉDITOS', '8'),
(388, 45, '2020-07-20', 'AUDITORIA EEFF BANCO DE VENEZUELA - SUCURSAL CURACAO - CARTERA DE CRÉDITOS', '8'),
(389, 45, '2020-07-21', 'AUDITORIA EEFF BANCO DE VENEZUELA - SUCURSAL CURACAO - CARTERA DE CRÉDITOS', '8'),
(390, 45, '2020-07-22', 'AUDITORIA EEFF BANCO DE VENEZUELA - SUCURSAL CURACAO - CARTERA DE CRÉDITOS', '8'),
(391, 45, '2020-07-23', 'AUDITORIA EEFF BANCO DE VENEZUELA - SUCURSAL CURACAO - CARTERA DE CRÉDITOS', '8'),
(392, 45, '2020-07-27', 'AUDITORIA EEFF BANCO DE VENEZUELA - MONEDA EXTRANJERA-ACUMULACIONES Y OTROS PASIVOS- CARTERA DE CRÉDITOS', '8'),
(393, 45, '2020-07-28', 'AUDITORIA EEFF BANCO DE VENEZUELA - MONEDA EXTRANJERA-ACUMULACIONES Y OTROS PASIVOS- CARTERA DE CRÉDITOS', '8'),
(394, 45, '2020-07-29', 'AUDITORIA EEFF BANCO DE VENEZUELA - MONEDA EXTRANJERA-ACUMULACIONES Y OTROS PASIVOS- CARTERA DE CRÉDITOS', '8'),
(395, 45, '2020-07-30', 'AUDITORIA EEFF BANCO DE VENEZUELA - MONEDA EXTRANJERA-ACUMULACIONES Y OTROS PASIVOS- CARTERA DE CRÉDITOS', '8'),
(396, 45, '2020-07-31', 'AUDITORIA EEFF BANCO DE VENEZUELA - MONEDA EXTRANJERA-ACUMULACIONES Y OTROS PASIVOS- CARTERA DE CRÉDITOS', '8'),
(397, 45, '2020-08-03', 'AUDITORIA EEFF BANCO DE VENEZUELA - MONEDA EXTRANJERA-ACUMULACIONES Y OTROS PASIVOS- CARTERA DE CRÉDITOS', '7'),
(398, 45, '2020-08-04', 'AUDITORIA EEFF BANCO DE VENEZUELA - MONEDA EXTRANJERA-ACUMULACIONES Y OTROS PASIVOS- CARTERA DE CRÉDITOS', '8'),
(399, 45, '2020-08-05', 'AUDITORIA EEFF BANCO DE VENEZUELA - MONEDA EXTRANJERA-ACUMULACIONES Y OTROS PASIVOS- CARTERA DE CRÉDITOS', '8'),
(400, 45, '2020-08-06', 'AUDITORIA EEFF BANCO DE VENEZUELA - MONEDA EXTRANJERA-ACUMULACIONES Y OTROS PASIVOS- CARTERA DE CRÉDITOS', '8'),
(401, 45, '2020-08-07', 'AUDITORIA EEFF BANCO DE VENEZUELA - MONEDA EXTRANJERA-ACUMULACIONES Y OTROS PASIVOS- CARTERA DE CRÉDITOS', '8'),
(402, 45, '2020-08-10', 'AUDITORIA EEFF BANCO DE VENEZUELA - MONEDA EXTRANJERA-ACUMULACIONES Y OTROS PASIVOS- CARTERA DE CRÉDITOS', '8'),
(403, 45, '2020-08-11', 'AUDITORIA EEFF BANCO DE VENEZUELA - MONEDA EXTRANJERA-ACUMULACIONES Y OTROS PASIVOS- CARTERA DE CRÉDITOS', '6'),
(404, 45, '2020-08-12', 'AUDITORIA EEFF BANCO DE VENEZUELA - MONEDA EXTRANJERA-ACUMULACIONES Y OTROS PASIVOS- CARTERA DE CRÉDITOS', '8'),
(405, 45, '2020-08-13', 'AUDITORIA EEFF BANCO DE VENEZUELA - MONEDA EXTRANJERA-ACUMULACIONES Y OTROS PASIVOS- CARTERA DE CRÉDITOS', '8'),
(406, 45, '2020-08-14', 'AUDITORIA EEFF BANCO DE VENEZUELA - MONEDA EXTRANJERA-ACUMULACIONES Y OTROS PASIVOS- CARTERA DE CRÉDITOS', '8'),
(407, 45, '2020-08-17', 'AUDITORIA EEFF BANCO DE VENEZUELA - CARTERA DE CRÉDITOS', '8'),
(408, 45, '2020-08-18', 'AUDITORIA EEFF BANCO DE VENEZUELA - SUCURSAL CURACAO NIIF 2019 - CARTERA DE CRÉDITOS', '8'),
(409, 45, '2020-08-19', 'AUDITORIA EEFF BANCO DE VENEZUELA - SUCURSAL CURACAO NIIF 2019 - CARTERA DE CRÉDITOS', '8'),
(410, 45, '2020-08-20', 'AUDITORIA EEFF BANCO DE VENEZUELA - SUCURSAL CURACAO NIIF 2019 - CARTERA DE CRÉDITOS', '8'),
(411, 45, '2020-08-21', 'AUDITORIA EEFF BANCO DE VENEZUELA - SUCURSAL CURACAO NIIF 2019 - CARTERA DE CRÉDITOS', '8'),
(412, 45, '2020-08-24', 'AUDITORIA EEFF BANCO DE VENEZUELA  - CARTERA DE CRÉDITOS', '8'),
(413, 45, '2020-08-25', 'AUDITORIA EEFF BANCO DE VENEZUELA - CARTERA DE CRÉDITOS', '5'),
(414, 45, '2020-08-26', 'AUDITORIA EEFF BANCO DE VENEZUELA - CARTERA DE CRÉDITOS', '3'),
(415, 45, '2020-08-27', 'AUDITORIA EEFF BANCO DE VENEZUELA - CARTERA DE CRÉDITOS', '5'),
(416, 45, '2020-08-28', 'AUDITORIA EEFF BANCO DE VENEZUELA - SUCURSAL CURACAO NIIF 2019 - CARTERA DE CRÉDITOS', '8'),
(417, 45, '2020-08-31', 'AUDITORIA EEFF BANCO DE VENEZUELA  - CARTERA DE CRÉDITOS', '8'),
(418, 45, '2020-09-01', 'AUDITORIA EEFF BANCO DE VENEZUELA - CARTERA DE CRÉDITOS', '8'),
(419, 45, '2020-09-02', 'AUDITORIA EEFF BANCO DE VENEZUELA - CARTERA DE CRÉDITOS', '8'),
(420, 45, '2020-09-03', 'AUDITORIA EEFF BANCO DE VENEZUELA - CARTERA DE CRÉDITOS', '8'),
(421, 49, '2020-07-27', 'AUDITORIA EEFF BANCO DE VENEZUELA - CARTERA DE CREDITOS', '8'),
(422, 49, '2020-07-28', 'AUDITORIA EEFF BANCO DE VENEZUELA - CARTERA DE CREDITOS - BIENES DE USO', '8'),
(423, 49, '2020-07-29', 'AUDITORIA EEFF BANCO DE VENEZUELA - CARTERA DE CREDITOS - BIENES DE USO', '8'),
(424, 49, '2020-07-30', 'AUDITORIA EEFF BANCO DE VENEZUELA - CARTERA DE CREDITOS - BIENES DE USO', '8'),
(425, 49, '2020-07-31', 'AUDITORIA EEFF BANCO DE VENEZUELA - CARTERA DE CREDITOS - BIENES DE USO', '8'),
(426, 49, '2020-08-03', 'AUDITORIA EEFF BANCO DE VENEZUELA - BIENES DE USO - CARTERA DE CRÉDITO', '8'),
(427, 49, '2020-08-04', 'AUDITORIA EEFF BANCO DE VENEZUELA - BIENES DE USO - CARTERA DE CRÉDITO', '8'),
(428, 49, '2020-08-05', 'AUDITORIA EEFF BANCO DE VENEZUELA - BIENES DE USO - CARTERA DE CRÉDITO', '8'),
(429, 49, '2020-08-06', 'AUDITORIA EEFF BANCO DE VENEZUELA - BIENES DE USO - CARTERA DE CRÉDITO', '8'),
(430, 49, '2020-08-07', 'AUDITORIA EEFF BANCO DE VENEZUELA - BIENES DE USO - CARTERA DE CRÉDITO', '8'),
(431, 49, '2020-08-10', 'AUDITORIA EEFF BANCO DE VENEZUELA - COMUNICACIONES - ACTAS', '8'),
(432, 49, '2020-08-11', 'AUDITORIA EEFF BANCO DE VENEZUELA - COMUNICACIONES - ACTAS', '8'),
(433, 49, '2020-08-12', 'AUDITORIA EEFF BANCO DE VENEZUELA - COMUNICACIONES - ACTAS', '8'),
(434, 49, '2020-08-13', 'AUDITORIA EEFF BANCO DE VENEZUELA - COMUNICACIONES - ACTAS', '8'),
(435, 49, '2020-08-14', 'AUDITORIA EEFF BANCO DE VENEZUELA - CARTERA DE CREDITOS', '8'),
(436, 49, '2020-08-17', 'AUDITORIA EEFF BANCO DE VENEZUELA - BIENES DE USO', '2'),
(437, 49, '2020-08-18', 'AUDITORIA EEFF BANCO DE VENEZUELA - BIENES DE USO', '3'),
(438, 49, '2020-08-19', 'AUDITORIA EEFF BANCO DE VENEZUELA - BIENES DE USO', '3'),
(439, 49, '2020-08-20', 'AUDITORIA EEFF BANCO DE VENEZUELA - BIENES DE USO', '2'),
(440, 49, '2020-08-21', 'AUDITORIA EEFF BANCO DE VENEZUELA - BIENES DE USO', '2'),
(441, 49, '2020-08-24', 'AUDITORIA EEFF BANCO DE VENEZUELA - BIENES DE USO', '4'),
(442, 49, '2020-08-25', 'AUDITORIA EEFF BANCO DE VENEZUELA - BIENES DE USO', '4'),
(443, 49, '2020-08-26', 'AUDITORIA EEFF BANCO DE VENEZUELA - BIENES DE USO', '4'),
(444, 49, '2020-08-27', 'AUDITORIA EEFF BANCO DE VENEZUELA - BIENES DE USO', '4'),
(445, 49, '2020-08-28', 'AUDITORIA EEFF BANCO DE VENEZUELA - BIENES DE USO', '2'),
(446, 55, '2020-08-28', 'AUDITORIA EEFF BANCO ACTIVO - LECTURA ACTAS', '2'),
(447, 10, '2020-08-31', 'BANCO AGRÍCOLA DE VENEZUELA AUDITORÍA AL 30 DE JUNIO DE 2020', '8'),
(448, 11, '2020-08-17', 'PRUEBAS Y REVISIÓN DE DISPONIBILIDADES', '7'),
(449, 11, '2020-07-13', 'SUMARIA DEL BAV', '8'),
(450, 11, '2020-07-23', 'AUDITORIA', '3'),
(451, 11, '2020-07-24', 'AUDIORIA', '4'),
(452, 11, '2020-07-27', 'ADIRIA', '4'),
(453, 11, '2020-07-30', 'AUDITORIA', '8'),
(454, 11, '2020-07-31', 'AUDITORIA', '8'),
(455, 11, '2020-08-03', 'AUDITORIA', '6'),
(456, 11, '2020-08-04', 'AUDITORIA', '4'),
(457, 11, '2020-08-17', 'AUDITORIA', '7'),
(458, 11, '2020-08-18', 'AUDITORIA', '8'),
(459, 11, '2020-08-19', 'AUDITORIA', '6'),
(460, 11, '2020-08-20', 'AUDITORIA', '2'),
(461, 11, '2020-08-24', 'AUDITORIA', '4'),
(462, 11, '2020-08-25', 'AUDITORIA', '8'),
(463, 11, '2020-08-26', 'AUDITORIA', '8'),
(464, 11, '2020-08-27', 'AUDITORIA', '8'),
(465, 11, '2020-08-28', 'AUDITORIA', '8'),
(466, 11, '2020-08-31', 'AUDITORIA', '8'),
(467, 11, '2020-09-01', 'PUEBAS DE GASTOS DE BAV', '8'),
(468, 11, '2020-09-02', 'AUDITORIA', '8'),
(469, 11, '2020-09-02', 'AUDITORIA', '8'),
(470, 11, '2020-09-02', 'AUDITORIA', '8'),
(471, 50, '2020-07-13', 'AUDITORIA EEFF BANCO DE VENEZUELA - CARTERA DE CREDITOS', '7'),
(472, 50, '2020-07-20', 'AUDITORIA EEFF BANCO DE VENEZUELA - CARTERA DE CREDITOS', '8'),
(473, 50, '2020-07-23', 'AUDITORIA EEFF BANCO DE VENEZUELA - CARTERA DE CREDITOS', '8'),
(474, 50, '2020-07-27', 'AUDITORIA EEFF BANCO DE VENEZUELA - CARTERA DE CREDITOS', '2'),
(475, 50, '2020-07-28', 'AUDITORIA EEFF BANCO DE VENEZUELA - CARTERA DE CREDITOS', '3'),
(476, 50, '2020-07-29', 'AUDITORIA EEFF BANCO DE VENEZUELA - CARTERA DE CREDITOS', '6'),
(477, 50, '2020-07-30', 'AUDITORIA EEFF BANCO DE VENEZUELA - CARTERA DE CREDITOS', '3'),
(478, 50, '2020-07-31', 'AUDITORIA EEFF BANCO DE VENEZUELA - CARTERA DE CREDITOS', '2'),
(479, 50, '2020-08-03', 'AUDITORIA EEFF BANCO DE VENEZUELA - OTROS ACTIVOS', '7'),
(480, 50, '2020-08-04', 'AUDITORIA EEFF BANCO DE VENEZUELA - OTROS ACTIVOS', '8'),
(481, 50, '2020-08-05', 'AUDITORIA EEFF BANCO DE VENEZUELA - OTROS ACTIVOS', '8'),
(482, 50, '2020-08-06', 'AUDITORIA EEFF BANCO DE VENEZUELA - OTROS ACTIVOS', '8'),
(483, 50, '2020-08-07', 'AUDITORIA EEFF BANCO DE VENEZUELA - OTROS ACTIVOS', '2'),
(484, 50, '2020-08-10', 'AUDITORIA EEFF BANCO DE VENEZUELA - OTROS ACTIVOS', '6'),
(485, 50, '2020-08-11', 'AUDITORIA EEFF BANCO DE VENEZUELA - OTROS ACTIVOS', '5'),
(486, 50, '2020-08-17', 'AUDITORIA EEFF BANCO DE VENEZUELA - OTROS ACTIVOS', '8'),
(487, 50, '2020-08-18', 'AUDITORIA EEFF BANCO DE VENEZUELA - OTROS ACTIVOS', '5'),
(488, 9, '2020-07-07', 'REVISIÓN DE LOS BIENES DE USO AL 30 DE JUNIO DE 2020', '4'),
(491, 9, '2020-07-13', 'REVISIÓN DE LOS BIENES DE USO AL 30 DE JUNIO DE 2020', '8'),
(495, 47, '2020-07-06', 'AUDITORIA EEFF BANCO DE VENEZUELA - CARTERA DE CREDITO', '5'),
(497, 47, '2020-07-07', 'AUDITORIA EEFF BANCO DE VENEZUELA - CARTERA DE CREDITO', '5'),
(498, 47, '2020-07-08', 'AUDITORIA EEFF BANCO DE VENEZUELA - CARTERA DE CREDITO', '5'),
(499, 47, '2020-07-09', 'AUDITORIA EEFF BANCO DE VENEZUELA - CARTERA DE CREDITO', '5'),
(500, 47, '2020-07-10', 'AUDITORIA EEFF BANCO DE VENEZUELA - CARTERA DE CREDITO', '5'),
(501, 47, '2020-07-13', 'AUDITORIA EEFF BANCO DE VENEZUELA - CARTERA DE CREDITO', '5'),
(502, 47, '2020-07-14', 'AUDITORIA EEFF BANCO DE VENEZUELA - CARTERA DE CREDITO', '5'),
(503, 47, '2020-07-15', 'AUDITORIA EEFF BANCO DE VENEZUELA - CARTERA DE CREDITO', '5'),
(504, 47, '2020-07-16', 'AUDITORIA EEFF BANCO DE VENEZUELA - CARTERA DE CREDITO', '5'),
(505, 47, '2020-07-17', 'AUDITORIA EEFF BANCO DE VENEZUELA - CARTERA DE CREDITO', '5'),
(506, 47, '2020-07-20', 'AUDITORIA EEFF BANCO DE VENEZUELA - CARTERA DE CREDITO', '5'),
(507, 47, '2020-07-21', 'AUDITORIA EEFF BANCO DE VENEZUELA - CARTERA DE CREDITO', '5'),
(508, 47, '2020-07-22', 'AUDITORIA EEFF BANCO DE VENEZUELA - CARTERA DE CREDITO', '5'),
(509, 47, '2020-07-23', 'AUDITORIA EEFF BANCO DE VENEZUELA - CARTERA DE CREDITO', '5'),
(510, 47, '2020-07-27', 'AUDITORIA EEFF BANCO DE VENEZUELA - CARTERA DE CREDITO', '5'),
(511, 47, '2020-07-28', 'AUDITORIA EEFF BANCO DE VENEZUELA - CARTERA DE CREDITO', '5'),
(512, 47, '2020-07-29', 'AUDITORIA EEFF BANCO DE VENEZUELA - CARTERA DE CREDITO', '5'),
(513, 47, '2020-07-30', 'AUDITORIA EEFF BANCO DE VENEZUELA - CARTERA DE CREDITO', '5'),
(514, 47, '2020-07-31', 'AUDITORIA EEFF BANCO DE VENEZUELA - CARTERA DE CREDITO', '5'),
(515, 47, '2020-08-03', 'AUDITORIA EEFF BANCO DE VENEZUELA - CARTERA DE CREDITO', '5'),
(516, 47, '2020-08-10', 'AUDITORIA EEFF BANCO DE VENEZUELA - CARTERA DE CREDITO', '4'),
(517, 47, '2020-08-11', 'AUDITORIA EEFF BANCO DE VENEZUELA - CARTERA DE CREDITO', '4'),
(518, 47, '2020-08-12', 'AUDITORIA EEFF BANCO DE VENEZUELA - CARTERA DE CREDITO', '4'),
(519, 47, '2020-08-13', 'AUDITORIA EEFF BANCO DE VENEZUELA - CARTERA DE CREDITO', '4'),
(520, 47, '2020-09-14', 'AUDITORIA EEFF BANCO DE VENEZUELA - CARTERA DE CREDITO', '4'),
(521, 47, '2020-08-14', 'AUDITORIA EEFF BANCO DE VENEZUELA - CARTERA DE CREDITO', '4'),
(522, 47, '2020-08-17', 'AUDITORIA EEFF BANCO DE VENEZUELA - CARTERA DE CREDITO', '5'),
(523, 47, '2020-08-18', 'AUDITORIA EEFF BANCO DE VENEZUELA - CARTERA DE CREDITO', '5'),
(524, 47, '2020-08-19', 'AUDITORIA EEFF BANCO DE VENEZUELA - CARTERA DE CREDITO', '5'),
(525, 47, '2020-08-20', 'AUDITORIA EEFF BANCO DE VENEZUELA - CARTERA DE CREDITO', '5'),
(526, 47, '2020-08-21', 'AUDITORIA EEFF BANCO DE VENEZUELA - CARTERA DE CREDITO', '5'),
(527, 47, '2020-08-24', 'AUDITORIA EEFF BANCO DE VENEZUELA - CARTERA DE CREDITO', '3'),
(528, 47, '2020-08-25', 'AUDITORIA EEFF BANCO DE VENEZUELA - CARTERA DE CREDITO', '4'),
(529, 47, '2020-08-26', 'AUDITORIA EEFF BANCO DE VENEZUELA - CARTERA DE CREDITO', '3'),
(530, 47, '2020-08-27', 'AUDITORIA EEFF BANCO DE VENEZUELA - CARTERA DE CREDITO', '5'),
(531, 47, '2020-08-28', 'AUDITORIA EEFF BANCO DE VENEZUELA - CARTERA DE CREDITO', '5'),
(532, 7, '2020-07-01', 'AUDITORÍA A LOS ESTADOS FINANCIEROS DEL BANCO AGRÍCOLA DE VENEZUELA, C.A., BANCO UNIVERSAL', '4'),
(533, 7, '2020-07-02', 'AUDITORÍA DE LOS ESTADOS FINANCIEROS DEL BANCO AGRÍCOLA DE VENEZUELA, C.A., BANCO UNIVERSAL', '4'),
(534, 7, '2020-07-03', 'AUDITORÍA DE LOS ESTADOS FINANCIEROS DEL BANCO AGRÍCOLA DE VENEZUELA, C.A., BANCO UNIVERSAL', '4'),
(535, 7, '2020-07-06', 'AUDITORÍA DE LOS ESTADOS FINANCIEROS DEL BANCO AGRÍCOLA DE VENEZUELA, C.A., BANCO UNIVERSAL', '4'),
(536, 7, '2020-07-08', 'AUDITORÍA DE LOS ESTADOS FINANCIEROS DEL BANCO AGRÍCOLA DE VENEZUELA, C.A., BANCO UNIVERSAL', '4'),
(537, 7, '2020-07-10', 'AUDITORÍA DE LOS ESTADOS FINANCIEROS DEL BANCO AGRÍCOLA DE VENEZUELA, C.A., BANCO UNIVERSAL', '4'),
(538, 7, '2020-07-10', 'AUDITORÍA DE LOS ESTADOS FINANCIEROS DEL BANCO AGRÍCOLA DE VENEZUELA, C.A., BANCO UNIVERSAL', '4'),
(539, 7, '2020-07-10', 'AUDITORÍA DE LOS ESTADOS FINANCIEROS DEL BANCO AGRÍCOLA DE VENEZUELA, C.A., BANCO UNIVERSAL', '4'),
(540, 7, '2020-09-13', 'AUDITORÍA DE LOS ESTADOS FINANCIEROS DEL BANCO AGRÍCOLA DE VENEZUELA, C.A., BANCO UNIVERSAL', '6'),
(541, 7, '2020-07-14', 'AUDITORÍA DE LOS ESTADOS FINANCIEROS DEL BANCO AGRÍCOLA DE VENEZUELA, C.A., BANCO UNIVERSAL', '4'),
(542, 7, '2020-07-08', 'AUDITORÍA DE LOS ESTADOS FINANCIEROS DEL BANCO AGRÍCOLA DE VENEZUELA, C.A., BANCO UNIVERSAL', '8'),
(543, 7, '2020-07-09', 'AUDITORÍA DE LOS ESTADOS FINANCIEROS DEL BANCO AGRÍCOLA DE VENEZUELA, C.A., BANCO UNIVERSAL', '4'),
(544, 7, '2020-07-17', 'AUDITORÍA DE LOS ESTADOS FINANCIEROS DEL BANCO AGRÍCOLA DE VENEZUELA, C.A., BANCO UNIVERSAL', '8'),
(545, 7, '2020-07-20', 'AUDITORÍA DE LOS ESTADOS FINANCIEROS DEL BANCO AGRÍCOLA DE VENEZUELA, C.A., BANCO UNIVERSAL', '6'),
(546, 7, '2020-07-22', 'AUDITORÍA DE LOS ESTADOS FINANCIEROS DEL BANCO AGRÍCOLA DE VENEZUELA, C.A., BANCO UNIVERSAL', '6'),
(547, 7, '2020-07-23', 'AUDITORÍA DE LOS ESTADOS FINANCIEROS DEL BANCO AGRÍCOLA DE VENEZUELA, C.A., BANCO UNIVERSAL', '8'),
(548, 7, '2020-07-24', 'AUDITORÍA DE LOS ESTADOS FINANCIEROS DEL BANCO AGRÍCOLA DE VENEZUELA, C.A., BANCO UNIVERSAL', '8'),
(549, 7, '2020-07-27', 'AUDITORÍA DE LOS ESTADOS FINANCIEROS DEL BANCO AGRÍCOLA DE VENEZUELA, C.A., BANCO UNIVERSAL', '8'),
(550, 7, '2020-07-28', 'AUDITORÍA DE LOS ESTADOS FINANCIEROS DEL BANCO AGRÍCOLA DE VENEZUELA, C.A., BANCO UNIVERSAL', '8'),
(551, 7, '2020-07-29', 'AUDITORÍA DE LOS ESTADOS FINANCIEROS DEL BANCO AGRÍCOLA DE VENEZUELA, C.A., BANCO UNIVERSAL', '6'),
(552, 7, '2020-07-30', 'AUDITORÍA DE LOS ESTADOS FINANCIEROS DEL BANCO AGRÍCOLA DE VENEZUELA, C.A., BANCO UNIVERSAL', '4'),
(553, 7, '2020-07-31', 'AUDITORÍA DE LOS ESTADOS FINANCIEROS DEL BANCO AGRÍCOLA DE VENEZUELA, C.A., BANCO UNIVERSAL', '8'),
(554, 7, '2020-08-03', 'AUDITORÍA DE LOS ESTADOS FINANCIEROS DEL BANCO AGRÍCOLA DE VENEZUELA, C.A., BANCO UNIVERSAL', '8'),
(555, 7, '2020-08-04', 'AUDITORÍA DE LOS ESTADOS FINANCIEROS DEL BANCO AGRÍCOLA DE VENEZUELA, C.A., BANCO UNIVERSAL', '8'),
(556, 7, '2020-08-05', 'AUDITORÍA DE LOS ESTADOS FINANCIEROS DEL BANCO AGRÍCOLA DE VENEZUELA, C.A., BANCO UNIVERSAL', '8'),
(557, 7, '2020-08-06', 'AUDITORÍA DE LOS ESTADOS FINANCIEROS DEL BANCO AGRÍCOLA DE VENEZUELA, C.A., BANCO UNIVERSAL', '6'),
(558, 7, '2020-08-07', 'AUDITORÍA DE LOS ESTADOS FINANCIEROS DEL BANCO AGRÍCOLA DE VENEZUELA, C.A., BANCO UNIVERSAL', '8'),
(559, 7, '2020-08-10', 'AUDITORÍA DE LOS ESTADOS FINANCIEROS DEL BANCO AGRÍCOLA DE VENEZUELA, C.A., BANCO UNIVERSAL', '8'),
(560, 7, '2020-08-11', 'AUDITORÍA DE LOS ESTADOS FINANCIEROS DEL BANCO AGRÍCOLA DE VENEZUELA, C.A., BANCO UNIVERSAL', '4'),
(561, 7, '2020-08-12', 'AUDITORÍA DE LOS ESTADOS FINANCIEROS DEL BANCO AGRÍCOLA DE VENEZUELA, C.A., BANCO UNIVERSAL', '8'),
(562, 7, '2020-08-13', 'AUDITORÍA DE LOS ESTADOS FINANCIEROS DEL BANCO AGRÍCOLA DE VENEZUELA, C.A., BANCO UNIVERSAL', '8'),
(563, 7, '2020-08-14', 'AUDITORÍA DE LOS ESTADOS FINANCIEROS DEL BANCO AGRÍCOLA DE VENEZUELA, C.A., BANCO UNIVERSAL', '8'),
(564, 7, '2020-08-17', 'AUDITORÍA DE LOS ESTADOS FINANCIEROS DEL BANCO AGRÍCOLA DE VENEZUELA, C.A., BANCO UNIVERSAL', '8'),
(565, 7, '2020-08-18', 'AUDITORÍA DE LOS ESTADOS FINANCIEROS DEL BANCO AGRÍCOLA DE VENEZUELA, C.A., BANCO UNIVERSAL', '6'),
(566, 7, '2020-08-19', 'AUDITORÍA DE LOS ESTADOS FINANCIEROS DEL BANCO AGRÍCOLA DE VENEZUELA, C.A., BANCO UNIVERSAL', '8'),
(567, 7, '2020-08-20', 'AUDITORÍA DE LOS ESTADOS FINANCIEROS DEL BANCO AGRÍCOLA DE VENEZUELA, C.A., BANCO UNIVERSAL', '8'),
(568, 7, '2020-08-21', 'AUDITORÍA DE LOS ESTADOS FINANCIEROS DEL BANCO AGRÍCOLA DE VENEZUELA, C.A., BANCO UNIVERSAL', '8'),
(569, 7, '2020-08-24', 'AUDITORÍA DE LOS ESTADOS FINANCIEROS DEL BANCO AGRÍCOLA DE VENEZUELA, C.A., BANCO UNIVERSAL', '8'),
(570, 7, '2020-08-25', 'AUDITORÍA DE LOS ESTADOS FINANCIEROS DEL BANCO AGRÍCOLA DE VENEZUELA, C.A., BANCO UNIVERSAL', '8'),
(571, 7, '2020-08-26', 'AUDITORÍA DE LOS ESTADOS FINANCIEROS DEL BANCO AGRÍCOLA DE VENEZUELA, C.A., BANCO UNIVERSAL', '8'),
(572, 7, '2020-08-27', 'AUDITORÍA DE LOS ESTADOS FINANCIEROS DEL BANCO AGRÍCOLA DE VENEZUELA, C.A., BANCO UNIVERSAL', '6'),
(573, 7, '2020-08-28', 'AUDITORÍA DE LOS ESTADOS FINANCIEROS DEL BANCO AGRÍCOLA DE VENEZUELA, C.A., BANCO UNIVERSAL', '8'),
(574, 48, '2020-07-06', 'AUDITORIA DE EEFF BANCO DE VENEZUELA-INVERSIONES FIDEICOMISO-CARTERA DE CREDITOS', '6'),
(575, 48, '2020-07-07', 'AUDITORIA DE EEFF BANCO DE VENEZUELA-INVERSIONES FIDEICOMISO-CARTERA DE CREDITOS', '6'),
(576, 48, '2020-07-08', 'AUDITORIA DE EEFF BANCO DE VENEZUELA-INVERSIONES FIDEICOMISO-CARTERA DE CREDITOS', '6'),
(577, 48, '2020-07-09', 'AUDITORIA DE EEFF BANCO DE VENEZUELA-INVERSIONES FIDEICOMISO-CARTERA DE CREDITOS', '6'),
(578, 48, '2020-07-10', 'AUDITORIA DE EEFF BANCO DE VENEZUELA-INVERSIONES FIDEICOMISO-CARTERA DE CREDITOS', '6'),
(579, 48, '2020-07-13', 'AUDITORIA DE EEFF BANCO DE VENEZUELA-INVERSIONES FIDEICOMISO-CARTERA DE CREDITOS', '6'),
(580, 48, '2020-07-14', 'AUDITORIA DE EEFF BANCO DE VENEZUELA-INVERSIONES FIDEICOMISO-CARTERA DE CREDITOS', '6');
INSERT INTO `tbl_horas_cargables` (`id`, `id_proy_analista`, `fecha`, `descripcion`, `horas_trabajadas`) VALUES
(581, 48, '2020-07-15', 'AUDITORIA DE EEFF BANCO DE VENEZUELA-INVERSIONES FIDEICOMISO-CARTERA DE CREDITOS', '6'),
(582, 48, '2020-07-16', 'AUDITORIA DE EEFF BANCO DE VENEZUELA-INVERSIONES FIDEICOMISO-CARTERA DE CREDITOS', '6'),
(583, 48, '2020-07-17', 'AUDITORIA DE EEFF BANCO DE VENEZUELA-INVERSIONES FIDEICOMISO-CARTERA DE CREDITOS', '6'),
(584, 48, '2020-07-20', 'AUDITORIA DE EEFF BANCO DE VENEZUELA-INVERSIONES FIDEICOMISO-CARTERA DE CREDITOS', '6'),
(585, 48, '2020-07-21', 'AUDITORIA DE EEFF BANCO DE VENEZUELA-INVERSIONES FIDEICOMISO-CARTERA DE CREDITOS', '6'),
(586, 48, '2020-07-22', 'AUDITORIA DE EEFF BANCO DE VENEZUELA-INVERSIONES FIDEICOMISO-CARTERA DE CREDITOS', '6'),
(587, 48, '2020-07-23', 'AUDITORIA DE EEFF BANCO DE VENEZUELA-INVERSIONES FIDEICOMISO-CARTERA DE CREDITOS', '6'),
(588, 48, '2020-07-27', 'AUDITORIA DE EEFF BANCO DE VENEZUELA-INVERSIONES FIDEICOMISO-CARTERA DE CREDITOS', '6'),
(589, 48, '2020-07-28', 'AUDITORIA DE EEFF BANCO DE VENEZUELA-INVERSIONES FIDEICOMISO-CARTERA DE CREDITOS', '6'),
(590, 48, '2020-07-29', 'AUDITORIA DE EEFF BANCO DE VENEZUELA-INVERSIONES FIDEICOMISO-CARTERA DE CREDITOS', '5'),
(591, 48, '2020-07-30', 'AUDITORIA DE EEFF BANCO DE VENEZUELA-INVERSIONES FIDEICOMISO-CARTERA DE CREDITOS', '6'),
(592, 48, '2020-07-31', 'AUDITORIA DE EEFF BANCO DE VENEZUELA-INVERSIONES FIDEICOMISO-CARTERA DE CREDITOS', '6'),
(593, 48, '2020-08-03', 'AUDITORIA DE EEFF BANCO DE VENEZUELA-INVERSIONES FIDEICOMISO-CARTERA DE CREDITOS', '6'),
(594, 48, '2020-08-04', 'AUDITORIA DE EEFF BANCO DE VENEZUELA-INVERSIONES FIDEICOMISO-CARTERA DE CREDITOS', '6'),
(595, 48, '2020-08-05', 'AUDITORIA DE EEFF BANCO DE VENEZUELA-INVERSIONES FIDEICOMISO-CARTERA DE CREDITOS', '6'),
(596, 48, '2020-08-06', 'AUDITORIA DE EEFF BANCO DE VENEZUELA-INVERSIONES FIDEICOMISO-CARTERA DE CREDITOS', '6'),
(597, 48, '2020-08-06', 'AUDITORIA DE EEFF BANCO DE VENEZUELA-INVERSIONES FIDEICOMISO-CARTERA DE CREDITOS', '6'),
(598, 48, '2020-08-07', 'AUDITORIA DE EEFF BANCO DE VENEZUELA-INVERSIONES FIDEICOMISO-CARTERA DE CREDITOS', '6'),
(599, 48, '2020-08-10', 'AUDITORIA DE EEFF BANCO DE VENEZUELA-INVERSIONES FIDEICOMISO', '6'),
(600, 48, '2020-08-11', 'AUDITORIA DE EEFF BANCO DE VENEZUELA-INVERSIONES FIDEICOMISO-CARTERA DE CREDITOS', '6'),
(601, 48, '2020-08-12', 'AUDITORIA DE EEFF BANCO DE VENEZUELA-INVERSIONES FIDEICOMISO-CARTERA DE CREDITOS', '6'),
(602, 48, '2020-08-14', 'AUDITORIA DE EEFF BANCO DE VENEZUELA-INVERSIONES FIDEICOMISO', '6'),
(603, 48, '2020-08-13', 'AUDITORIA DE EEFF BANCO DE VENEZUELA-INVERSIONES FIDEICOMISO', '6'),
(604, 48, '2020-08-17', 'AUDITORIA EEFF BANCO DE VENEZUELA', '4'),
(605, 48, '2020-08-18', 'AUDITORIA EEFF BANCO DE VENEZUELA', '4'),
(606, 48, '2020-08-19', 'AUDITORIA EEFF BANCO DE VENEZUELA', '4'),
(607, 48, '2020-08-21', 'AUDITORIA EEFF BANCO DE VENEZUELA', '4'),
(608, 48, '2020-08-24', 'AUDITORIA EEFF BANCO DE VENEZUELA', '4'),
(609, 48, '2020-08-25', 'AUDITORIA EEFF BANCO DE VENEZUELA', '1'),
(610, 48, '2020-08-26', 'AUDITORIA EEFF BANCO DE VENEZUELA', '1'),
(611, 48, '2020-08-27', 'AUDITORIA EEFF BANCO DE VENEZUELA', '1'),
(612, 48, '2020-08-28', 'AUDITORIA EEFF BANCO DE VENEZUELA', '4'),
(613, 99, '2020-07-17', 'TRABAJO DEL 17 AL 28 DE JULIO', '8'),
(614, 83, '2020-07-21', 'REVISIÓN AGRUPACIÓN DE LOS EEFF', '3'),
(615, 83, '2020-07-22', 'PLANIFICACIÓN PARA LA ELABORACIÓN DE LOS EEFF API CON EL EQUIPO DE TRABAJO', '3'),
(616, 83, '2020-07-23', 'ELABORAR LA CONSOLIDADICÓN DE LOS EEFF EN VALORES HISTÓRICOS', '4'),
(617, 83, '2020-07-24', 'REVISIÓN DE LOS APIS SUMINISTRADO POR EL CLIENTE', '4'),
(618, 83, '2020-09-29', 'REVISIÓN DE LAS PRIMERAS NOTAS DE LOS EEFF', '3'),
(619, 83, '2020-07-27', 'REVISIÓN DE LAS PRIMERAS NOTAS DE LOS EEFF', '3'),
(620, 83, '2020-07-29', 'SEGUNDA REVISIÓN DE LAS NOTAS DE LOS EEFF', '4'),
(621, 83, '2020-07-30', 'UNIÓN DE TODAS LAS NOTAS EN UN SOLO ARCHIVO PARA SUMINISTRAR AL CLIENTE', '4'),
(622, 83, '2020-08-07', 'MODIFICACION SOLICITADA POR EL CLIENTE Y SUS AUDITORES KPMG', '2'),
(623, 106, '2020-08-10', 'REVISIÓN Y ENVIO DE CARTA INICIAL DE REQUERIMIENTO', '2'),
(624, 106, '2020-08-11', 'REVISIÓN Y MODIFICACIÓN DE PLANIFICACIÓN Y CONTROL DE CONFIRMACIONES', '2'),
(625, 90, '2020-08-10', 'REVISIÓN Y ENVIO DE CARTA INICIAL DE REQUERIMIENTO', '2'),
(626, 90, '2020-08-11', 'REVISIÓN Y MODIFICACIÓN DE PLANIFICACIÓN Y CONTROL DE CONFIRMACIONES', '2'),
(627, 107, '2020-08-26', 'SELECCIONES DE CUENTAS POR COBRAR MONEDA NACIONAL (COMPRENDIENTO LA INFORMACIÓN DEL CLIENTE Y ORDENANDOLA)', '1'),
(628, 107, '2020-08-27', 'SELECCIONES RESTANTES (CUENTAS POR COBRAR, PAGAR EN MN Y ME), PROVISIÓN INCOBRABLES', '3'),
(629, 107, '2020-08-26', 'REVISIÓN DE LA INFROMACIÓN SUMINSITRADA POR EL CLIENTE', '1'),
(630, 91, '2020-08-26', 'REVISIÓN DE LA INFORMACIÓN SUMINSITRADA POR EL CLIENTE', '1'),
(631, 91, '2020-08-27', 'SELECCION ANTICIPOS CLIENTE ME, CXP MN Y CXP ME', '1'),
(632, 91, '2020-08-27', 'INDAGAR SOBRE LA CUENTA: 110503001-PROVISION COBRO DUDOSO. DOCUMENTAR LOS CÁLCULOS', '1'),
(633, 91, '2020-08-28', 'PROPIEDAD, PLANTA Y EQUIPO, DIFERENCIAL CAMBIARIO, REQUERIMIENTO ADICIONES', '6'),
(634, 91, '2020-08-31', 'NOMINA (UTILIDADES), BONO VACACIONAL (PREPARACIÓN PRUEBA), BUSQUEDA CONVENIOS CAMBIARIOS, ADELANTO MEMO NOMINA, CORREO OTROS ACTIVOS IMPUESTO DIFERIDO', '4'),
(635, 46, '2020-09-04', 'REVISIÓN Y ADAPTACIÓN DEL BALANCE PARA CARGAR EN EL AUDINOVA', '8'),
(636, 3, '2020-07-06', 'AUDITORÍA A LOS EE-FF VALORALTA CASA DE BOLSA, C.A. AL 30/06/2020', '2'),
(637, 3, '2020-07-09', 'AUDITORÍA A LOS EE-FF VALORALTA CASA DE BOLSA, C.A. AL 30/06/2020', '1'),
(638, 3, '2020-07-13', 'AUDITORÍA A LOS EE-FF VALORALTA CASA DE BOLSA, C.A. AL 30/06/2020', '2'),
(639, 3, '2020-07-15', 'AUDITORÍA A LOS EE-FF VALORALTA CASA DE BOLSA, C.A. AL 30/06/2020', '4'),
(640, 3, '2020-07-16', 'AUDITORÍA A LOS EE-FF VALORALTA CASA DE BOLSA, C.A. AL 30/06/2020', '4'),
(641, 3, '2020-07-17', 'AUDITORÍA A LOS EE-FF VALORALTA CASA DE BOLSA, C.A. AL 30/06/2020', '2'),
(642, 3, '2020-07-20', 'AUDITORÍA A LOS EE-FF VALORALTA CASA DE BOLSA, C.A. AL 30/06/2020', '3'),
(643, 3, '2020-07-21', 'AUDITORÍA A LOS EE-FF VALORALTA CASA DE BOLSA, C.A. AL 30/06/2020', '3'),
(644, 3, '2020-07-22', 'AUDITORÍA A LOS EE-FF VALORALTA CASA DE BOLSA, C.A. AL 30/06/2020', '3'),
(645, 3, '2020-07-23', 'AUDITORÍA A LOS EE-FF VALORALTA CASA DE BOLSA, C.A. AL 30/06/2020', '2'),
(646, 3, '2020-07-27', 'AUDITORÍA A LOS EE-FF VALORALTA CASA DE BOLSA, C.A. AL 30/06/2020', '4'),
(647, 3, '2020-07-28', 'AUDITORÍA A LOS EE-FF VALORALTA CASA DE BOLSA, C.A. AL 30/06/2020', '4'),
(648, 3, '2020-07-29', 'AUDITORÍA A LOS EE-FF VALORALTA CASA DE BOLSA, C.A. AL 30/06/2020', '2'),
(649, 3, '2020-07-30', 'AUDITORÍA A LOS EE-FF VALORALTA CASA DE BOLSA, C.A. AL 30/06/2020', '3'),
(650, 3, '2020-08-03', 'AUDITORÍA A LOS EE-FF VALORALTA CASA DE BOLSA, C.A. AL 30/06/2020', '7'),
(651, 3, '2020-08-04', 'AUDITORÍA A LOS EE-FF VALORALTA CASA DE BOLSA, C.A. AL 30/06/2020', '6'),
(652, 96, '2020-07-03', 'AUDITORÍA A LOS EE-FF FINANCORP VALORES CASA DE BOLSA, C.A. AL 30/06/2020', '2'),
(653, 96, '2020-07-06', 'AUDITORÍA A LOS EE-FF FINANCORP VALORES CASA DE BOLSA, C.A. AL 30/06/2020', '2'),
(654, 96, '2020-07-07', 'AUDITORÍA A LOS EE-FF FINANCORP VALORES CASA DE BOLSA, C.A. AL 30/06/2020', '8'),
(655, 96, '2020-07-08', 'AUDITORÍA A LOS EE-FF FINANCORP VALORES CASA DE BOLSA, C.A. AL 30/06/2020', '4'),
(656, 96, '2020-07-09', 'AUDITORÍA A LOS EE-FF FINANCORP VALORES CASA DE BOLSA, C.A. AL 30/06/2020', '6'),
(657, 96, '2020-07-10', 'AUDITORÍA A LOS EE-FF FINANCORP VALORES CASA DE BOLSA, C.A. AL 30/06/2020', '6'),
(658, 96, '2020-07-13', 'AUDITORÍA A LOS EE-FF FINANCORP VALORES CASA DE BOLSA, C.A. AL 30/06/2020', '2'),
(659, 96, '2020-07-14', 'AUDITORÍA A LOS EE-FF FINANCORP VALORES CASA DE BOLSA, C.A. AL 30/06/2020', '4'),
(660, 96, '2020-07-15', 'AUDITORÍA A LOS EE-FF FINANCORP VALORES CASA DE BOLSA, C.A. AL 30/06/2020', '2'),
(661, 96, '2020-07-16', 'AUDITORÍA A LOS EE-FF FINANCORP VALORES CASA DE BOLSA, C.A. AL 30/06/2020', '2'),
(662, 14, '2020-08-18', 'AUDITORÍA A LOS EE-FF STATERA CASA DE BOLSA, C.A. AL 30/06/2020', '2'),
(663, 14, '2020-08-24', 'AUDITORÍA A LOS EE-FF STATERA CASA DE BOLSA, C.A. AL 30/06/2020', '1'),
(664, 14, '2020-09-02', 'AUDITORÍA A LOS EE-FF STATERA CASA DE BOLSA, C.A. AL 30/06/2020', '1'),
(665, 14, '2020-09-04', 'AUDITORÍA A LOS EE-FF STATERA CASA DE BOLSA, C.A. AL 30/06/2020', '3'),
(666, 43, '2020-07-06', 'AUDITORIA EEFF AL 30-06-2020', '2'),
(667, 43, '2020-07-07', 'AUDITORIA EEFF AL 30-06-2020', '2'),
(668, 43, '2020-07-08', 'AUDITORIA EEFF AL 30-06-2020', '2'),
(669, 43, '2020-07-09', 'AUDITORIA EEFF AL 30-06-2020', '2'),
(670, 43, '2020-07-10', 'AUDITORIA EEFF AL 30-06-2020', '2'),
(671, 43, '2020-07-13', 'AUDITORIA EEFF AL 30-06-2020', '2'),
(672, 43, '2020-07-14', 'AUDITORIA EEFF AL 30-06-2020', '2'),
(673, 43, '2020-07-15', 'AUDITORIA EEFF AL 30-06-2020', '2'),
(674, 43, '2020-07-16', 'AUDITORIA EEFF AL 30-06-2020', '2'),
(675, 43, '2020-07-17', 'AUDITORIA EEFF AL 30-06-2020', '2'),
(676, 43, '2020-07-20', 'AUDITORIA EEFF AL 30-06-2020', '2'),
(677, 43, '2020-07-21', 'AUDITORIA EEFF AL 30-06-2020', '4'),
(678, 43, '2020-07-22', 'AUDITORIA EEFF AL 30-06-2020', '2'),
(679, 43, '2020-07-23', 'AUDITORIA EEFF AL 30-06-2020', '4'),
(680, 43, '2020-07-27', 'AUDITORIA EEFF AL 30-06-2020', '2'),
(681, 43, '2020-07-28', 'AUDITORIA EEFF AL 30-06-2020', '4'),
(682, 43, '2020-07-29', 'AUDITORIA EEFF AL 30-06-2020', '2'),
(683, 43, '2020-07-30', 'AUDITORIA EEFF AL 30-06-2020', '4'),
(684, 43, '2020-07-31', 'AUDITORIA EEFF AL 30-06-2020', '2'),
(685, 43, '2020-08-03', 'AUDITORIA EEFF AL 30-06-2020', '2'),
(686, 43, '2020-08-04', 'AUDITORIA EEFF AL 30-06-2020', '4'),
(687, 43, '2020-08-05', 'AUDITORIA EEFF AL 30-06-2020', '2'),
(688, 43, '2020-08-06', 'AUDITORIA EEFF AL 30-06-2020', '4'),
(689, 43, '2020-08-07', 'AUDITORIA EEFF AL 30-06-2020', '2'),
(690, 43, '2020-08-10', 'AUDITORIA EEFF AL 30-06-2020', '2'),
(691, 43, '2020-08-11', 'AUDITORIA EEFF AL 30-06-2020', '4'),
(692, 43, '2020-08-12', 'AUDITORIA EEFF AL 30-06-2020', '2'),
(693, 43, '2020-08-13', 'AUDITORIA EEFF AL 30-06-2020', '4'),
(694, 43, '2020-08-14', 'AUDITORIA EEFF AL 30-06-2020', '2'),
(695, 43, '2020-08-17', 'AUDITORIA EEFF AL 30-06-2020', '2'),
(696, 43, '2020-08-18', 'AUDITORIA EEFF AL 30-06-2020', '4'),
(697, 43, '2020-08-19', 'AUDITORIA EEFF AL 30-06-2020', '2'),
(698, 43, '2020-08-20', 'AUDITORIA EEFF AL 30-06-2020', '4'),
(699, 43, '2020-08-21', 'AUDITORIA EEFF AL 30-06-2020', '2'),
(700, 43, '2020-08-24', 'AUDITORIA EEFF AL 30-06-2020', '2'),
(701, 43, '2020-08-25', 'AUDITORIA EEFF AL 30-06-2020', '4'),
(702, 43, '2020-08-26', 'AUDITORIA EEFF AL 30-06-2020', '2'),
(703, 43, '2020-08-27', 'AUDITORIA EEFF AL 30-06-2020', '4'),
(704, 43, '2020-08-28', 'AUDITORIA EEFF AL 30-06-2020', '2'),
(705, 51, '2020-07-06', 'AUDITORIA EEFF AL 30-06-2020', '2'),
(706, 51, '2020-07-07', 'AUDITORIA EEFF AL 30-06-2020', '1'),
(707, 51, '2020-07-08', 'AUDITORIA EEFF AL 30-06-2020', '2'),
(708, 51, '2020-07-09', 'AUDITORIA EEFF AL 30-06-2020', '1'),
(709, 51, '2020-07-10', 'AUDITORIA EEFF AL 30-06-2020', '1'),
(710, 51, '2020-07-13', 'AUDITORIA EEFF AL 30-06-2020', '1'),
(711, 51, '2020-07-14', 'AUDITORIA EEFF AL 30-06-2020', '2'),
(712, 51, '2020-07-15', 'AUDITORIA EEFF AL 30-06-2020', '1'),
(713, 51, '2020-07-16', 'AUDITORIA EEFF AL 30-06-2020', '2'),
(714, 51, '2020-07-17', 'AUDITORIA EEFF AL 30-06-2020', '1'),
(715, 51, '2020-07-20', 'AUDITORIA EEFF AL 30-06-2020', '2'),
(716, 51, '2020-07-21', 'AUDITORIA EEFF AL 30-06-2020', '1'),
(717, 51, '2020-07-22', 'AUDITORIA EEFF AL 30-06-2020', '2'),
(718, 51, '2020-07-23', 'AUDITORIA EEFF AL 30-06-2020', '1'),
(719, 51, '2020-07-27', 'AUDITORIA EEFF AL 30-06-2020', '2'),
(720, 51, '2020-07-28', 'AUDITORIA EEFF AL 30-06-2020', '1'),
(721, 51, '2020-07-29', 'AUDITORIA EEFF AL 30-06-2020', '2'),
(722, 51, '2020-07-30', 'AUDITORIA EEFF AL 30-06-2020', '1'),
(723, 51, '2020-07-31', 'AUDITORIA EEFF AL 30-06-2020', '2'),
(724, 51, '2020-08-03', 'AUDITORIA EEFF AL 30-06-2020', '2'),
(725, 51, '2020-08-04', 'AUDITORIA EEFF AL 30-06-2020', '1'),
(726, 51, '2020-08-05', 'AUDITORIA EEFF AL 30-06-2020', '2'),
(727, 51, '2020-08-06', 'AUDITORIA EEFF AL 30-06-2020', '1'),
(728, 51, '2020-08-07', 'AUDITORIA EEFF AL 30-06-2020', '2'),
(729, 51, '2020-08-10', 'AUDITORIA EEFF AL 30-06-2020', '2'),
(730, 51, '2020-08-11', 'AUDITORIA EEFF AL 30-06-2020', '1'),
(731, 51, '2020-08-12', 'AUDITORIA EEFF AL 30-06-2020', '2'),
(732, 51, '2020-08-13', 'AUDITORIA EEFF AL 30-06-2020', '1'),
(733, 51, '2020-08-14', 'AUDITORIA EEFF AL 30-06-2020', '2'),
(734, 51, '2020-08-17', 'AUDITORIA EEFF AL 30-06-2020', '2'),
(735, 51, '2020-08-18', 'AUDITORIA EEFF AL 30-06-2020', '1'),
(736, 51, '2020-08-19', 'AUDITORIA EEFF AL 30-06-2020', '2'),
(737, 51, '2020-08-20', 'AUDITORIA EEFF AL 30-06-2020', '1'),
(738, 51, '2020-08-21', 'AUDITORIA EEFF AL 30-06-2020', '2'),
(739, 51, '2020-08-24', 'AUDITORIA EEFF AL 30-06-2020', '2'),
(740, 51, '2020-08-25', 'AUDITORIA EEFF AL 30-06-2020', '1'),
(741, 51, '2020-08-26', 'AUDITORIA EEFF AL 30-06-2020', '2'),
(742, 51, '2020-08-27', 'AUDITORIA EEFF AL 30-06-2020', '1'),
(743, 51, '2020-08-28', 'AUDITORIA EEFF AL 30-06-2020', '2'),
(744, 8, '2020-07-20', 'AUDITORIA EEFF AL 30-06-2020', '1'),
(745, 8, '2020-07-21', 'AUDITORIA EEFF AL 30-06-2020', '1'),
(746, 8, '2020-07-22', 'AUDITORIA EEFF AL 30-06-2020', '1'),
(747, 8, '2020-07-23', 'AUDITORIA EEFF AL 30-06-2020', '1'),
(748, 8, '2020-07-27', 'AUDITORIA EEFF AL 30-06-2020', '1'),
(749, 8, '2020-07-28', 'AUDITORIA EEFF AL 30-06-2020', '1'),
(750, 8, '2020-07-29', 'AUDITORIA EEFF AL 30-06-2020', '1'),
(751, 8, '2020-07-30', 'AUDITORIA EEFF AL 30-06-2020', '1'),
(752, 8, '2020-07-31', 'AUDITORIA EEFF AL 30-06-2020', '1'),
(753, 8, '2020-08-03', 'AUDITORIA EEFF AL 30-06-2020', '1'),
(754, 8, '2020-08-04', 'AUDITORIA EEFF AL 30-06-2020', '1'),
(755, 8, '2020-08-05', 'AUDITORIA EEFF AL 30-06-2020', '1'),
(756, 8, '2020-08-06', 'AUDITORIA EEFF AL 30-06-2020', '1'),
(757, 8, '2020-08-07', 'AUDITORIA EEFF AL 30-06-2020', '1'),
(758, 8, '2020-08-10', 'AUDITORIA EEFF AL 30-06-2020', '1'),
(759, 8, '2020-08-11', 'AUDITORIA EEFF AL 30-06-2020', '1'),
(760, 8, '2020-08-12', 'AUDITORIA EEFF AL 30-06-2020', '1'),
(761, 8, '2020-08-13', 'AUDITORIA EEFF AL 30-06-2020', '1'),
(762, 8, '2020-08-14', 'AUDITORIA EEFF AL 30-06-2020', '1'),
(763, 8, '2020-08-17', 'AUDITORIA EEFF AL 30-06-2020', '1'),
(764, 8, '2020-08-18', 'AUDITORIA EEFF AL 30-06-2020', '1'),
(765, 8, '2020-08-19', 'AUDITORIA EEFF AL 30-06-2020', '1'),
(766, 8, '2020-08-20', 'AUDITORIA EEFF AL 30-06-2020', '1'),
(767, 8, '2020-08-21', 'AUDITORIA EEFF AL 30-06-2020', '1'),
(768, 8, '2020-08-24', 'AUDITORIA EEFF AL 30-06-2020', '1'),
(769, 8, '2020-08-25', 'AUDITORIA EEFF AL 30-06-2020', '1'),
(770, 8, '2020-08-26', 'AUDITORIA EEFF AL 30-06-2020', '1'),
(771, 8, '2020-08-27', 'AUDITORIA EEFF AL 30-06-2020', '1'),
(772, 8, '2020-08-28', 'AUDITORIA EEFF AL 30-06-2020', '1'),
(773, 42, '2020-09-04', 'INFORME DE AMLFT DIC 2019 SUCURSAL CURACAO EN ESPAÑOL E INGLES - INFORME DE CONTROL INTERNO SUCURSAL CURACAO DIC 2019 ESPAÑOL E INGLES', '8'),
(774, 42, '2020-09-07', 'ACTUALIZACIÓN 5TO BORRADOR INFORME DE CONTROL INTERNO BDV JUN 2020 - CERTIFICACIONES SUCURSAL CURACAO DIC 2019 NIIF', '8'),
(775, 109, '2020-08-27', 'REVISIÓN Y CLASIFICACIÓN DE INFORMACIÓN CONSIGNADA POR EL CLIENTE', '1'),
(776, 109, '2020-08-28', 'REVISIÓN Y CLASIFICACIÓN DE INFORMACIÓN CONSIGNADA POR EL CLIENTE', '2'),
(777, 42, '2020-07-02', 'AUDITORIA EEFF BANCO DE VENEZUELA AL 30-6-2020', '8'),
(778, 42, '2020-07-03', 'AUDITORIA EEFF BANCO DE VENEZUELA 30-06-2020', '8'),
(779, 47, '2020-07-01', 'AUDITORIA EEFF BANCO DE VENEZUELA - CARTERA DE CREDITO', '4'),
(780, 47, '2020-07-02', 'AUDITORIA EEFF BANCO DE VENEZUELA - CARTERA DE CREDITO', '4'),
(781, 47, '2020-07-03', 'AUDITORIA EFF BANCO DE VENEZUELA - CARTERA DE CREDITO', '4'),
(782, 48, '2020-07-01', 'AUDITORIA DE EEFF BANCO DE VENEZUELA', '4'),
(783, 48, '2020-07-02', 'AUDITORIA DE EEFF BANCO DE VENEZUELA', '4'),
(784, 48, '2020-07-03', 'AUDITORIA DE EEFF BANCO DE VENEZUELA', '4'),
(785, 45, '2020-07-01', 'AUDITORIA EEFF BANCO DE VENEZUELA', '5'),
(786, 45, '2020-07-02', 'AUDITORIA EEFF BANCO DE VENEZUELA', '5'),
(787, 45, '2020-07-03', 'AUDITORIA EEFF BANCO DE VENEZUELA', '5'),
(788, 42, '2020-09-08', 'ACTUALIZACIÓN 6TO BORRADOR CONTROL INTERNO-ACTUALIZACIÓN SUCURSAL BDV INFORME NIIF 2DO BORRADOR DIC 2019', '8'),
(789, 97, '2020-07-07', 'FINANCORP VALORES CASA DE BOLSA, C.A. (AUDITORÍA E-F AL 30 DE JUNIO DE 2020)', '4'),
(790, 97, '2020-07-08', 'FINANCORP VALORES CASA DE BOLSA, C.A. (AUDITORÍA E-F AL 30 DE JUNIO DE 2020)', '4'),
(791, 97, '2020-07-09', 'FINANCORP VALORES CASA DE BOLSA, C.A. (AUDITORÍA E-F AL 30 DE JUNIO DE 2020)', '4'),
(792, 97, '2020-07-10', 'FINANCORP VALORES CASA DE BOLSA, C.A. (AUDITORÍA E-F AL 30 DE JUNIO DE 2020)', '4'),
(793, 97, '2020-07-13', 'FINANCORP VALORES CASA DE BOLSA, C.A. (AUDITORÍA E-F AL 30 DE JUNIO DE 2020)', '4'),
(794, 97, '2020-07-14', 'FINANCORP VALORES CASA DE BOLSA, C.A. (AUDITORÍA E-F AL 30 DE JUNIO DE 2020)', '4'),
(795, 97, '2020-07-15', 'FINANCORP VALORES CASA DE BOLSA, C.A. (AUDITORÍA E-F AL 30 DE JUNIO DE 2020)', '4'),
(796, 97, '2020-07-16', 'FINANCORP VALORES CASA DE BOLSA, C.A. (AUDITORÍA E-F AL 30 DE JUNIO DE 2020)', '4'),
(797, 97, '2020-07-17', 'FINANCORP VALORES CASA DE BOLSA, C.A. (AUDITORÍA E-F AL 30 DE JUNIO DE 2020)', '4'),
(798, 97, '2020-07-20', 'FINANCORP VALORES CASA DE BOLSA, C.A. (AUDITORÍA E-F AL 30 DE JUNIO DE 2020)', '4'),
(799, 97, '2020-07-21', 'FINANCORP VALORES CASA DE BOLSA, C.A. (AUDITORÍA E-F AL 30 DE JUNIO DE 2020)', '4'),
(800, 97, '2020-07-22', 'FINANCORP VALORES CASA DE BOLSA, C.A. (AUDITORÍA E-F AL 30 DE JUNIO DE 2020)', '4'),
(801, 97, '2020-07-23', 'FINANCORP VALORES CASA DE BOLSA, C.A. (AUDITORÍA E-F AL 30 DE JUNIO DE 2020)', '4'),
(802, 97, '2020-07-27', 'FINANCORP VALORES CASA DE BOLSA, C.A. (AUDITORÍA E-F AL 30 DE JUNIO DE 2020)', '4'),
(803, 97, '2020-07-28', 'FINANCORP VALORES CASA DE BOLSA, C.A. (AUDITORÍA E-F AL 30 DE JUNIO DE 2020)', '4'),
(804, 4, '2020-07-15', 'VALORALTA CASA DE BOLSA (AUDITORIA DE LOS ESTADOS FINANCIEROS AL 30/06/2020)', '4'),
(805, 4, '2020-07-16', 'VALORALTA CASA DE BOLSA (AUDITORIA DE LOS ESTADOS FINACIEROS AL 30/06/2020)', '2'),
(806, 4, '2020-07-17', 'VALORALTA CASA DE BOLSA (AUDITORIA DE LOS ESTADOS FINACIEROS AL 30/06/2020)', '4'),
(807, 4, '2020-07-20', 'VALORALTA CASA DE BOLSA (AUDITORIA DE LOS ESTADOS FINACIEROS AL 30/06/2020)', '4'),
(808, 4, '2020-07-21', 'VALORALTA CASA DE BOLSA (AUDITORIA DE LOS ESTADOS FINACIEROS AL 30/06/2020)', '4'),
(809, 4, '2020-07-22', 'VALORALTA CASA DE BOLSA (AUDITORIA DE LOS ESTADOS FINACIEROS AL 30/06/2020)', '4'),
(810, 4, '2020-07-23', 'VALORALTA CASA DE BOLSA (AUDITORIA DE LOS ESTADOS FINACIEROS AL 30/06/2020)', '4'),
(811, 4, '2020-07-27', 'VALORALTA CASA DE BOLSA (AUDITORIA DE LOS ESTADOS FINACIEROS AL 30/06/2020)', '4'),
(812, 4, '2020-07-28', 'VALORALTA CASA DE BOLSA (AUDITORIA DE LOS ESTADOS FINACIEROS AL 30/06/2020)', '2'),
(813, 4, '2020-07-29', 'VALORALTA CASA DE BOLSA (AUDITORIA DE LOS ESTADOS FINACIEROS AL 30/06/2020)', '4'),
(814, 4, '2020-07-30', 'VALORALTA CASA DE BOLSA (AUDITORIA DE LOS ESTADOS FINACIEROS AL 30/06/2020)', '4'),
(815, 4, '2020-07-31', 'VALORALTA CASA DE BOLSA (AUDITORIA DE LOS ESTADOS FINACIEROS AL 30/06/2020)', '4'),
(816, 4, '2020-08-03', 'VALORALTA CASA DE BOLSA (AUDITORIA DE LOS ESTADOS FINACIEROS AL 30/06/2020)', '8'),
(817, 4, '2020-08-04', 'VALORALTA CASA DE BOLSA (AUDITORIA DE LOS ESTADOS FINACIEROS AL 30/06/2020)', '8'),
(818, 4, '2020-08-05', 'VALORALTA CASA DE BOLSA (AUDITORIA DE LOS ESTADOS FINACIEROS AL 30/06/2020)', '4'),
(819, 4, '2020-08-06', 'VALORALTA CASA DE BOLSA (AUDITORIA DE LOS ESTADOS FINACIEROS AL 30/06/2020)', '2'),
(820, 4, '2020-08-07', 'VALORALTA CASA DE BOLSA (AUDITORIA DE LOS ESTADOS FINACIEROS AL 30/06/2020)', '4'),
(821, 4, '2020-08-10', 'VALORALTA CASA DE BOLSA (AUDITORIA DE LOS ESTADOS FINACIEROS AL 30/06/2020)', '4'),
(822, 4, '2020-08-12', 'VALORALTA CASA DE BOLSA (AUDITORIA DE LOS ESTADOS FINACIEROS AL 30/06/2020)', '1'),
(823, 4, '2020-08-13', 'VALORALTA CASA DE BOLSA (AUDITORIA DE LOS ESTADOS FINACIEROS AL 30/06/2020)', '4'),
(824, 4, '2020-08-14', 'VALORALTA CASA DE BOLSA (AUDITORIA DE LOS ESTADOS FINACIEROS AL 30/06/2020)', '4'),
(825, 4, '2020-08-17', 'VALORALTA CASA DE BOLSA (AUDITORIA DE LOS ESTADOS FINACIEROS AL 30/06/2020)', '4'),
(826, 4, '2020-08-19', 'VALORALTA CASA DE BOLSA (AUDITORIA DE LOS ESTADOS FINACIEROS AL 30/06/2020)', '2'),
(827, 4, '2020-08-02', 'VALORALTA CASA DE BOLSA (AUDITORIA DE LOS ESTADOS FINACIEROS AL 30/06/2020)', '2'),
(828, 99, '2020-08-31', 'TRABAJO DEL 31-8 AL 4-9', '4'),
(829, 30, '2020-09-03', 'ANÁLISIS DE INFORMACION RECIBIDA Y RESPUESTA A CLIENTE', '2'),
(856, 31, '2020-09-03', 'REEXPRESION (AGB)  CUADRE DE LAS CIFRAS HISTORICAS DE FLUJO DE EFECTIVO Y REME. DE LOS AÑOS 2015, 2016, 2017, 2018', '6'),
(857, 31, '2020-09-04', 'REEXPRESION (AGB)  CUADRE DE LAS CIFRAS HISTORICAS DE FLUJO DE EFECTIVO Y REME. DE LOS AÑOS 2015, 2016, 2017, 2018', '6'),
(859, 31, '2020-09-07', 'REEXPRESION (AGB)  CUADRE DE LAS CIFRAS HISTORICAS DE FLUJO DE EFECTIVO Y REME. DE LOS AÑOS 2015, 2016, 2017, 2018, 2019 Y 2020', '6'),
(860, 31, '2020-09-08', 'REEXPRESION (AGB)  CUADRE DE LAS CIFRAS HISTORICAS DE FLUJO DE EFECTIVO Y REME. DE LOS AÑOS 2015, 2016, 2017, 2018, 2019 Y 2020. AJUSTES DESDE 2015 A 2020.', '6'),
(862, 89, '2020-08-31', 'PLANIFICACION', '2'),
(863, 105, '2020-09-09', 'PLANIFICACION', '4'),
(864, 89, '2020-09-04', 'PLANIFICACION', '2'),
(865, 89, '2020-09-10', 'PLANIFICACION', '4'),
(866, 25, '2020-07-01', 'REVISIÓN DE DEBERES FORMALES', '4'),
(867, 25, '2020-07-02', 'REVISIÓN DE DEBERES FORMALES', '2'),
(868, 25, '2020-07-03', 'REVISIÓN DE DEBERES FORMALES Y REVISIÓN DE PROVISIÓN DE ISLR DE INMUEBLES BDV', '1'),
(870, 38, '2020-08-03', 'ANALISIS CONTABLE, RECLASIFICACION Y AJUSTE CONTABLE', '5'),
(871, 38, '2020-08-04', 'ANALISIS CONTABLE, RECLASIFICACION Y AJUSTE CONTABLE', '5'),
(872, 38, '2020-09-04', 'ANALISIS CONTABLE, RECLASIFICACION Y AJUSTE CONTABLE', '5'),
(873, 38, '2020-09-07', 'ANALISIS CONTABLE, RECLASIFICACION Y AJUSTE CONTABLE', '5'),
(874, 38, '2020-09-08', 'ANALISIS CONTABLE, RECLASIFICACION Y AJUSTE CONTABLE', '5'),
(875, 10, '2020-09-01', 'BANCO AGRÍCOLA DE VENEZUELA AUDITORÍA AL 30 DE JUNIO DE 2020', '8'),
(876, 10, '2020-09-02', 'BANCO AGRÍCOLA DE VENEZUELA AUDITORÍA AL 30 DE JUNIO DE 2020', '8'),
(877, 10, '2020-09-03', 'BANCO AGRÍCOLA DE VENEZUELA AUDITORÍA AL 30 DE JUNIO DE 2020', '8'),
(878, 10, '2020-09-04', 'BANCO AGRÍCOLA DE VENEZUELA AUDITORÍA AL 30 DE JUNIO DE 2020', '8'),
(879, 10, '2020-09-08', 'BANCO AGRÍCOLA DE VENEZUELA AUDITORÍA AL 30 DE JUNIO DE 2020', '2'),
(880, 38, '2020-08-05', 'ANALISIS CONTABLE, RECLASIFICACION Y AJUSTE CONTABLE', '5'),
(881, 10, '2020-09-10', 'BANCO AGRÍCOLA DE VENEZUELA AUDITORÍA AL 30 DE JUNIO DE 2020', '8'),
(882, 38, '2020-08-06', 'ANALISIS CONTABLE, RECLASIFICACION Y AJUSTE CONTABLE', '5'),
(883, 10, '2020-09-11', 'BANCO AGRÍCOLA DE VENEZUELA AUDITORÍA AL 30 DE JUNIO DE 2020', '4'),
(884, 38, '2020-08-07', 'ANALISIS CONTABLE, RECLASIFICACION Y AJUSTE CONTABLE', '5'),
(885, 38, '2020-08-10', 'ANALISIS CONTABLE, RECLASIFICACION Y AJUSTE CONTABLE', '5'),
(886, 38, '2020-08-11', 'ANALISIS CONTABLE, RECLASIFICACION Y AJUSTE CONTABLE', '5'),
(887, 38, '2020-08-12', 'ANALISIS CONTABLE, RECLASIFICACION Y AJUSTE CONTABLE', '5'),
(888, 38, '2020-08-13', 'ANALISIS CONTABLE, RECLASIFICACION Y AJUSTE CONTABLE', '5'),
(889, 38, '2020-08-14', 'ANALISIS CONTABLE, RECLASIFICACION Y AJUSTE CONTABLE', '5'),
(890, 38, '2020-08-17', 'ANALISIS CONTABLE, RECLASIFICACION Y AJUSTE CONTABLE', '5'),
(891, 38, '2020-08-18', 'ANALISIS CONTABLE, RECLASIFICACION Y AJUSTE CONTABLE', '5'),
(892, 38, '2020-08-19', 'ANALISIS CONTABLE, RECLASIFICACION Y AJUSTE CONTABLE', '5'),
(893, 38, '2020-08-20', 'ANALISIS CONTABLE, RECLASIFICACION Y AJUSTE CONTABLE', '5'),
(894, 38, '2020-08-21', 'ANALISIS CONTABLE, RECLASIFICACION Y AJUSTE CONTABLE', '5'),
(895, 38, '2020-08-24', 'ANALISIS CONTABLE, RECLASIFICACION Y AJUSTE CONTABLE', '5'),
(896, 38, '2020-08-25', 'ANALISIS CONTABLE, RECLASIFICACION Y AJUSTE CONTABLE', '5'),
(897, 38, '2020-08-26', 'ANALISIS CONTABLE, RECLASIFICACION Y AJUSTE CONTABLE', '5'),
(898, 38, '2020-08-27', 'ANALISIS CONTABLE, RECLASIFICACION Y AJUSTE CONTABLE', '5'),
(899, 38, '2020-08-28', 'ANALISIS CONTABLE, RECLASIFICACION Y AJUSTE CONTABLE', '5'),
(900, 38, '2020-09-01', 'ANALISIS CONTABLE, RECLASIFICACION Y AJUSTE CONTABLE', '5'),
(901, 38, '2020-09-02', 'ANALISIS CONTABLE, RECLASIFICACION Y AJUSTE CONTABLE', '5'),
(902, 38, '2020-09-03', 'ANALISIS CONTABLE, RECLASIFICACION Y AJUSTE CONTABLE', '5'),
(903, 38, '2020-09-09', 'ANALISIS CONTABLE, RECLASIFICACION Y AJUSTE CONTABLE', '5'),
(904, 38, '2020-09-10', 'ANALISIS CONTABLE, RECLASIFICACION Y AJUSTE CONTABLE', '5'),
(905, 38, '2020-09-11', 'ANALISIS CONTABLE, RECLASIFICACION Y AJUSTE CONTABLE', '5'),
(906, 38, '2020-09-14', 'ANALISIS CONTABLE, RECLASIFICACION Y AJUSTE CONTABLE', '5'),
(907, 38, '2020-09-15', 'ANALISIS CONTABLE, RECLASIFICACION Y AJUSTE CONTABLE', '5'),
(908, 46, '2020-09-11', 'REVISIÓN Y ADAPTACIÓN DEL BALANCE PARA CARGAR EN EL AUDINOVA', '8'),
(909, 42, '2020-09-09', 'ACTUALIZACIÓN DE INFORME DE NIIF SUCURSAL CURACAO E INFORME DE TI DIC 2019', '8'),
(910, 42, '2020-09-10', 'ACTUALIZACION DE INFORME DE RIESGO SUCURSAL CURACAO DIC 2019 - ACTUALIZACION INFORME AMLFT SUCURSAL CURACAO DIC 2019', '8'),
(911, 42, '2020-09-11', 'AUDITORIA DE EEFF BANCO DE VENEZUELA JUN 2020', '8'),
(912, 42, '2020-09-14', 'ACTUALIZACION INFORME NIIF SUCURSAL CURACAO DIC 2019 - ACTUALIZACION INFORME SUCURSAL TI DIC 2019', '8'),
(913, 42, '2020-09-15', 'EDICION INFORMES SUCURSAL CURACAO DIC 2019 PARA SU EMISION', '4'),
(914, 80, '2020-07-09', 'ANALISIS DE MAYORES PARA CONCILIACIÓN FISCAL', '8'),
(916, 80, '2020-07-13', 'ANALISIS DE MAYORES PARA CONCILIACIÓN FISCAL', '8'),
(917, 80, '2020-07-15', 'REFERENCIAR DOCUMENTOS CON PAPEL DE TRABAJO', '4'),
(918, 80, '2020-07-16', 'CORRECCIONES EN PLANTILLA', '4'),
(919, 8, '2020-08-31', 'AUDITORIA EEFF AL 30-06-2020', '2'),
(920, 8, '2020-09-01', 'AUDITORIA EEFF AL 30-06-2020', '1'),
(921, 8, '2020-09-02', 'AUDITORIA EEFF AL 30-06-2020', '2'),
(922, 8, '2020-09-03', 'AUDITORIA EEFF AL 30-06-2020', '1'),
(923, 8, '2020-09-04', 'AUDITORIA EEFF AL 30-06-2020', '2'),
(924, 8, '2020-09-07', 'AUDITORIA EEFF AL 30-06-2020', '2'),
(925, 8, '2020-09-08', 'AUDITORIA EEFF AL 30-06-2020', '1'),
(926, 8, '2020-09-09', 'AUDITORIA EEFF AL 30-06-2020', '2'),
(927, 8, '2020-09-10', 'AUDITORIA EEFF AL 30-06-2020', '1'),
(928, 8, '2020-09-11', 'AUDITORIA EEFF AL 30-06-2020', '2'),
(929, 44, '2020-09-04', 'CAMBIOS INFORME HISTÓRICO Y ESPECIAL FORMATO PDF PARA EMISIÓN - RESPUESTAS AL CLIENTE PUNTOS DE CONTROL INTERNO', '4'),
(930, 44, '2020-09-07', 'PAPELES DE TRABAJO INVERSIONES Y CUENTAS DE ORDEN - RECÁLCULOS DE INTERESES INVERSIONES Y CRUCE CON CUSTODIOS', '5'),
(931, 44, '2020-09-08', 'PAPELES DE TRABAJO INVERSIONES Y CUENTAS DE ORDEN - RECÁLCULOS DE INTERESES INVERSIONES Y CRUCE CON CUSTODIOS', '5'),
(932, 44, '2020-09-09', 'PAPELES DE TRABAJO REVISION PERSONAL JUN 2020', '4'),
(933, 44, '2020-09-10', 'PAPELES DE TRABAJO REVISION PERSONAL JUN 2020', '4'),
(934, 45, '2020-09-04', 'AUDITORIA EEFF BANCO DE VENEZUELA - CARTERA DE CRÉDITOS', '8'),
(935, 45, '2020-09-07', 'AUDITORIA EEFF BANCO DE VENEZUELA - ACUM Y OTROS PASIVOS', '8'),
(936, 45, '2020-09-08', 'AUDITORIA EEFF BANCO DE VENEZUELA - SUCURSAL CURACAO', '8'),
(937, 45, '2020-09-09', 'AUDITORIA EEFF BANCO DE VENEZUELA - SUCURSAL CURACAO', '6'),
(938, 45, '2020-09-10', 'AUDITORIA EEFF SUCURSAL CURACAO NIIF DIC 19', '8'),
(939, 45, '2020-09-11', 'AUDITORIA EEFF SUCURSAL CURACAO NIIF DIC 19', '6'),
(940, 47, '2020-08-31', 'PREPARACIÓN DE ARCHIVO GENERAL SUCURSAL CURACAO AL 30-06-2020', '4'),
(941, 47, '2020-09-01', 'PREPARACIÓN DE ARCHIVO GENERAL SUCURSAL CURACAO AL 30-06-2020', '4'),
(942, 47, '2020-09-02', 'REVISIÓN PAPELES DE TRABAJO DE OTROS ACTIVOS AL 30-6-2020', '4'),
(943, 47, '2020-09-03', 'REVISIÓN PAPELES DE TRABAJO DE OTROS ACTIVOS AL 30-6-2020', '4'),
(944, 47, '2020-09-04', 'REVISIÓN PAPELES DE TRABAJO DE OTROS ACTIVOS AL 30-6-2020', '4'),
(945, 48, '2020-08-31', 'AUDITORIA DE EEFF BANCO DE VENEZUELA - REVISIÓN DE PAPELES DE TRABAJO PERSONAL ASISTENTE BIENES DE USO', '4'),
(946, 48, '2020-09-01', 'AUDITORIA DE EEFF BANCO DE VENEZUELA - REVISIÓN DE PAPELES DE TRABAJO PERSONAL ASISTENTE BIENES DE USO', '4'),
(947, 48, '2020-09-02', 'AUDITORIA DE EEFF BANCO DE VENEZUELA - REVISIÓN DE PAPELES DE TRABAJO PERSONAL ASISTENTE BIENES DE USO', '4'),
(948, 48, '2020-09-03', 'AUDITORIA DE EEFF BANCO DE VENEZUELA - PAPELES DE TRABAJO INVERSIONES DEL FIDEICOMISO', '4'),
(949, 48, '2020-09-04', 'AUDITORIA DE EEFF BANCO DE VENEZUELA - PAPELES DE TRABAJO INVERSIONES DEL FIDEICOMISO', '4'),
(950, 49, '2020-08-31', 'AUDITORIA EEFF BANCO DE VENEZUELA - BIENES DE USO', '4'),
(951, 49, '2020-09-01', 'AUDITORIA EEFF BANCO DE VENEZUELA - BIENES DE USO', '4'),
(952, 49, '2020-09-02', 'AUDITORIA EEFF BANCO DE VENEZUELA - BIENES DE USO', '4'),
(953, 49, '2020-09-03', 'AUDITORIA EEFF BANCO DE VENEZUELA - BIENES DE USO', '4'),
(954, 49, '2020-09-04', 'AUDITORIA EEFF BANCO DE VENEZUELA - BIENES DE USO', '4'),
(981, 46, '2020-09-14', 'REVISIÓN Y ADAPTACIÓN DEL BALANCE PARA CARGAR EN EL AUDINOVA', '8'),
(983, 46, '2020-09-16', 'REVISIÓN Y ADAPTACIÓN DEL BALANCE PARA CARGAR EN EL AUDINOVA', '4'),
(984, 46, '2020-09-17', 'REVISIÓN Y ADAPTACIÓN DEL BALANCE PARA CARGAR EN EL AUDINOVA', '4'),
(985, 46, '2020-09-17', 'CARGAR PAPELES DE TRABAJO DE PCLCFT/FT/FPADM AL AUDINOVA', '2'),
(1030, 46, '2020-09-15', 'REVISIÓN Y ADAPTACIÓN DEL BALANCE PARA CARGAR EN EL AUDINOVA', '4'),
(1031, 20, '2020-09-08', 'REVISIÓN TRIBUTARIA 2020', '8'),
(1032, 20, '2020-09-09', 'REVISIÓN TRIBUTARIA', '2'),
(1033, 24, '2020-09-01', 'REVISIÓN TRIBUTARIA 1ER SEMESTRE 2020', '8'),
(1034, 24, '2020-09-02', 'REVISIÓN TRIBUTARIA 1ER SEMESTRE 2020', '2'),
(1035, 58, '2020-07-31', 'PREPARACIÓN LIBROS DE COMPRA', '8'),
(1036, 58, '2020-08-03', 'PREPARACIÓN LIBROS DE COMPRA', '8'),
(1037, 58, '2020-08-04', 'PREPARACIÓN LIBROS DE COMPRA', '8'),
(1038, 58, '2020-08-05', 'PREPARACIÓN LIBROS DE COMPRA', '8'),
(1039, 58, '2020-08-06', 'PREPARACIÓN LIBROS DE COMPRA', '8'),
(1041, 58, '2020-08-07', 'PREPARACIÓN LIBROS DE COMPRA', '8'),
(1042, 58, '2020-09-17', 'PREPARACIÓN LIBROS DE COMPRA', '8'),
(1043, 58, '2020-09-18', 'PREPARACIÓN LIBROS DE COMPRA', '8'),
(1044, 60, '2020-08-14', 'PREPARACIÓN LIBROS DE COMPRA', '8'),
(1045, 60, '2020-08-17', 'PREPARACIÓN LIBROS DE COMPRA', '8'),
(1046, 60, '2020-08-18', 'PREPARACIÓN LIBROS DE COMPRA', '8'),
(1047, 60, '2020-08-19', 'PREPARACIÓN LIBROS DE COMPRA', '6'),
(1048, 62, '2020-08-20', 'PREPARACIÓN LIBROS DE COMPRA', '8'),
(1050, 25, '2020-07-06', 'REVISIÓN DE DEBERES FORMALES', '2'),
(1051, 25, '2020-07-07', 'REVISIÓN DE DEBERES FORMALES', '2'),
(1052, 62, '2020-08-21', 'PREPARACIÓN LIBROS DE COMPRA', '2'),
(1053, 25, '2020-07-08', 'REVISIÓN DE DEBERES FORMALES', '3'),
(1054, 64, '2020-07-02', 'ASESORIA FISCAL', '8'),
(1056, 64, '2020-07-09', 'ASESORIA FISCAL', '8'),
(1057, 64, '2020-07-16', 'ASESORIA FISCAL 2020', '8'),
(1058, 64, '2020-07-23', 'ASESORIA FISCAL 2020', '8'),
(1059, 64, '2020-07-30', 'ASESORIA FISCAL 2020', '8'),
(1060, 64, '2020-08-24', 'ASESORIA FISCAL 2020', '8'),
(1061, 64, '2020-08-25', 'ASESORIA FISCAL 2020', '8'),
(1062, 64, '2020-08-26', 'ASESORIA FISCAL 2020', '8'),
(1063, 64, '2020-08-27', 'ASESORIA FISCAL 2020', '8'),
(1064, 64, '2020-08-28', 'ASESORIA FISCAL 2020', '8'),
(1065, 64, '2020-08-31', 'ASESORIA FISCAL 2020', '8'),
(1066, 66, '2020-09-14', 'DDR 2020', '8'),
(1067, 66, '2020-09-15', 'DDR 2020', '8'),
(1068, 66, '2020-09-16', 'DDR 2020 REUNIÓN EN SUS OFICINAS', '4'),
(1069, 69, '2020-09-02', 'CONTINGENCIA IGTF', '6'),
(1070, 69, '2020-09-07', 'CONTINGENCIA IGTF 2020', '4'),
(1071, 69, '2020-09-11', 'CONTINGENCIA IGTF 2020', '1'),
(1072, 69, '2020-09-16', 'CONTINGENCIA IGTF 2020', '4'),
(1073, 64, '2020-08-21', 'ASESORIA FISCAL 2020', '6'),
(1074, 64, '2020-08-21', 'ASESORIA FISCAL 2020', '6'),
(1075, 64, '2020-08-21', 'ASESORIA FISCAL 2020', '6'),
(1076, 78, '2020-09-10', 'DDR 2019', '8'),
(1077, 78, '2020-09-10', 'DDR 2019', '8'),
(1078, 78, '2020-09-11', 'DDR 2019', '7'),
(1079, 25, '2020-07-15', 'REVISIÓN DE DEBERES FORMALES', '1'),
(1081, 25, '2020-07-20', 'REVISIÓN DE DEBERES FORMALES', '2'),
(1082, 25, '2020-07-21', 'REVISIÓN DE DEBERES FORMALES', '6'),
(1083, 25, '2020-07-22', 'REVISIÓN DE DEBERES FORMALES', '7'),
(1084, 25, '2020-07-23', 'REVISIÓN DE DEBERES FORMALES', '5'),
(1085, 25, '2020-07-27', 'REVISIÓN DE DEBERES FORMALES', '2'),
(1086, 25, '2020-07-31', 'REVISIÓN DE DEBERES FORMALES', '3'),
(1087, 25, '2020-08-04', 'REVISIÓN DE DEBERES FORMALES', '2'),
(1088, 25, '2020-08-05', 'REVISIÓN DE DEBERES FORMALES', '7'),
(1089, 25, '2020-08-06', 'REVISIÓN DE DEBERES FORMALES', '3'),
(1090, 25, '2020-08-07', 'REVISIÓN DE DEBERES FORMALES', '1'),
(1091, 110, '2020-09-02', 'REU NIONES', '3'),
(1092, 110, '2020-09-03', 'REUNION 2', '8'),
(1093, 110, '2020-09-08', 'REUNION3', '4'),
(1099, 115, '2020-07-02', 'RECIBÍ LA PRIMERA ENTREGA DE DOCUMENTOS DEL BANCO Y LOS ORGANICÉ EN LAS CARPETAS CORRESPONDIENTES', '4'),
(1100, 115, '2020-07-03', 'INICIO DE ANÁLISIS DE LOS DOCUMENTOS RECIBIDOS.', '4'),
(1106, 115, '2020-07-04', 'REVISIÓN DE ACTAS', '4'),
(1107, 115, '2020-07-05', 'REVISIÓN DE ACTAS', '4'),
(1108, 115, '2020-07-06', 'CONTINUACIÓN REVISIÓN DE INFORMACIÓN E INICIO DE DEL BORRADOR', '4'),
(1109, 115, '2020-07-07', 'REVISIÓN DE DOCUMENTACIÓN E INCORPORACIÓN AL INFORME', '4'),
(1110, 115, '2020-07-08', 'REVISIÓN DE DOCUMENTACIÓN E INCORPORACIÓN AL INFORME', '4'),
(1111, 115, '2020-07-09', 'REVISIÓN DE DOCUMENTACIÓN E INCORPORACIÓN AL INFORME', '4'),
(1112, 115, '2020-07-10', 'REVISIÓN DE DOCUMENTACIÓN E INCORPORACIÓN AL INFORME', '4'),
(1113, 46, '2020-09-18', 'REVISIÓN Y ADAPTACIÓN DEL BALANCE PARA CARGAR EN EL AUDINOVA', '8'),
(1114, 115, '2020-07-11', 'REVISIÓN DE ACTAS Y ELABORACIÓN DE DOCUMENTO DEL ANÁLISIS DE LAS MISMAS', '5'),
(1115, 115, '2020-07-12', 'REVISIÓN DE ACTAS Y ELABORACIÓN DE DOCUMENTO DEL ANÁLISIS DE LAS MISMAS', '5'),
(1116, 115, '2020-07-13', 'REUNIÓN TELEFÓNICA CON LA SRA. MIRNANGELA E INICIO DE LA ELABORACIÓN DEL SEGUNDO CUESTIONARIO EXPLORATORIO', '4'),
(1117, 115, '2020-07-14', 'CONTINUACIÓN DE LA ELABORACIÓN DEL SEGUNDO CUESTIONARIO EXPLORATORIO', '4'),
(1118, 115, '2020-07-15', 'DISCUSIÓN DEL SEGUNDO CUESTIONARIO EXPLORATORIO CON EL EQUIPO DE TRABAJO Y CORRECCIÓN', '6'),
(1119, 115, '2020-07-16', 'REUNIÓN TELEFÓNICA CON LA SRA. MIRNANGELA; RECEPCIÓN DE ACTAS ADICIONALES, REVISIÓN DE LAS MISMAS E INCORPORACIÓN AL DOCUMENTO DE ANÁLISIS.', '6'),
(1120, 115, '2020-07-22', 'ENVÍO DE REQUERIMIENTOS ADICIONALES Y REUNIÓN TELEFÓNICA CON EL PERSONAL DEL BANCO', '4'),
(1121, 115, '2020-07-23', 'REUNIÓN VÍA TELEFÓNICA CON EL PERSONAL DEL BANCO PARA EXPLICACIÓN Y SOPORTE EN EL USO DEL SERVIDOR FTP', '4'),
(1122, 115, '2020-07-27', 'RECEPCIÓN DE LA PRIMERA CARGA DE INFORMACIÓN EN EL SERVIDOR FTP Y ORGANIZACIÓN DE LA MISMA', '5'),
(1123, 115, '2020-07-28', 'REVISIÓN DE LA DOCUMENTACIÓN', '4'),
(1125, 115, '2020-07-29', 'RECEPCIÓN DE LA SEGUNDA CARGA DE INFORMACIÓN EN EL SERVIDOR FTP, REVISIÓN DE LA DOCUMENTACIÓN, CLASIFICACIÓN DE LA MISMA Y CONTINUACIÓN DEL BORRADOR', '5'),
(1126, 115, '2020-07-30', 'RECEPCIÓN DE LA TERCERA CARGA DE INFORMACIÓN EN EL SERVIDOR FTP, REVISIÓN DE LA DOCUMENTACIÓN, CLASIFICACIÓN DE LA MISMA Y CONTINUACIÓN DEL BORRADOR', '5'),
(1128, 115, '2020-07-31', 'RECEPCIÓN DE LA CUARTA CARGA DE INFORMACIÓN EN EL SERVIDOR FTP, REVISIÓN DE LA DOCUMENTACIÓN, CLASIFICACIÓN DE LA MISMA Y CONTINUACIÓN DEL BORRADOR', '4'),
(1129, 115, '2020-08-03', 'CONTINUACIÓN DEL BORRADOR', '4'),
(1130, 115, '2020-08-04', 'CONTINUACIÓN DEL BORRADOR', '4'),
(1131, 115, '2020-08-05', 'CONTINUACIÓN DEL BORRADOR', '4'),
(1133, 115, '2020-08-13', 'RECEPCIÓN DE INFORMACIÓN ADICIONAL POR PARTE DE LA SRA. MIRNANGELA, REVISIÓN DE LA DOCUMENTACIÓN E INCORPORACIÓN AL BORRADOR', '4'),
(1134, 115, '2020-08-14', 'CONTINUACIÓN DEL BORRADOR Y ENVÍO AL DEPARTAMENTO DE EDICIÓN', '4'),
(1135, 115, '2020-08-20', 'REVISIÓN DEL BORRADOR Y ENVÍO AL CLIENTE', '2'),
(1136, 115, '2020-08-21', 'RECEPCIÓN DE OBSERVACIONES POR PARTE DEL BANCO RESPECTO AL BORRADOR DEL INFORME Y ANÁLISIS DEL DOCUMENTO', '4'),
(1138, 115, '2020-08-25', 'ELABORACIÓN DE CARTA DE RESPUESTA AL BANCO', '4'),
(1139, 115, '2020-08-26', 'DISCUSIÓN DE CARTA DE RESPUESTA CON EL EQUIPO DE TRABAJO', '4'),
(1140, 115, '2020-08-24', 'ELABORACIÓN DE CARTA DE RESPUESTA AL BANCO Y ELABORACIÓN DE CARTA DE CONTROL INTERNO DEL BANCO', '4'),
(1144, 115, '2020-09-14', 'REUNIÓN CON EL PERSONAL DEL BANCO Y ELABORACIÓN DEL TERCER BORRADOR DEL INFORME', '8'),
(1145, 112, '2020-07-17', 'RECEPCIÓN DEL CUESTIONARIO EXPLORATORIO Y REVISIÓN DEL MISMO', '4'),
(1146, 112, '2020-07-20', 'ANÁLISIS DEL CUESTIONARIO Y EXTRACCIÓN DE HALLAZGOS', '4'),
(1149, 112, '2020-07-21', 'ELABORACIÓN DE CARTA DE REQUERIMIENTOS, SEGÚN ANÁLISIS DE CUESTIONARIO', '4'),
(1150, 112, '2020-07-24', 'INICIO DE LA ELABORACIÓN DEL BORRADOR', '4'),
(1151, 112, '2020-08-06', 'CONTINUACIÓN DEL BORRADOR', '4'),
(1152, 112, '2020-08-07', 'CONTINUACIÓN DEL BORRADOR', '4'),
(1153, 112, '2020-08-10', 'SOPORTE PRESTADO AL CLIENTE EN CUENTO AL SERVIDOR FTP', '4'),
(1154, 112, '2020-08-11', 'CONTINUACIÓN DEL BORRADOR', '4'),
(1155, 112, '2020-08-12', 'CONTINUACIÓN DEL BORRADOR', '4'),
(1156, 112, '2020-08-17', 'RECEPCIÓN DE PRIMERA CARGA DE INFORMACIÓN EN EL SERVIDOR FTP', '4'),
(1157, 112, '2020-08-18', 'REVISIÓN DE DOCUMENTACIÓN, ORGANIZACIÓN Y ANÁLISIS DE LA MISMA', '4'),
(1158, 112, '2020-08-19', 'INCORPORACIÓN DE INFORMACIÓN AL BORRADOR', '4'),
(1159, 112, '2020-08-20', 'CONTINUACIÓN DEL BORRADOR', '2'),
(1160, 112, '2020-08-22', 'CONTINUACIÓN DEL BORRADOR', '8'),
(1161, 112, '2020-08-23', 'CONTINUACIÓN DEL BORRADOR', '5'),
(1162, 112, '2020-08-25', 'REVISIÓN DOCUMENTACIÓN Y BORRADOR CON EL EQUIPO DE TRABAJO', '1'),
(1163, 112, '2020-08-26', 'REVISIÓN DOCUMENTACIÓN Y BORRADOR CON EL EQUIPO DE TRABAJO', '1'),
(1166, 112, '2020-08-27', 'RECEPCIÓN DE DOCUMENTACIÓN ADICIONAL, REVISIÓN, ORGANIZACIÓN Y ANÁLISIS DE LA MISMA', '5'),
(1167, 112, '2020-08-28', 'CONTINUACIÓN DEL BORRADOR', '5'),
(1169, 112, '2020-08-29', 'CONTINUACIÓN DEL BORRADOR', '6'),
(1170, 112, '2020-08-30', 'CONTINUACIÓN DEL BORRADOR', '6'),
(1171, 112, '2020-08-31', 'REVISIÓN DOCUMENTACIÓN Y BORRADOR CON EL EQUIPO DE TRABAJO', '4'),
(1172, 115, '2020-09-09', 'REUNIÓN CON EL PERSONAL DEL BANCO PARA DISCUTIR EL BORRADOR FINAL', '8'),
(1173, 115, '2020-09-10', 'ELABORACIÓN DEL SEGUNDO BORRADOR DEL INFORME', '8'),
(1176, 115, '2020-09-11', 'REVISIÓN Y DISCUSIÓN DEL SEGUNDO BORRADOR DEL INFORME CON EL EQUIPO DE TRABAJO', '4'),
(1178, 115, '2020-09-15', 'REVISIÓN Y DISCUSIÓN DEL TERCER BORRADOR DEL INFORME CON EL EQUIPO DE TRABAJO', '4'),
(1179, 115, '2020-09-16', 'INCORPORACIÓN DE INFORMACIÓN ADICIONAL POR PARTE DEL BANCO, AL BORRADOR', '4'),
(1180, 115, '2020-09-17', 'ESPERA DE APROBACIÓN DEL INFORME POR PARTE DEL BANCO', '8'),
(1181, 115, '2020-09-18', 'ENVÍO DE INFORME FINAL AL DEPARTAMENTO DE EDICIÓN, EN CONJUNTO CON LA HOJA DE RUTA', '1'),
(1182, 114, '2020-07-03', 'REVISIÓN CD BANCO DE VENEZUELA', '3'),
(1183, 114, '2020-07-09', 'REVISIÓN DE ACTAS', '3'),
(1184, 114, '2020-07-20', 'SEGUIMIENTO', '2'),
(1185, 114, '2020-07-23', 'PRESENTACIÓN FTP, SEGUIMIENTO DE ACTIVIDADES', '2'),
(1186, 117, '2020-07-02', 'SEGUIMIENTO DE ACTIVIDADES', '1'),
(1187, 117, '2020-07-24', 'SEGUIMIENTO ACTIVIDADES', '2'),
(1188, 26, '2020-07-01', 'CARGAR INFORMACIÓN PROPORCIONADA POR EL CLIENTE EN LA PLANTILLA', '8'),
(1189, 26, '2020-07-02', 'CARGAR INFORMACIÓN PROPORCIONADA POR EL CLIENTE EN LA PLANTILLA', '8'),
(1190, 26, '2020-07-03', 'CARGAR INFORMACIÓN PROPORCIONADA POR EL CLIENTE EN LA PLANTILLA', '8'),
(1191, 26, '2020-07-06', 'CARGAR INFORMACIÓN PROPORCIONADA POR EL CLIENTE EN LA PLANTILLA', '8'),
(1193, 26, '2020-07-07', 'CARGAR INFORMACIÓN PROPORCIONADA POR EL CLIENTE EN LA PLANTILLA', '4'),
(1194, 26, '2020-07-08', 'CARGAR INFORMACIÓN PROPORCIONADA POR EL CLIENTE EN LA PLANTILLA', '5'),
(1195, 26, '2020-07-09', 'CARGAR INFORMACIÓN PROPORCIONADA POR EL CLIENTE EN LA PLANTILLA', '8'),
(1196, 26, '2020-07-10', 'CARGAR INFORMACIÓN PROPORCIONADA POR EL CLIENTE EN LA PLANTILLA', '4'),
(1197, 22, '2020-07-07', 'CARGAR INFORMACIÓN PROPORCIONADA POR EL CLIENTE EN LA PLANTILLA', '4'),
(1198, 22, '2020-07-08', 'CARGAR INFORMACIÓN PROPORCIONADA POR EL CLIENTE EN LA PLANTILLA', '3'),
(1199, 22, '2020-07-10', 'CARGAR INFORMACIÓN PROPORCIONADA POR EL CLIENTE EN LA PLANTILLA', '2'),
(1200, 9, '2020-07-14', 'REVISIÓN DE LOS BIENES DE USO AL 30 DE JUNIO DE 2020', '8'),
(1201, 22, '2020-07-13', 'CARGAR INFORMACIÓN PROPORCIONADA POR EL CLIENTE EN LA PLANTILLA', '3'),
(1202, 59, '2020-07-01', 'LIBROS DE COMPRAS', '8'),
(1203, 9, '2020-07-16', 'ELABORACIÓN DEL BALANCE EN AUDINOVA DEL FIDEICOMISO AL 30 DE JUNIO DE 2020', '8'),
(1204, 59, '2020-07-02', 'LIBRO DE COMPRAS', '8'),
(1205, 22, '2020-07-14', 'CARGAR INFORMACIÓN PROPORCIONADA POR EL CLIENTE EN LA PLANTILLA', '5'),
(1206, 9, '2020-07-17', 'REVISIÓN DE LAS INVERSIONES DEL FIDEICOMISO AL 30 DE JUNIO DE 2020', '8'),
(1207, 59, '2020-07-03', 'LIBROS DE COMPRAS', '8'),
(1208, 9, '2020-07-15', 'REVISIÓN DE LOS BIENES DE USO AL 30 DE JUNIO DE 2020', '8'),
(1209, 9, '2020-07-20', 'REVISIÓN DE LAS INVERSIONES DEL FIDEICOMISO AL 30 DE JUNIO DE 2020 Y ELABORACIÓN DEL MEM', '8'),
(1210, 22, '2020-07-15', 'CARGAR INFORMACIÓN PROPORCIONADA POR EL CLIENTE EN LA PLANTILLA', '7'),
(1211, 22, '2020-07-15', 'CARGAR INFORMACIÓN PROPORCIONADA POR EL CLIENTE EN LA PLANTILLA', '7'),
(1214, 9, '2020-07-21', 'REVISIÓN DE LAS DISPONIBILIDADES DEL FIDEICOMISO AL 30 DE JUNIO DE 2020', '8'),
(1216, 22, '2020-07-16', 'CARGAR INFORMACIÓN PROPORCIONADA POR EL CLIENTE EN LA PLANTILLA', '2'),
(1217, 9, '2020-07-22', 'REVISIÓN DE LAS DISPONIBILIDADES DEL FIDEICOMISO Y DEL PATRIMONIO AL 30 DE JUNIO DE 2020', '8'),
(1218, 22, '2020-07-17', 'CARGAR INFORMACIÓN PROPORCIONADA POR EL CLIENTE EN LA PLANTILLA', '1'),
(1219, 22, '2020-07-20', 'CARGAR INFORMACIÓN PROPORCIONADA POR EL CLIENTE EN LA PLANTILLA', '2'),
(1220, 22, '2020-07-21', 'CARGAR INFORMACIÓN PROPORCIONADA POR EL CLIENTE EN LA PLANTILLA', '4'),
(1221, 59, '2020-07-06', 'LIBROS DE COMPRAS', '8'),
(1222, 9, '2020-07-23', 'ELABORACIÓN DEL MEMO DE DISPON. Y PATRIMONIO DEL FIDEICOMISO', '8'),
(1224, 22, '2020-07-22', 'CARGAR INFORMACIÓN PROPORCIONADA POR EL CLIENTE EN LA PLANTILLA', '3'),
(1225, 59, '2020-07-07', 'LIBROS DE COMPRAS', '8'),
(1226, 59, '2020-07-08', 'LIBROS DE COMPRAS', '8'),
(1228, 9, '2020-07-24', 'ELABORACIÓN DEL INFORME DE FIDEICOMISO AL 30 DE JUNIO DE 2020', '8'),
(1229, 59, '2020-07-09', 'LIBROS DE COMPRAS', '8'),
(1230, 59, '2020-07-10', 'LIBROS DE COMPRAS', '7'),
(1231, 26, '2020-07-13', 'CARGAR INFORMACIÓN PROPORCIONADA POR EL CLIENTE EN LA PLANTILLA', '5'),
(1232, 59, '2020-07-13', 'LIBROS DE COMPRAS', '8'),
(1233, 59, '2020-07-14', 'LIBROS DE COMPRAS', '8'),
(1234, 9, '2020-07-27', 'ELABORACIÓN DEL INFORME DE FIDEICOMISO AL 30 DE JUNIO DE 2020', '8'),
(1235, 59, '2020-07-15', 'LIBROS DE COMPRAS', '8'),
(1236, 59, '2020-07-16', 'LIBROS DE COMPRAS', '8'),
(1237, 59, '2020-07-17', 'LIBROS DE COMPRAS', '8'),
(1238, 26, '2020-07-14', 'CARGAR INFORMACIÓN PROPORCIONADA POR EL CLIENTE EN LA PLANTILLA', '3'),
(1239, 26, '2020-07-15', 'CARGAR INFORMACIÓN PROPORCIONADA POR EL CLIENTE EN LA PLANTILLA', '1'),
(1240, 59, '2020-07-20', 'LIBROS DE COMPRAS', '8'),
(1241, 59, '2020-07-21', 'LIBROS DE COMPRAS', '8'),
(1242, 26, '2020-07-16', 'CARGAR INFORMACIÓN PROPORCIONADA POR EL CLIENTE EN LA PLANTILLA', '6'),
(1243, 59, '2020-07-22', 'LIBROS DE COMPRAS', '8'),
(1244, 26, '2020-07-17', 'CARGAR INFORMACIÓN PROPORCIONADA POR EL CLIENTE EN LA PLANTILLA', '7'),
(1245, 59, '2020-07-23', 'LIBROS DE COMPRAS', '8'),
(1247, 26, '2020-07-20', 'CARGAR INFORMACIÓN PROPORCIONADA POR EL CLIENTE EN LA PLANTILLA', '6'),
(1248, 59, '2020-07-24', 'LIBROS DE COMPRAS', '4'),
(1249, 26, '2020-07-21', 'CARGAR INFORMACIÓN PROPORCIONADA POR EL CLIENTE EN LA PLANTILLA', '4'),
(1250, 26, '2020-07-22', 'CARGAR INFORMACIÓN PROPORCIONADA POR EL CLIENTE EN LA PLANTILLA', '5'),
(1251, 59, '2020-07-27', 'LIBROS DE COMPRAS', '8'),
(1252, 26, '2020-07-23', 'CARGAR INFORMACIÓN PROPORCIONADA POR EL CLIENTE EN LA PLANTILLA', '7'),
(1253, 59, '2020-07-28', 'LIBROS DE COMPRAS', '7'),
(1254, 59, '2020-07-29', 'LIBROS DE COMPRAS', '8'),
(1255, 59, '2020-07-30', 'LIBROS DE COMPRAS', '8'),
(1256, 59, '2020-07-31', 'LIBROS DE COMPRAS', '8'),
(1257, 59, '2020-08-03', 'LIBROS DE COMPRAS', '8'),
(1258, 59, '2020-08-04', 'LIBROS DE COMPRAS', '8'),
(1259, 59, '2020-08-05', 'LIBROS DE COMPRAS', '8'),
(1260, 59, '2020-08-06', 'LIBROS DE COMPRAS', '8'),
(1261, 9, '2020-07-28', 'ELABORACIÓN DEL INFORME DE FIDEICOMISO AL 30 DE JUNIO DE 2020', '8'),
(1262, 59, '2020-08-07', 'LIBROS DE COMPRAS', '8'),
(1263, 59, '2020-08-10', 'LIBROS DE COMPRAS', '8'),
(1264, 9, '2020-07-29', 'ELABORACIÓN DEL INFORME DE FIDEICOMISO AL 30 DE JUNIO DE 2020', '8'),
(1265, 59, '2020-08-11', 'LIBROS DE COMPRAS', '8'),
(1266, 59, '2020-08-12', 'LIBROS DE COMPRAS', '8'),
(1267, 59, '2020-08-13', 'LIBROS DE COMPRAS', '8'),
(1268, 59, '2020-08-14', 'LIBROS DE COMPRAS', '8'),
(1269, 59, '2020-08-17', 'LIBROS DE COMPRAS', '8'),
(1270, 59, '2020-08-18', 'LIBROS DE COMPRAS', '8'),
(1271, 59, '2020-08-19', 'LIBROS DE COMPRAS', '8'),
(1272, 9, '2020-07-30', 'ARCHIVO GENERAL AL 30 DE JUNIO DE 2020', '8'),
(1273, 59, '2020-08-20', 'LIBROS DE COMPRAS', '8'),
(1274, 59, '2020-08-21', 'LIBROS DE COMPRAS', '8'),
(1275, 9, '2020-07-31', 'CORRECIONES AL INFORME DE FIDEICOMISO AL 30 DE JUN DE 2020', '8'),
(1276, 59, '2020-08-24', 'LIBROS DE COMPRAS', '8'),
(1277, 59, '2020-08-25', 'LIBROS DE COMPRAS', '8'),
(1278, 59, '2020-08-26', 'LIBROS DE COMPRAS', '8'),
(1279, 59, '2020-08-27', 'LIBROS DE COMPRAS', '8'),
(1280, 59, '2020-08-28', 'LIBROS DE COMPRAS', '8'),
(1281, 59, '2020-08-31', 'LIBROS DE COMPRAS', '8'),
(1282, 59, '2020-09-01', 'LIBROS DE COMPRAS', '8'),
(1283, 59, '2020-09-02', 'LIBROS DE COMPRAS', '8'),
(1284, 59, '2020-09-03', 'LIBROS DE COMPRAS', '8'),
(1285, 59, '2020-09-04', 'LIBROS DE COMPRAS', '8'),
(1286, 59, '2020-09-07', 'LIBROS DE COMPRAS', '8'),
(1287, 59, '2020-09-08', 'LIBROS DE COMPRAS', '8'),
(1288, 59, '2020-09-10', 'LIBROS DE COMPRAS', '8'),
(1289, 59, '2020-09-11', 'LIBROS DE COMPRAS', '8'),
(1290, 59, '2020-09-14', 'LIBROS DE COMPRAS', '8'),
(1291, 59, '2020-09-15', 'LIBROS DE COMPRAS', '8'),
(1292, 59, '2020-09-16', 'LIBROS DE COMPRAS', '8'),
(1293, 26, '2020-07-27', 'CARGAR INFORMACIÓN PROPORCIONADA POR EL CLIENTE EN LA PLANTILLA', '3'),
(1294, 26, '2020-07-28', 'CARGAR INFORMACIÓN PROPORCIONADA POR EL CLIENTE EN LA PLANTILLA', '4'),
(1295, 26, '2020-07-29', 'CARGAR INFORMACIÓN PROPORCIONADA POR EL CLIENTE EN LA PLANTILLA', '2'),
(1296, 9, '2020-08-04', 'CORRECIONES AL INFORME DE FIDEICOMISO.  REFERENCIAR PAPELES DE TRABAJO Y MEMOS', '8'),
(1297, 9, '2020-08-05', 'INVERSIONES AL 30 DE JUNIO DE 2020', '8'),
(1298, 9, '2020-08-06', 'INVERSIONES AL 30 DE JUNIO DE 2020', '8'),
(1299, 9, '2020-08-07', 'INVERSIONES AL 30 DE JUNIO DE 2020', '8'),
(1300, 9, '2020-08-10', 'INVERSIONES AL 30 DE JUNIO DE 2020', '4'),
(1301, 9, '2020-08-11', 'INVERSIONES AL 30 DE JUNIO DE 2020', '6'),
(1302, 9, '2020-08-12', 'INVERSIONES AL 30 DE JUNIO DE 2020', '4'),
(1303, 9, '2020-08-13', 'INVERSIONES AL 30 DE JUNIO DE 2020', '4'),
(1304, 9, '2020-08-17', 'INVERSIONES AL 30 DE JUNIO DE 2020', '4'),
(1305, 9, '2020-08-18', 'INVERSIONES AL 30 DE JUNIO DE 2020 REFERENCIAR PAPELES', '4'),
(1306, 9, '2020-08-19', 'INVERSIONES AL 30 DE JUNIO DE 2020. SE RECIBIERON REQUERIMIENTOS DE OTRAS ÁREAS Y SE HIZO LA REVISIÓN CORRESPONDIENTE.', '4'),
(1307, 9, '2020-08-20', 'SE RECIBIERON REQUERIMIENTOS DE DIFERENTES ÁREAS Y SE HIZO LA REVISIÓN CORRESPONDIENTE.', '4'),
(1308, 9, '2020-08-20', 'ELABORACIÓN DE LAS DISPOSICIONES LEGALES DEL INFORME ESPECIAL AL 30 DE JUN DE 2020', '4'),
(1309, 9, '2020-08-21', 'ELABORACIÓN DE LAS DISPOSICIONES LEGALES DEL INFORME ESPECIAL AL 30 DE JUN DE 2020', '8'),
(1310, 9, '2020-08-24', 'ELABORACIÓN DE LAS DISPOSICIONES LEGALES DEL INFORME ESPECIAL AL 30 DE JUN DE 2020', '8'),
(1311, 9, '2020-08-25', 'ELABORACIÓN DEL INFORME ESPECIAL AL 30 DE JUNIO DE 2020', '4'),
(1312, 9, '2020-08-26', 'ELABORACIÓN DEL INFORME ESPECIAL AL 30 DE JUNIO DE 2020', '4'),
(1313, 9, '2020-08-27', 'ELABORACIÓN DEL INFORME ESPECIAL AL 30 DE JUNIO DE 2020', '4'),
(1314, 9, '2020-08-28', 'REVISIÓN DE PAPELES DE TRABAJO DE DISPONIBILIDADES Y ELABORACIÓN DEL INFORME ESPECIAL AL 30 DE JUNIO DE 2020', '8'),
(1315, 9, '2020-08-31', 'SE RECIBIERON REQUERIMIENTOS DE DIFERENTES ÁREAS Y SE HIZO LA REVISIÓN CORRESPONDIENTE.', '8'),
(1316, 9, '2020-09-02', 'NOTAS AL INFORME ESPECIAL AL 30 DE JUNIO DE  2020', '4'),
(1317, 9, '2020-09-03', 'NOTAS AL INFORME ESPECIAL AL 30 DE JUNIO DE  2020', '4'),
(1318, 9, '2020-09-04', 'NOTAS AL INFORME ESPECIAL AL 30 DE JUNIO DE  2020', '4'),
(1319, 9, '2020-09-07', 'REVISIÓN DE LAS PÓLIZAS DE SEGURO AL 30 DE JUNIO DE 2020', '2'),
(1320, 9, '2020-09-08', 'REVISIÓN DE LAS PÓLIZAS DE SEGURO AL 30 DE JUNIO DE 2020', '2'),
(1321, 9, '2020-09-09', 'REVISIÓN DE LAS PÓLIZAS DE SEGURO AL 30 DE JUNIO DE 2020', '2'),
(1322, 9, '2020-09-14', 'REVISIÓN DE LOS OTROS ACTIVOS AL 30 DE JUNIO DE 2020', '4'),
(1323, 9, '2020-09-15', 'REVISIÓN DE LOS OTROS ACTIVOS AL 30 DE JUNIO DE 2020', '4'),
(1324, 9, '2020-09-16', 'REVISIÓN DE LOS OTROS ACTIVOS AL 30 DE JUNIO DE 2020', '4'),
(1325, 9, '2020-09-17', 'REVISIÓN DE LOS OTROS ACTIVOS AL 30 DE JUNIO DE 2020', '4'),
(1326, 9, '2020-09-18', 'REVISIÓN DE LOS OTROS ACTIVOS AL 30 DE JUNIO DE 2020', '2'),
(1327, 59, '2020-09-17', 'LIBROS DE COMPRAS', '8'),
(1328, 59, '2020-09-18', 'LIBROS DE COMPRAS', '8'),
(1329, 59, '2020-09-21', 'LIBROS DE COMPRAS', '8'),
(1330, 26, '2020-07-30', 'CARGAR INFORMACIÓN PROPORCIONADA POR EL CLIENTE EN LA PLANTILLA', '2'),
(1331, 26, '2020-07-31', 'CARGAR INFORMACIÓN PROPORCIONADA POR EL CLIENTE EN LA PLANTILLA', '1'),
(1333, 65, '2020-07-27', 'REVISIÓN PRELIMINAR DE LIBRO DE COMPRAS', '4'),
(1334, 65, '2020-07-28', 'REVISIÓN DE FACTURAS', '4'),
(1335, 65, '2020-07-29', 'DECLARACIÓN IVA, CARGAR TXT DE RETENCIONES EN PORTAL FISCAL', '3'),
(1336, 65, '2020-07-30', 'REVISIÓN DE FACTURAS RECIBIDAS', '1'),
(1337, 65, '2020-07-31', 'REVISIÓN DE FACTURAS RECIBIDAS', '1'),
(1338, 26, '2020-08-03', 'CARGAR INFORMACIÓN PROPORCIONADA POR EL CLIENTE EN LA PLANTILLA', '8'),
(1339, 26, '2020-08-04', 'CARGAR INFORMACIÓN PROPORCIONADA POR EL CLIENTE EN LA PLANTILLA', '8'),
(1340, 26, '2020-08-05', 'CARGAR INFORMACIÓN PROPORCIONADA POR EL CLIENTE EN LA PLANTILLA', '4');
INSERT INTO `tbl_horas_cargables` (`id`, `id_proy_analista`, `fecha`, `descripcion`, `horas_trabajadas`) VALUES
(1341, 26, '2020-08-06', 'CARGAR INFORMACIÓN PROPORCIONADA POR EL CLIENTE EN LA PLANTILLA', '3'),
(1342, 26, '2020-08-07', 'CARGAR INFORMACIÓN PROPORCIONADA POR EL CLIENTE EN LA PLANTILLA', '3'),
(1343, 22, '2020-06-23', 'CARGAR INFORMACIÓN PROPORCIONADA POR EL CLIENTE EN LA PLANTILLA', '1'),
(1345, 22, '2020-07-23', 'CARGAR INFORMACIÓN PROPORCIONADA POR EL CLIENTE EN LA PLANTILLA', '1'),
(1346, 22, '2020-07-27', 'CARGAR INFORMACIÓN PROPORCIONADA POR EL CLIENTE EN LA PLANTILLA', '1'),
(1347, 22, '2020-07-29', 'CARGAR INFORMACIÓN PROPORCIONADA POR EL CLIENTE EN LA PLANTILLA', '3'),
(1348, 22, '2020-07-30', 'CARGAR INFORMACIÓN PROPORCIONADA POR EL CLIENTE EN LA PLANTILLA', '5'),
(1349, 22, '2020-07-31', 'CARGAR INFORMACIÓN PROPORCIONADA POR EL CLIENTE EN LA PLANTILLA', '6'),
(1350, 22, '2020-08-05', 'CARGAR INFORMACIÓN PROPORCIONADA POR EL CLIENTE EN LA PLANTILLA', '4'),
(1351, 22, '2020-08-06', 'CARGAR INFORMACIÓN PROPORCIONADA POR EL CLIENTE EN LA PLANTILLA', '5'),
(1352, 22, '2020-08-07', 'CARGAR INFORMACIÓN PROPORCIONADA POR EL CLIENTE EN LA PLANTILLA', '2'),
(1353, 22, '2020-08-12', 'CARGAR INFORMACIÓN PROPORCIONADA POR EL CLIENTE EN LA PLANTILLA', '1'),
(1354, 22, '2020-08-13', 'CARGAR INFORMACIÓN PROPORCIONADA POR EL CLIENTE EN LA PLANTILLA', '1'),
(1355, 22, '2020-08-14', 'CARGAR INFORMACIÓN PROPORCIONADA POR EL CLIENTE EN LA PLANTILLA', '1'),
(1356, 22, '2020-08-17', 'CARGAR INFORMACIÓN PROPORCIONADA POR EL CLIENTE EN LA PLANTILLA', '1'),
(1357, 22, '2020-08-18', 'CARGAR INFORMACIÓN PROPORCIONADA POR EL CLIENTE EN LA PLANTILLA', '2'),
(1358, 22, '2020-08-20', 'CARGAR INFORMACIÓN PROPORCIONADA POR EL CLIENTE EN LA PLANTILLA', '2'),
(1359, 65, '2020-08-07', 'CARGA DE DECLARACIÓN DE IVA Y RETENCIONES', '3'),
(1360, 65, '2020-08-13', 'CARGA DE DECLARACIÓN DE IVA Y RETENCIONES', '3'),
(1361, 65, '2020-08-20', 'CARGA DE DECLARACIÓN DE IVA Y RETENCIONES', '3'),
(1362, 26, '2020-08-10', 'CARGAR INFORMACIÓN PROPORCIONADA POR EL CLIENTE EN LA PLANTILLA', '1'),
(1363, 26, '2020-08-11', 'CARGAR INFORMACIÓN PROPORCIONADA POR EL CLIENTE EN LA PLANTILLA', '1'),
(1364, 26, '2020-08-17', 'CARGAR INFORMACIÓN PROPORCIONADA POR EL CLIENTE EN LA PLANTILLA', '4'),
(1365, 26, '2020-08-18', 'CARGAR INFORMACIÓN PROPORCIONADA POR EL CLIENTE EN LA PLANTILLA', '5'),
(1366, 26, '2020-08-19', 'CARGAR INFORMACIÓN PROPORCIONADA POR EL CLIENTE EN LA PLANTILLA', '3'),
(1367, 65, '2020-08-24', 'REVISIÓN FACTURAS', '4'),
(1368, 65, '2020-08-25', 'REVISIÓN FACTURAS', '4'),
(1369, 65, '2020-08-26', 'REVISIÓN FACTURAS', '4'),
(1370, 65, '2020-08-27', 'REVISIÓN FACTURAS', '4'),
(1371, 65, '2020-08-28', 'DECLARACIÓN SEMANAL IVA Y RETENCIONES', '2'),
(1372, 65, '2020-08-31', 'REVISIÓN FACTURAS', '2'),
(1373, 111, '2020-08-03', 'SEGUIMIENTO DE ACTIVIDADES', '2'),
(1374, 65, '2020-09-01', 'REVISIÓN FACTURAS', '2'),
(1375, 65, '2020-09-02', 'REVISIÓN FACTURAS', '2'),
(1376, 111, '2020-08-04', 'SEGUIMIENTO DE ACTIVIDADES', '2'),
(1377, 65, '2020-09-03', 'REVISIÓN FACTURAS', '4'),
(1378, 111, '2020-08-07', 'SEGUIMIENTO DE ACTIVIDADES', '1'),
(1379, 111, '2020-08-11', 'SEGUIMIENTO DE ACTIVIDADES', '2'),
(1380, 111, '2020-08-20', 'SEGUIMIENTO DE ACTIVIDADES', '2'),
(1381, 111, '2020-08-31', 'SEGUIMIENTO DE ACTIVIDADES', '2'),
(1382, 65, '2020-09-04', 'DECLARACIÓN SEMANAL DE IVA, RETENCIONES', '2'),
(1383, 114, '2020-08-03', 'SEGUIMIENTO DE ACTIVIDADES', '2'),
(1384, 114, '2020-08-04', 'SEGUIMIENTO DE ACTIVIDADES', '2'),
(1385, 114, '2020-08-05', 'SEGUIMIENTO DE ACTIVIDADES', '2'),
(1386, 114, '2020-08-06', 'SEGUIMIENTO DE ACTIVIDADES', '2'),
(1387, 114, '2020-08-11', 'SEGUIMIENTO DE ACTIVIDADES', '2'),
(1388, 114, '2020-08-12', 'SEGUIMIENTO DE ACTIVIDADES', '2'),
(1389, 114, '2020-08-13', 'SEGUIMIENTO DE ACTIVIDADES', '2'),
(1390, 114, '2020-08-14', 'SEGUIMIENTO DE ACTIVIDADES', '2'),
(1391, 114, '2020-08-17', 'SEGUIMIENTO DE ACTIVIDADES', '1'),
(1392, 26, '2020-08-24', 'REALIZAR INFORME', '2'),
(1393, 114, '2020-08-25', 'DISCUSIÓN DE HALLAZGOS', '3'),
(1394, 26, '2020-08-25', 'REALIZAR INFORME', '2'),
(1395, 26, '2020-08-26', 'REALIZAR INFORME', '2'),
(1396, 114, '2020-08-31', 'SEGUIMIENTO DE ACTIVIDADES', '2'),
(1397, 26, '2020-08-27', 'REALIZAR INFORME', '2'),
(1398, 26, '2020-08-28', 'REALIZAR INFORME', '2'),
(1399, 26, '2020-08-31', 'REALIZAR INFORME', '1'),
(1400, 117, '2020-08-03', 'SEGUIMIENTO DE ACTIVIDADES', '1'),
(1401, 117, '2020-08-11', 'SEGUIMIENTO DE ACTIVIDADES', '1'),
(1402, 117, '2020-08-31', 'SEGUIMIENTO DE ACTIVIDADES', '2'),
(1403, 25, '2020-07-17', 'REVISIÓN DE DEBERES FORMALES Y REVISIÓN DE PROVISIÓN DE ISLR INMUEBLES BDV', '4'),
(1404, 25, '2020-08-11', 'REVISIÓN DE DEBERES FORMALES', '2'),
(1405, 25, '2020-08-12', 'REVISIÓN DE DEBERES FORMALES', '3'),
(1406, 25, '2020-08-13', 'REVISIÓN DE DEBERES FORMALES', '1'),
(1407, 25, '2020-08-14', 'REVISIÓN DE DEBERES FORMALES', '5'),
(1408, 25, '2020-08-17', 'REVISION DE DEBERES FORMALES', '5'),
(1409, 25, '2020-08-18', 'REVISIÓN DE DEBERES FORMALES', '6'),
(1410, 25, '2020-08-19', 'REVISIÓN DE DEBERES FORMALES', '1'),
(1411, 21, '2020-07-03', 'REVISIÓN DE DEBERES FORMALES Y PROVISIÓN DE ISLR AL 3O DE JUNIO DE 2020', '1'),
(1412, 21, '2020-07-07', 'REVISIÓN DE DEBERES FORMALES Y PROVISIÓN DE ISLR AL 30 DE JUNIO DE 2020', '1'),
(1413, 21, '2020-07-08', 'REVISIÓN DE DEBERES FORMALES Y PROVISIÓN DE ISLR AL 30 DE JUNIO DE 2020', '1'),
(1414, 21, '2020-07-14', 'REVISIÓN DE DEBERES FORMALES Y PROVISIÓN DE ISLR AL 30 DE JUNIO DE 2020', '1'),
(1415, 21, '2020-07-23', 'REVISIÓN DE DEBERES FORMALES Y PROVISIÓN DE ISLR AL 30 DE JUNIO DE 2020', '1'),
(1416, 21, '2020-08-04', 'REVISIÓN DE DEBERES FORMALES Y PROVISIÓN DE ISLR AL 30 DE JUNIO DE 2020', '1'),
(1417, 21, '2020-08-10', 'REVISIÓN DE DEBERES FORMALES Y PROVISIÓN DE ISLR AL 30 DE JUNIO DE 2020', '1'),
(1418, 21, '2020-08-12', 'REVISIÓN DE DEBERES FORMALES Y PROVISIÓN DE ISLR AL 30 DE JUNIO DE 2020', '2'),
(1419, 21, '2020-08-13', 'REVISIÓN DE DEBERES FORMALES Y PROVISIÓN DE ISLR AL 30 DE JUNIO DE 2020', '3'),
(1420, 21, '2020-08-17', 'REVISIÓN DE DEBERES FORMALES Y PROVISIÓN DE ISLR AL 30 DE JUNIO DE 2020', '3'),
(1421, 21, '2020-09-02', 'REVISIÓN DE DEBERES FORMALES Y PROVISIÓN DE ISLR AL 30 DE JUNIO DE 2020', '5'),
(1422, 21, '2020-09-03', 'REVISIÓN DE DEBERES FORMALES Y PROVISIÓN DE ISLR AL 30 DE JUNIO DE 2020', '3'),
(1423, 21, '2020-09-04', 'REVISIÓN DE DEBERES FORMALES Y PROVISIÓN DE ISLR AL 30 DE JUNIO DE 2020', '1'),
(1424, 21, '2020-09-07', 'REVISIÓN DE DEBERES FORMALES Y PROVISIÓN DE ISLR AL 30 DE JUNIO DE 2020', '6'),
(1425, 21, '2020-09-08', 'REVISIÓN DE DEBERES FORMALES Y PROVISIÓN DE ISLR AL 30 DE JUNIO DE 2020', '6'),
(1426, 21, '2020-09-09', 'REVISIÓN DE DEBERES FORMALES Y PROVISIÓN DE ISLR AL 30 DE JUNIO DE 2020', '5'),
(1427, 21, '2020-09-10', 'REVISIÓN DE DEBERES FORMALES Y PROVISIÓN DE ISLR AL 30 DE JUNIO DE 2020', '7'),
(1428, 21, '2020-09-11', 'REVISIÓN DE DEBERES FORMALES Y PROVISIÓN DE ISLR AL 30 DE JUNIO DE 2020', '5'),
(1429, 21, '2020-09-14', 'REVISIÓN DE DEBERES FORMALES Y PROVISIÓN DE ISLR AL 30 DE JUNIO DE 2020', '2'),
(1430, 21, '2020-09-16', 'REVISIÓN DE DEBERES FORMALES Y PROVISIÓN DE ISLR AL 30 DE JUNIO DE 2020', '5'),
(1431, 21, '2020-09-17', 'REVISIÓN DE DEBERES FORMALES Y PROVISIÓN DE ISLR AL 30 DE JUNIO DE 2020', '2'),
(1432, 65, '2020-09-07', 'REVISIÓN FACTURAS', '4'),
(1433, 65, '2020-09-08', 'REVISIÓN FACTURAS', '3'),
(1434, 65, '2020-09-09', 'REVISIÓN FACTURAS', '2'),
(1435, 65, '2020-09-10', 'REVISIÓN FACTURAS', '5'),
(1436, 65, '2020-09-11', 'REVISIÓN FACTURAS', '4'),
(1437, 65, '2020-09-14', 'REVISIÓN FACTURAS', '4'),
(1438, 65, '2020-09-15', 'REVISIÓN LIBRO PARA DECLARACIÓN', '4'),
(1439, 65, '2020-09-16', 'REVISIÓN FACTURAS', '4'),
(1440, 65, '2020-09-17', 'REVISIÓN FACTURAS', '4'),
(1441, 79, '2020-07-09', 'REVISIÓN DETERMINACIÓN DE ISLR', '5'),
(1442, 65, '2020-09-18', 'DECLARACIÓN IVA Y RETENCIONES', '8'),
(1443, 79, '2020-07-13', 'REVISIÓN DETERMINACIÓN DE ISLR', '1'),
(1444, 79, '2020-07-14', 'REVISIÓN DETERMINACIÓN DE ISLR', '6'),
(1445, 79, '2020-07-15', 'REVISIÓN DETERMINACIÓN DE ISLR', '4'),
(1447, 79, '2020-07-17', 'REVISIÓN DETERMINACIÓN DE ISLR', '1'),
(1448, 79, '2020-07-16', 'REVISIÓN DETERMINACIÓN DE ISLR', '2'),
(1449, 79, '2020-07-20', 'REVISIÓN DETERMINACIÓN DE ISLR', '5'),
(1450, 79, '2020-07-27', 'REVISIÓN DETERMINACIÓN DE ISLR', '5'),
(1451, 79, '2020-07-28', 'REVISIÓN DETERMINACIÓN DE ISLR', '3'),
(1452, 79, '2020-07-29', 'REVISIÓN DETERMINACIÓN DE ISLR', '8'),
(1453, 79, '2020-07-30', 'REVISIÓN DETERMINACIÓN DE ISLR', '3'),
(1454, 79, '2020-08-03', 'REVISIÓN DETERMINACIÓN DE ISLR', '2'),
(1455, 79, '2020-08-04', 'REVISIÓN DETERMINACIÓN DE ISLR', '2'),
(1456, 79, '2020-08-12', 'REVISIÓN DETERMINACIÓN DE ISLR', '1'),
(1457, 79, '2020-08-14', 'REVISIÓN DETERMINACIÓN DE ISLR', '1'),
(1458, 79, '2020-08-18', 'REVISIÓN DETERMINACIÓN DE ISLR', '1'),
(1460, 79, '2020-08-24', 'REVISIÓN DETERMINACIÓN DE ISLR', '1'),
(1461, 79, '2020-08-28', 'REVISIÓN DETERMINACIÓN DE ISLR', '1'),
(1462, 79, '2020-09-02', 'REVISIÓN DETERMINACIÓN DE ISLR', '1'),
(1463, 79, '2020-09-03', 'REVISIÓN DETERMINACIÓN DE ISLR', '4'),
(1464, 79, '2020-09-04', 'REVISIÓN DETERMINACIÓN DE ISLR', '1'),
(1465, 79, '2020-09-07', 'REVISIÓN DETERMINACIÓN DE ISLR', '2'),
(1466, 79, '2020-09-09', 'REVISIÓN DETERMINACIÓN DE ISLR', '1'),
(1467, 79, '2020-09-14', 'REVISIÓN DETERMINACIÓN DE ISLR', '1'),
(1468, 79, '2020-09-15', 'REVISIÓN DETERMINACIÓN DE ISLR', '4'),
(1471, 79, '2020-08-19', 'REVISIÓN DETERMINACIÓN DE ISLR', '5'),
(1472, 79, '2020-08-20', 'REVISIÓN DETERMINACIÓN DE ISLR', '2'),
(1473, 79, '2020-08-21', 'REVISIÓN DETERMINACIÓN DE ISLR', '2'),
(1474, 79, '2020-09-18', 'REVISIÓN DETERMINACIÓN DE ISLR', '2'),
(1475, 79, '2020-09-16', 'REVISIÓN DETERMINACIÓN DE ISLR', '2'),
(1476, 79, '2020-09-21', 'REVISIÓN DETERMINACIÓN DE ISLR', '7'),
(1477, 109, '2020-08-31', 'REVISIÓN Y CLASIFICACIÓN DE INFORMACIÓN CONSIGNADA POR EL CLIENTE', '1'),
(1479, 109, '2020-09-02', 'REVISIÓN Y ELABORACIÓN DE PRUEBAS AREAS ASIGNADAS DE ACUERDO A LA PLANIFICACIÓN (140)', '2'),
(1480, 109, '2020-09-03', 'REVISIÓN Y ELABORACIÓN DE PRUEBAS AREAS ASIGNADAS DE ACUERDO A LA PLANIFICACIÓN (AG)', '3'),
(1481, 109, '2020-09-04', 'REVISIÓN Y ELABORACIÓN DE PRUEBAS AREAS ASIGNADAS DE ACUERDO A LA PLANIFICACIÓN (AP)', '2'),
(1482, 109, '2020-09-07', 'REVISIÓN Y ELABORACIÓN DE PRUEBAS AREAS ASIGNADAS DE ACUERDO A LA PLANIFICACIÓN (135/400)', '4'),
(1483, 109, '2020-09-08', 'REVISIÓN Y ELABORACIÓN DE PRUEBAS AREAS ASIGNADAS DE ACUERDO A LA PLANIFICACIÓN (325)', '2'),
(1484, 109, '2020-09-09', 'REVISIÓN Y ELABORACIÓN DE PRUEBAS AREAS ASIGNADAS DE ACUERDO A LA PLANIFICACIÓN (VARIOS))', '3'),
(1485, 109, '2020-09-10', 'REVISIÓN Y ELABORACIÓN DE PRUEBAS AREAS ASIGNADAS DE ACUERDO A LA PLANIFICACIÓN (430 Y 1600))', '2'),
(1486, 109, '2020-09-14', 'REVISIÓN Y ELABORACIÓN DE PRUEBAS AREAS ASIGNADAS DE ACUERDO A LA PLANIFICACIÓN', '3'),
(1488, 112, '2020-09-22', 'REVISIÓN DE LA CARTA DE REQUERIMIENTOS EMITIDA Y DETERMINACIÓN DE LOS REQUERIMIENTOS PENDIENTES. INCORPORACIÓN DE LOS HALLAZGOS SURGIDOS DE LA AUSENCIA DE DOCUMENTACIÓN, DE LOS 2 PRIMEROS CAPÍTULOS DE LA CARTA DE REQUERIMIENTOS.', '4'),
(1489, 112, '2020-09-23', 'NCORPORACIÓN DE LOS HALLAZGOS SURGIDOS DE LA AUSENCIA DE DOCUMENTACIÓN, DE LOS 2 CAPÍTULOS INTERMEDIOS DE LA CARTA DE REQUERIMIENTOS.', '4'),
(1490, 107, '2020-09-01', 'NOMINA (MEMORANDUM) + REQUERIMIENTO DE NOMINA PARA SOLICITAR POR QUE HAY REGISTROS CONTABLES DEBENEFICIOS AL PERSONAL PERO NO HAY PERSONAL ACTIVO AL 31 DE DICIEMBRE DE 2019.', '1'),
(1491, 91, '2020-09-01', 'DIFERENCIAL CAMBIARIO AJUSTE DE FECHA VALOR Y FECHA DE OPERACIÓN + REVISIÓN ANALÍTICA (CONTINUACIÓN) + MEMORANDUM REVISIÓN ANALÍTICIA', '5'),
(1492, 107, '2020-09-02', 'REVISIÓN ANALÍTICA + CARGA DE HORAS EN SISTEMA CARENT + ELABORACIÓN D + ELABORACIÓN DE ESTATUS DE AVANCE DE REQUERIMIENTOS SOLICITADOS + INDAGACIÓN EN CORREO', '2'),
(1493, 91, '2020-09-02', 'CARGA DE HORAS EN SISTEMA CARENT (  NOTA: NO DEJA CARGAR MINUTOS', '1'),
(1494, 107, '2020-09-03', 'REVISIÓN ANALÍTICA (CONTINUACIÓN) + MEMORANDUM', '4'),
(1495, 91, '2020-09-04', 'GASTOS ACUMULADOS POR PAGAR (ISLR) + ELABORACIÓN DE REQUERIMIENTO(LIBROS MAYORES) + GASTOS ACUMULADOS POR PAGAR (RETENCIONES LABORALES) + GASTOS ACUMULADOS POR PAGAR (MEMORANDUM) +ACTUALIZACIÓN DE REQUERIMIENTOS Y HORAS REALES Y TRABAJOS ASIGNADOS', '6'),
(1496, 107, '2020-09-04', 'DIFERENCIAL CAMBIARIO. NOTA: FUE MAS EFECTIVO POR QUE YA SE ENTENDÍA LA PRUEBA SIN EMBARGO TIENEN LAS MISMAS BASES DE PREPARACIÓN QUE FSVEN', '2'),
(1497, 107, '2020-09-07', 'CRUCE DE DECLARACIÓN DE ISLR VS BALANCE + ELABORACIÓN DE MEMO (ADELANTO) GASTOS ACUMULADOS +ACTUALIZACIÓN DE DETALLE DE HORAS Y PLANIFICACIÓN +ENSAMBLAR ARCHIVO PERMANENTE (COMPROIND) + ARCHIVO GENERAL + ACTUALIZACIÓN AVANCE (ARCHIVO GENERAL)', '5'),
(1498, 107, '2020-09-08', 'ARCHIVO GENERAL + ACTUALIZACIÓN HORAS REALES Y CARGADAS', '4'),
(1499, 107, '2020-09-09', 'PROPIEDAD, PLANTA Y EQUIPO', '3'),
(1500, 91, '2020-09-14', 'REVISIÓN SUMINISTRO CLIENTE + ACTUALIZACIÓN DE MEMOS (CXC, REVISIÓN ANALÍTICA, PPE, DIFERENCIAL CAMBIARIO, CX, HECHOS POSTERIORES, NOMINA) + MEMO CXP + PRESTACIONES SOC. + REVISIÓN UTILIDADES', '2'),
(1501, 107, '2020-09-14', 'ACTUALIZACIÓN MEMOS ( CXP, CXC Y DIFERENCIAL CAMBIARIO)', '2'),
(1502, 107, '2020-09-15', 'MEMORANDUM (INVERSIONES, PPE, IMPUESTO DIFERIDO, GASTOS ACUMULADOS POR PAGAR, CARGA AUDINOVA)', '1'),
(1506, 102, '2020-08-17', 'REVISIÓN DE INFORMACIÓN  ESTATUS DE REQUERIMIENTO AGACA, SERVICOM, SERVINAVE', '3'),
(1507, 102, '2020-08-18', 'PRUEBA DEBERES FORMALES IMPUESTO AL VALOR AGREGADO (D_IVA) ALAFLETES', '4'),
(1510, 102, '2020-08-19', 'PRUEBA DEBERES FORMALES IMPUESTO AL VALOR AGREGADO (D_IVA) SERVINAVE', '4'),
(1511, 102, '2020-08-25', 'LECTURA DE INFORMES SERVINAVE / SERVICOM)', '2'),
(1512, 102, '2020-08-26', 'PRUEBA DE INGRESOS ALAFLETES (INCOMPLETA EN ESPERA DE DOCUMENTACIÓN SOLICITADA)', '4'),
(1513, 102, '2020-08-27', 'PRUEBA DE INGRESOS SERVINAVE (EN REVISIÓN)', '4'),
(1514, 102, '2020-08-28', 'ALAFLETES AA-11.1/AA-11-1.1/AA-11.5/AA-11.6/AA-11.7/AA-11.9/AA-11.10 (2 HORAS) Y OTRAS ACTIVIDADES (2 HORAS)', '4'),
(1515, 102, '2020-08-31', 'DESCARGA Y REVISIÓN DE INFORMACIÓN  ESTATUS DE REQUERIMIENTO AGACA, SERVICOM, SERVINAVE (2 HORAS) / ALAFLETES (ARCHIVO GENERAL AA-1; A3; A8; AA-11)(2 HORAS) NOTA:  FALTA AA-1.1.1', '4'),
(1516, 102, '2020-09-01', 'PRUEBA DEBERES FORMALES IMPUESTO AL VALOR AGREGADO (D_IVA) SERVICOM. NOTA: EN ESPERA DE DOCUMENTACIÓN SOLICITADA)', '4'),
(1517, 102, '2020-09-02', 'PRUEBA DE INGRESOS SERVICOM (EN REVISIÓN)', '4'),
(1518, 102, '2020-09-03', 'PRUEBA DE PREPAGADOS SERVICOM Y SERVINAVE (EN REVISIÓN Y EN ESPERA DE DOCUMENTACIÓN SOPORTE SOLICITADA)', '4'),
(1519, 102, '2020-09-04', 'REVISIÓN BALANCE SERVICOM (1 HORA) / LECTURA INFORME AGACA 2018-2017 (1 HORA LECTURA Y APUNTES) / REVISIÓN DE INFORMACIÓN NOMINA DE AGACA, SERVICOM, SERVINAVE (1 HORA) NOTA: NO SE CULMINO / PRUEBA DE NOMINA DE AGACA (2 HORA) NOTA: NO SE CULMINO', '5'),
(1520, 102, '2020-09-08', 'PRUEBA DE INGRESOS SERVICOM (EN ESPERA DE SOPORTE DE AJUSTE)', '4'),
(1521, 102, '2020-09-09', 'PRUEBA DE INGRESOS SERVICOM REVISIÓN', '4'),
(1522, 102, '2020-09-10', 'PRUEBA DE PREPAGADO SERVICOM REVISIÓN', '4'),
(1523, 102, '2020-09-11', 'PRUEBA PASIVO MAXIMO NOTA: NO SE CULMINO', '4'),
(1524, 102, '2020-09-14', 'PRUEBA DE INGRESOS SERVICOM - MEMO SERVICOM TERMINADA', '4'),
(1525, 102, '2020-09-15', 'PRUEBA DE NOMINA ALAFLETE(1600.3-1)-GARANTÍA DE PRESTACIONES SOCIALES NÓMINA ALAFLETE(1600-3.2 )-1600-3.3 RETROACTIVIDAD ALAFLETE C.A . 6 HORAS NOTA: (FALTA INFORMACIÓN A SOLICITAR)', '6'),
(1526, 102, '2020-09-16', 'PRUEBA ANALITICA DE INGRESOS (1500-1) ALAFLETES  3 HORAS (NOTA: NO CULMINADA POR FALLA ELECTRICA)', '3'),
(1527, 102, '2020-09-17', 'PRUEBA ANALITICA DE INGRESOS ALAFLETE (1500-1) Y PRUEBA COMPARATIVA DE INGRESOS ALAFLETE (1500-2)  7 HORAS', '7'),
(1528, 102, '2020-09-18', 'REVISIÓN CUENTA CAMBIO ALAFLETE (1500-3 ) Y CALCULO DIFERENCIAL CAMBIARIO ALAFLETE(1500-4) Y MEMO INGRESOS ALAFLETE (1500) NOTA: TERMINADA', '7'),
(1529, 71, '2020-07-27', 'CALCULO DE CONTINGENCIA IGTF', '3'),
(1530, 71, '2020-07-28', 'CALCULO DE CONTINGENCIA IGTF', '1'),
(1531, 71, '2020-07-29', 'CALCULO DE CONTINGENCIA IGTF', '2'),
(1532, 71, '2020-07-30', 'CALCULO DE CONTINGENCIA IGTF', '1'),
(1533, 71, '2020-07-31', 'CALCULO DE CONTINGENCIA IGTF', '4'),
(1534, 71, '2020-08-03', 'CALCULO DE CONTINGENCIA IGTF', '2'),
(1535, 71, '2020-08-07', 'CALCULO DE CONTINGENCIA IGTF', '1'),
(1536, 61, '2020-07-27', 'REALIZACIÓN DE LIBROS DE COMPRAS', '2'),
(1537, 61, '2020-07-28', 'REALIZACIÓN DE LIBROS DE COMPRAS', '4'),
(1538, 61, '2020-07-29', 'REALIZACIÓN DE LIBROS DE COMPRAS', '3'),
(1539, 61, '2020-07-30', 'REALIZACIÓN DE LIBROS DE COMPRAS', '1'),
(1540, 61, '2020-07-31', 'REALIZACIÓN DE LIBROS DE COMPRAS', '1'),
(1541, 61, '2020-08-03', 'REALIZACIÓN DE LIBROS DE COMPRAS', '3'),
(1542, 61, '2020-08-04', 'REALIZACIÓN DE LIBROS DE COMPRAS', '2'),
(1543, 61, '2020-08-05', 'REALIZACIÓN DE LIBROS DE COMPRAS', '5'),
(1544, 61, '2020-08-06', 'REALIZACIÓN DE LIBROS DE COMPRAS', '1'),
(1545, 61, '2020-08-07', 'REALIZACIÓN DE LIBROS DE COMPRAS', '1'),
(1546, 63, '2020-07-27', 'REALIZACIÓN DE LIBROS DE COMPRAS', '1'),
(1547, 63, '2020-07-28', 'REALIZACIÓN DE LIBROS DE COMPRAS', '1'),
(1548, 63, '2020-07-29', 'REALIZACIÓN DE LIBROS DE COMPRAS', '3'),
(1549, 63, '2020-07-30', 'REALIZACIÓN DE LIBROS DE COMPRAS', '1'),
(1550, 63, '2020-08-03', 'REALIZACIÓN DE LIBROS DE COMPRAS', '1'),
(1551, 63, '2020-08-04', 'REALIZACIÓN DE LIBROS DE COMPRAS', '3'),
(1552, 63, '2020-08-06', 'REALIZACIÓN DE LIBROS DE COMPRAS', '1'),
(1553, 63, '2020-08-07', 'REALIZACIÓN DE LIBROS DE COMPRAS', '1'),
(1554, 71, '2020-08-10', 'CALCULO DE CONTINGENCIA IGTF', '1'),
(1555, 71, '2020-08-11', 'CALCULO DE CONTINGENCIA IGTF', '2'),
(1556, 71, '2020-08-12', 'CALCULO DE CONTINGENCIA IGTF', '2'),
(1557, 71, '2020-08-13', 'CALCULO DE CONTINGENCIA IGTF', '1'),
(1558, 71, '2020-08-14', 'CALCULO DE CONTINGENCIA IGTF', '1'),
(1559, 71, '2020-08-17', 'CALCULO DE CONTINGENCIA IGTF', '2'),
(1560, 71, '2020-08-18', 'CALCULO DE CONTINGENCIA IGTF', '1'),
(1561, 71, '2020-08-19', 'CALCULO DE CONTINGENCIA IGTF', '1'),
(1562, 71, '2020-08-20', 'CALCULO DE CONTINGENCIA IGTF', '1'),
(1563, 71, '2020-08-21', 'CALCULO DE CONTINGENCIA IGTF', '1'),
(1564, 61, '2020-08-10', 'REALIZACIÓN DE LIBROS DE COMPRAS', '1'),
(1565, 61, '2020-08-11', 'REALIZACIÓN DE LIBROS DE COMPRAS', '1'),
(1566, 61, '2020-08-12', 'REALIZACIÓN DE LIBROS DE COMPRAS', '2'),
(1567, 61, '2020-08-13', 'REALIZACIÓN DE LIBROS DE COMPRAS', '2'),
(1568, 61, '2020-08-14', 'REALIZACIÓN DE LIBROS DE COMPRAS', '3'),
(1569, 61, '2020-08-17', 'REALIZACIÓN DE LIBROS DE COMPRAS', '1'),
(1570, 61, '2020-08-18', 'REALIZACIÓN DE LIBROS DE COMPRAS', '2'),
(1571, 61, '2020-08-19', 'REALIZACIÓN DE LIBROS DE COMPRAS', '1'),
(1572, 61, '2020-08-20', 'REALIZACIÓN DE LIBROS DE COMPRAS', '4'),
(1573, 61, '2020-08-21', 'REALIZACIÓN DE LIBROS DE COMPRAS', '5'),
(1574, 63, '2020-08-10', 'REALIZACIÓN DE LIBROS DE COMPRAS', '1'),
(1575, 63, '2020-08-11', 'REALIZACIÓN DE LIBROS DE COMPRAS', '1'),
(1576, 63, '2020-08-12', 'REALIZACIÓN DE LIBROS DE COMPRAS', '1'),
(1577, 63, '2020-08-13', 'REALIZACIÓN DE LIBROS DE COMPRAS', '1'),
(1578, 63, '2020-08-14', 'REALIZACIÓN DE LIBROS DE COMPRAS', '1'),
(1579, 63, '2020-08-17', 'REALIZACIÓN DE LIBROS DE COMPRAS', '2'),
(1580, 63, '2020-08-18', 'REALIZACIÓN DE LIBROS DE COMPRAS', '1'),
(1581, 63, '2020-08-19', 'REALIZACIÓN DE LIBROS DE COMPRAS', '1'),
(1582, 63, '2020-08-20', 'REALIZACIÓN DE LIBROS DE COMPRAS', '1'),
(1583, 71, '2020-08-24', 'CALCULO DE CONTINGENCIA IGTF', '1'),
(1584, 71, '2020-08-25', 'CALCULO DE CONTINGENCIA IGTF', '1'),
(1585, 71, '2020-08-26', 'CALCULO DE CONTINGENCIA IGTF', '2'),
(1586, 71, '2020-08-27', 'CALCULO DE CONTINGENCIA IGTF', '1'),
(1587, 71, '2020-08-28', 'CALCULO DE CONTINGENCIA IGTF', '1'),
(1588, 71, '2020-08-31', 'CALCULO DE CONTINGENCIA IGTF', '1'),
(1589, 71, '2020-09-01', 'CALCULO DE CONTINGENCIA IGTF', '1'),
(1590, 71, '2020-09-02', 'CALCULO DE CONTINGENCIA IGTF', '1'),
(1591, 71, '2020-09-03', 'CALCULO DE CONTINGENCIA IGTF', '2'),
(1592, 71, '2020-09-04', 'CALCULO DE CONTINGENCIA IGTF', '1'),
(1593, 61, '2020-08-24', 'REALIZACIÓN DE LIBROS DE COMPRAS', '2'),
(1594, 61, '2020-08-25', 'REALIZACIÓN DE LIBROS DE COMPRAS', '5'),
(1595, 61, '2020-08-26', 'REALIZACIÓN DE LIBROS DE COMPRAS', '3'),
(1596, 61, '2020-08-27', 'REALIZACIÓN DE LIBROS DE COMPRAS', '6'),
(1597, 61, '2020-08-28', 'REALIZACIÓN DE LIBROS DE COMPRAS', '6'),
(1598, 61, '2020-08-31', 'REALIZACIÓN DE LIBROS DE COMPRAS', '5'),
(1599, 61, '2020-09-01', 'REALIZACIÓN DE LIBROS DE COMPRAS', '4'),
(1600, 61, '2020-09-02', 'REALIZACIÓN DE LIBROS DE COMPRAS', '4'),
(1601, 61, '2020-09-03', 'REALIZACIÓN DE LIBROS DE COMPRAS', '4'),
(1602, 61, '2020-09-04', 'REALIZACIÓN DE LIBROS DE COMPRAS', '6'),
(1603, 63, '2020-08-24', 'REALIZACIÓN DE LIBROS DE COMPRAS', '2'),
(1604, 63, '2020-08-25', 'REALIZACIÓN DE LIBROS DE COMPRAS', '2'),
(1605, 63, '2020-08-26', 'REALIZACIÓN DE LIBROS DE COMPRAS', '3'),
(1606, 63, '2020-08-27', 'REALIZACIÓN DE LIBROS DE COMPRAS', '1'),
(1607, 63, '2020-08-28', 'REALIZACIÓN DE LIBROS DE COMPRAS', '1'),
(1608, 63, '2020-08-31', 'REALIZACIÓN DE LIBROS DE COMPRAS', '2'),
(1609, 63, '2020-09-01', 'REALIZACIÓN DE LIBROS DE COMPRAS', '1'),
(1610, 63, '2020-09-02', 'REALIZACIÓN DE LIBROS DE COMPRAS', '1'),
(1611, 63, '2020-09-03', 'REALIZACIÓN DE LIBROS DE COMPRAS', '1'),
(1612, 63, '2020-09-04', 'REALIZACIÓN DE LIBROS DE COMPRAS', '1'),
(1613, 71, '2020-09-07', 'CALCULO DE CONTINGENCIA IGTF', '1'),
(1614, 61, '2020-09-07', 'REALIZACIÓN DE LIBROS DE COMPRAS', '3'),
(1615, 61, '2020-09-08', 'REALIZACIÓN DE LIBROS DE COMPRAS', '3'),
(1616, 61, '2020-09-09', 'REALIZACIÓN DE LIBROS DE COMPRAS', '3'),
(1617, 61, '2020-09-10', 'REALIZACIÓN DE LIBROS DE COMPRAS', '3'),
(1618, 61, '2020-09-11', 'REALIZACIÓN DE LIBROS DE COMPRAS', '3'),
(1619, 61, '2020-09-14', 'REALIZACIÓN DE LIBROS DE COMPRAS', '3'),
(1620, 61, '2020-09-15', 'REALIZACIÓN DE LIBROS DE COMPRAS', '3'),
(1621, 61, '2020-09-16', 'REALIZACIÓN DE LIBROS DE COMPRAS', '3'),
(1622, 61, '2020-09-17', 'REALIZACIÓN DE LIBROS DE COMPRAS', '3'),
(1623, 61, '2020-09-18', 'REALIZACIÓN DE LIBROS DE COMPRAS', '3'),
(1624, 111, '2020-09-01', 'RECEPCIÓN VÍA FTP REQUERIMIENTOS', '2'),
(1625, 111, '2020-09-21', 'REVISIÓN DE REQUERIMIENTOS', '1'),
(1626, 114, '2020-09-01', 'DISCUSIÓN RESPUESTA A BANCO DE VENEZUELA', '2'),
(1627, 114, '2020-09-08', 'DEFINICIÓN DE ESTRATEGIAS PARA BANCO DE VENEZUELA', '3'),
(1628, 114, '2020-09-09', 'REUNIÓN VÍA ZOOM', '2'),
(1629, 114, '2020-09-14', 'REVISIÓN BORRADOR', '2'),
(1630, 117, '2020-09-01', 'SEGUIMIENTO DE CIERRE', '1'),
(1631, 53, '2020-09-07', 'REVISION DE INFORMES', '8'),
(1632, 53, '2020-09-08', 'REVISION DE INFORMES', '8'),
(1633, 53, '2020-09-09', 'REVISION DE INFORMES', '4'),
(1634, 35, '2020-09-15', 'TRABAJO DE AUDITORIA', '8'),
(1635, 79, '2020-09-22', 'REVISIÓN DETERMINACIÓN DE ISLR', '1'),
(1636, 79, '2020-09-23', 'REVISIÓN DE DEBERES FORMALES', '1'),
(1637, 79, '2020-09-24', 'REVISIÓN DE DEBERES FORMALES', '1'),
(1638, 22, '2020-09-23', 'ENTREGA INFORME DE REVISIÓN DE DEBERES FORMALES', '1'),
(1639, 98, '2020-09-09', 'TRABAJO DE AUDITORIA', '8'),
(1640, 80, '2020-07-17', 'CORRECCIONES EN PLANTILLA/ PREPARACIÓN DE BORRADOR ISLR', '8'),
(1641, 80, '2020-07-10', 'ANALISIS DE MAYORES PARA CONCILIACIÓN FISCAL', '4'),
(1642, 80, '2020-07-20', 'INFORME DE ISLR BANCOEX 2019', '8'),
(1643, 80, '2020-07-21', 'ANALISIS DE MAYORES PARA LA CONCILIACIÓN FISCAL', '8'),
(1644, 80, '2020-07-22', 'INFORME DE ISLR BANCOEX 2019', '8'),
(1645, 80, '2020-07-23', 'CORRECCIONES EN PLANTILLA- ANALISIS DE MAYORES PARA CONCILIACIÓN FISCAL', '8'),
(1646, 80, '2020-07-24', 'RDF- ANALISIS DE MAYORES (SSO,FAOV,INCES)', '8'),
(1647, 80, '2020-07-27', 'INFORME', '5'),
(1648, 80, '2020-07-28', 'CORRECCIONES EN BORRADOR', '2'),
(1649, 80, '2020-07-29', 'RDF- BANCOEX 2019', '5'),
(1650, 80, '2020-07-30', 'ANALISIS DE MAYORES PARA CONCILIACIÓN FISCAL', '5'),
(1651, 80, '2020-07-30', 'ANALISIS DE MAYORES PARA CONCILIACIÓN FISCAL', '5'),
(1652, 80, '2019-07-31', 'RDF- BANCOEX 2019', '8'),
(1653, 80, '2020-08-03', 'ANALISIS DE MAYORES PARA CONCILIACIÓN FISCAL', '8'),
(1654, 80, '2020-08-05', 'RDF- BANCOEX 2019', '8'),
(1655, 100, '2020-07-20', 'INICIÓ DE AUDITORÍA DE EEFF 30/06/20', '3'),
(1656, 100, '2020-07-21', 'CARTA DE REQUERIMIENTOS', '3'),
(1657, 100, '2020-07-22', 'CARTA DE REQUERIMIENTOS', '2'),
(1658, 100, '2020-08-04', 'RECEPCIÓN DE INFORMACIÓN, REVISIÓN DE BALANCES', '2'),
(1659, 100, '2020-08-13', 'RECEPCIÓN DE INFORMACIÓN EN CARPETA COMPARTIDA, VERIFICACIÓN', '3'),
(1660, 100, '2020-08-13', 'RECEPCIÓN DE INFORMACIÓN EN CARPETA COMPARTIDA, VERIFICACIÓN', '3'),
(1661, 100, '2020-08-14', 'VERIFICACIÓN DE INFORMACIÓN RECIBIDA', '3'),
(1662, 100, '2020-08-17', 'INICIÓ FORMAL DE AUDITORÍA DE EEFF AL 30-06-20', '3'),
(1663, 100, '2020-08-18', 'REVISIÓN DE PARAFISCALES DE SERVINAVE Y SERVICOM Y RECEPCIÓN DE INFORMACIÓN DE SEGUROS', '3'),
(1664, 100, '2020-08-19', 'REVISIÓN DE PRUEBA DE DEBERES FORMALES (DECLARACIONES DE IVA)', '3'),
(1665, 100, '2020-08-20', 'VERIFICACIÓN DE INFORMACIÓN FALTANTE EN PARAFISCLAES Y VERIFICACIÓN DE REQUERIMIENTOS', '3'),
(1666, 100, '2020-08-21', 'VERIFICACIÓN DE BLANQUEO DE INFORME DE SERVINAVE', '2'),
(1667, 100, '2020-08-24', 'ELABORACIÓN DE ESTATUS DEL GRUPO SYNERGY, PARA SER ENVIADO AL CLIENTE, CONVERSAR CON YHONDER EN RELACIÓN A LA INFORMACIÓN SUMINISTRADA, ASÍ COMO LA FALTANTE', '3'),
(1668, 100, '2020-08-25', 'REVISIÓN DE SELECCIÓN DE CUENTAS POR COBRAR Y PAGAR DE SERVINAVE Y SERVICOM. ADAPTAR INFORME DE SERVINAVE A LA ESTRUCTURA DE LA FIRMA', '3'),
(1669, 100, '2020-08-26', 'CONTINUACIÓN DE LA ADOPCIÓN DEL INFORME DE SERVINAVE A LA ESTRUCTURA DE LA FIRMA', '3'),
(1670, 100, '2020-08-27', 'VERIFICACIÓN DE BLANQUEO DE INFORME DE SERVICOM, ENVIADO POR EL DEPARTAMENTO DE EDICIÓN, ASÍ COMO MONITOREO DE LAS ACTIVIDADES QUE SE ENCUENTRAN EN PROCESO DE REVISIÓN POR PARTE DE LOS PROFESIONALES ASIGNADOS', '2'),
(1671, 100, '2020-08-28', 'ACTUALIZACIÓN DEL GRUPO SYNERGY, PARA SER ENVIADO AL CLIENTE EL DÍA LUNES, MONITOREO DE LAS ACTIVIDADES REALIZADAS POR EL PERSONAL ASIGNADO', '3'),
(1672, 100, '2020-08-31', 'ENVIÓ DE ESTATUS AL CLIENTE, CONTINUACIÓN DE ESTRUCTURA DE INFOME SERVINAVE', '4'),
(1673, 100, '2020-09-01', 'CONTINUACIÓN DE ESTRUCTURA DE INFORME DE SERVICOM', '3'),
(1674, 100, '2020-09-02', 'CONTINUACIÓN DE LA ADOPCIÓN DEL INFORME DE SERVICOM A LA ESTRUCTURA DE LA FIRMA', '3'),
(1675, 100, '2020-09-03', 'ESTRUCTURA DE INFORME DE ALAFLETES', '3'),
(1677, 100, '2020-09-04', 'CONTINUACIÓN DE ELABORACIÓN DE INFORME DE ALAFLETES A LA ESTRUCTURA DE LA FIRMA. CONVERSACIÓN CON YHONDER REFERENTE A LOS CONTRATOS SUSCRITOS POR LAS COMPAÑÍAS. ELABORACIÓN DE ESTATUS PARA SER ENVIADO EL DÍA LUNES', '3'),
(1678, 100, '2020-09-07', 'ENVIÓ DE ESTATUS AL CLIENTE, CONTINUACIÓN INFOME ALAFLETES', '4'),
(1679, 100, '2020-09-08', 'CONTINUACIÓN DE ESTRUCTURA DE INFORME DE SERVICOM', '2'),
(1680, 100, '2020-09-09', 'INFORME DE SERVICOM, CONVERSAR CON NORMEDY EN CUANTO A LA REVISIÓN DE NÓMINA DEL GRUPO', '3'),
(1681, 100, '2020-09-10', 'INFORME DE ALAFLETES, REVISIÓN DE BALANCE PARA SER SUBIDO AL AUDINOVA SERVICOM', '2'),
(1682, 100, '2020-09-11', 'CONVERSACIÓN CONYHONDER EN REALACIÓN DE LOS INPC UTILIZADOS POR LA COMPAÑÍA AL 30/06/2019. ACTUALIZACIÓN DE ESTATUS DEL GRUPO SYNERGY', '3'),
(1683, 100, '2020-09-14', 'ENVIÓ DE ESTATUS AL CLIENTE. CONSULTA REFERENTE A EL INPC UTILIZADO EN EL AÑO 2019 (ESTIMADO O BCV) AL RECIBIR RESPUESTA DEL CLIENTE CORRECCIÓN EN EL INFORME. SOLICITUD DE ESTATUS DE EJECUCIÓN DEL TRABAJO', '4'),
(1684, 100, '2020-09-16', 'REVISIÓN DE PRUEBA DE CÁLCULOS DE LOCTI, LOD Y LODAFEF DE SERVICOM. VERIFICACIÓN DE CUENTA EN M/E DEL BANCO DE VENEZUELA DE SERVICOM', '6'),
(1685, 100, '2020-09-17', 'CONVERSAR CON YHONDER EN CUANTO A LOS REQUERIMIENTOS ADICIONALES FALTANTES; VERIFICACIÓN DE CONTRATOS DE PRÉSTAMO DE SERVINAVE Y SERVICOM. MONITOREO DE LAS ACTIVIDADES REALIZADAS POR LOS MUCHACHOS', '3'),
(1686, 100, '2020-09-18', 'ACTUALIZACIÓN DE ESTATUS DEL GRUPO SYNERGY, PARA SER ENVIADO AL CLIENTE EL DÍA LUNES, DONDE SE INCORPORAN AQUELLOS REQUERIMIENTOS ADICIONALES. ERIFICACIÓN DEL BC DE ALAFLETES PARA SER CARGADO AL AUDINOVA, UNA VEZ DEN LA APROBACIÓN', '5'),
(1687, 100, '2020-09-21', 'ENVIÓ DE ESTATUS AL CLIENTE. INFORME DE SERVINAVE', '4'),
(1688, 100, '2020-09-22', 'REVISIÓN DE BALANCE DE SERVINAVE PARA SER SUBIDO AL AUDINOVA UNA VEZ DEN LA APROBACIÓN. VERIFICACIÓN DEL CIERRE DE LAS PRUEBAS DE INGRESOS, NÓMINA, PREPAGADO, IMPUESTOS (DEBERES FORMALES) DE ALAFLETES Y SERVICOM', '3'),
(1689, 100, '2020-09-23', 'ENVIÓ DE CORREO AL CLIENTE SOLICITANDO LAS ACTAS DE LOS 3 CLIENTES, DONDE SE APROBÓ EL AUMENTO DE CAPITAL. VERIFICACIÓN ACTIBOS Y PASIVOS EN M/E', '4'),
(1690, 100, '2020-09-24', 'VERIFICACIÓN DE TRANSACCIONES CON EMPRESAS RELACIONADAS. NOTAS DE IMPUESTO DIFERIDO', '5'),
(1691, 100, '2020-09-25', 'VERIFICACIÓN DEL CÁLCULO DE LOS INTERESES GENERADOS POR LOS PRÉSTAMOS ADQUIRIDOS DE SERVICOM  SERVINAVE. REVISIÓN DE ACTAS AUMENTO DE CAPITAL Y ACTUALIZACIÓN DE ESTATUSS', '7'),
(1692, 108, '2020-08-31', 'RECEPCION E INICIO DE AUDITORIA', '2'),
(1693, 108, '2020-09-01', 'INICIO PRUEBA CUENTAS POR COBRAR Y PAGAR RELACIONADAS', '2'),
(1694, 108, '2020-09-02', 'PRUEBA CUENTAS POR COBRAR Y PAGAR RELACIONADAS.', '2'),
(1695, 108, '2020-09-03', 'INICIO DE ÁREA DE PATRIMONIO', '2'),
(1696, 108, '2020-09-04', 'CULMINACIÓN MOV. PATROMINIAL', '2'),
(1697, 108, '2020-09-07', 'EVIO DE INFORMACIÓN AL GRUPO.', '2'),
(1698, 108, '2020-09-08', 'PREPARACIÓN DE REQUERIMIENTO 1 PARA SER ENVIADO.', '2'),
(1699, 38, '2020-09-16', 'ANALISIS CONTABLE, RECLASIFICACION Y AJUSTE CONTABLE', '5'),
(1700, 38, '2020-09-17', 'ANALISIS CONTABLE, RECLASIFICACION Y AJUSTE CONTABLE', '5'),
(1701, 38, '2020-09-18', 'ANALISIS CONTABLE, RECLASIFICACION Y AJUSTE CONTABLE', '5'),
(1702, 38, '2020-09-21', 'ANALISIS CONTABLE, RECLASIFICACION Y AJUSTE CONTABLE', '5'),
(1703, 38, '2020-09-22', 'ANALISIS CONTABLE, RECLASIFICACION Y AJUSTE CONTABLE', '5'),
(1704, 38, '2020-09-23', 'ANALISIS CONTABLE, RECLASIFICACION Y AJUSTE CONTABLE', '5'),
(1705, 38, '2020-09-24', 'ANALISIS CONTABLE, RECLASIFICACION Y AJUSTE CONTABLE', '5'),
(1706, 38, '2020-09-25', 'ANALISIS CONTABLE, RECLASIFICACION Y AJUSTE CONTABLE', '5'),
(1707, 38, '2020-09-28', 'ANALISIS CONTABLE, RECLASIFICACION Y AJUSTE CONTABLE', '5'),
(1708, 38, '2020-09-29', 'ANALISIS CONTABLE, RECLASIFICACION Y AJUSTE CONTABLE', '5'),
(1709, 38, '2020-09-30', 'ANALISIS CONTABLE, RECLASIFICACION Y AJUSTE CONTABLE', '5'),
(1710, 31, '2020-09-09', 'REEXPRESION (AGB) CUADRE DE LAS CIFRAS HISTORICAS DE FLUJO DE EFECTIVO Y REME. DE LOS AÑOS 2015, 2016, 2017, 2018, 2019 Y 2020. AJUSTES DESDE 2015 A 2020.', '6'),
(1711, 31, '2020-09-10', 'REEXPRESION (AGB) CUADRE DE LAS CIFRAS HISTORICAS DE FLUJO DE EFECTIVO Y REME. DE LOS AÑOS 2015, 2016, 2017, 2018, 2019 Y 2020. AJUSTES DESDE 2015 A 2020.', '2'),
(1712, 31, '2020-09-18', 'REEXPRESION (AGB) CUADRE DE LAS CIFRAS HISTORICAS DE FLUJO DE EFECTIVO Y REME. DE LOS AÑOS 2015, 2016, 2017, 2018, 2019 Y 2020. AJUSTES DESDE 2015 A 2020.', '3'),
(1713, 33, '2020-09-18', 'PRUEBA MOVIMIENTO DE LA CUENTA VACIADO DE EQUIPOS. REVISIÓN DE LA PLANIFICACIÓN CONAVEN.', '4'),
(1714, 33, '2020-09-21', 'REVISIÓN Y CORRECCION DE LA PREPLANIFICACIÓN', '2'),
(1715, 33, '2020-09-22', 'REVISIÓN DE PRUEBA DE NOMINA, PRUEBA ANALITICA INGRESOS Y COSTOS', '4'),
(1716, 33, '2020-09-23', 'ARCHIVO GENERAL ELABORACIÓN DE LOS MEMORANDUM: AA 12.8.1/ AA 12.8.2 / AA 12.8.3 / AA.12.8.4 / AA.12.8.5/ AA.12.8.6 / AA 12.8.7 / AA 12 12.8.8 / AA 12.8.9', '3'),
(1717, 31, '2020-09-24', 'REEXPRESIÓN DEL ACTIVO FIJO DEL AÑO 2016', '4'),
(1718, 31, '2020-09-25', 'REEXPRESIÓN DEL ACTIVO FIJO DEL AÑO 2016. Y CUADRE DEL PERIODO 2016', '7'),
(1719, 39, '2020-08-03', 'SUPERVISIÓN DE ACTIVIDADES CONTABLES, RECLASIFICACIONES , AJUSTES DE CONTABILIDAD', '5'),
(1720, 39, '2020-08-04', 'SUPERVISIÓN DE ACTIVIDADES CONTABLES, RECLASIFICACIONES , AJUSTES DE CONTABILIDAD', '5'),
(1721, 39, '2020-08-05', 'SUPERVISIÓN DE ACTIVIDADES CONTABLES, RECLASIFICACIONES , AJUSTES DE CONTABILIDAD', '5'),
(1722, 39, '2020-08-06', 'SUPERVISIÓN DE ACTIVIDADES CONTABLES, RECLASIFICACIONES , AJUSTES DE CONTABILIDAD', '5'),
(1724, 39, '2020-08-07', 'SUPERVISIÓN DE ACTIVIDADES CONTABLES, RECLASIFICACIONES , AJUSTES DE CONTABILIDAD', '5'),
(1725, 39, '2020-08-10', 'SUPERVISIÓN DE ACTIVIDADES CONTABLES, RECLASIFICACIONES , AJUSTES DE CONTABILIDAD', '5'),
(1726, 39, '2020-08-11', 'SUPERVISIÓN DE ACTIVIDADES CONTABLES, RECLASIFICACIONES , AJUSTES DE CONTABILIDAD', '5'),
(1727, 39, '2020-08-12', 'SUPERVISIÓN DE ACTIVIDADES CONTABLES, RECLASIFICACIONES , AJUSTES DE CONTABILIDAD', '5'),
(1728, 39, '2020-08-13', 'SUPERVISIÓN DE ACTIVIDADES CONTABLES, RECLASIFICACIONES , AJUSTES DE CONTABILIDAD', '5'),
(1729, 39, '2020-08-14', 'SUPERVISIÓN DE ACTIVIDADES CONTABLES, RECLASIFICACIONES , AJUSTES DE CONTABILIDAD', '5'),
(1730, 39, '2020-08-17', 'SUPERVISIÓN DE ACTIVIDADES CONTABLES, RECLASIFICACIONES , AJUSTES DE CONTABILIDAD', '5'),
(1731, 39, '2020-08-18', 'SUPERVISIÓN DE ACTIVIDADES CONTABLES, RECLASIFICACIONES , AJUSTES DE CONTABILIDAD', '5'),
(1732, 39, '2020-08-19', 'SUPERVISIÓN DE ACTIVIDADES CONTABLES, RECLASIFICACIONES , AJUSTES DE CONTABILIDAD', '5'),
(1733, 39, '2020-08-20', 'SUPERVISIÓN DE ACTIVIDADES CONTABLES, RECLASIFICACIONES , AJUSTES DE CONTABILIDAD', '5'),
(1734, 39, '2020-08-21', 'SUPERVISIÓN DE ACTIVIDADES CONTABLES, RECLASIFICACIONES , AJUSTES DE CONTABILIDAD', '5'),
(1735, 39, '2020-08-24', 'SUPERVISIÓN DE ACTIVIDADES CONTABLES, RECLASIFICACIONES , AJUSTES DE CONTABILIDAD', '5'),
(1736, 39, '2020-08-25', 'SUPERVISIÓN DE ACTIVIDADES CONTABLES, RECLASIFICACIONES , AJUSTES DE CONTABILIDAD', '5'),
(1737, 39, '2020-08-26', 'SUPERVISIÓN DE ACTIVIDADES CONTABLES, RECLASIFICACIONES , AJUSTES DE CONTABILIDAD', '5'),
(1738, 39, '2020-08-27', 'SUPERVISIÓN DE ACTIVIDADES CONTABLES, RECLASIFICACIONES , AJUSTES DE CONTABILIDAD', '5'),
(1739, 39, '2020-08-28', 'SUPERVISIÓN DE ACTIVIDADES CONTABLES, RECLASIFICACIONES , AJUSTES DE CONTABILIDAD', '5'),
(1740, 39, '2020-08-31', 'SUPERVISIÓN DE ACTIVIDADES CONTABLES, RECLASIFICACIONES , AJUSTES DE CONTABILIDAD', '5');

--
-- Disparadores `tbl_horas_cargables`
--
DELIMITER $$
CREATE TRIGGER `tbl_horas_cargables_AI` AFTER INSERT ON `tbl_horas_cargables` FOR EACH ROW INSERT INTO logs.tbl_horas_cargables(id_horas_cargables, id_proy_analista_nuevo, fecha_horas_cargables_nuevo, descripcion_nuevo, horas_trabajadas_nuevo) VALUES (NEW.id, NEW.id_proy_analista, NEW.fecha, NEW.descripcion, NEW.horas_trabajadas)
$$
DELIMITER ;
DELIMITER $$
CREATE TRIGGER `tbl_horas_cargables_BU` BEFORE UPDATE ON `tbl_horas_cargables` FOR EACH ROW INSERT INTO logs.tbl_horas_cargables(id_horas_cargables, id_proy_analista, fecha_horas_cargables, descripcion, horas_trabajadas, id_proy_analista_nuevo, fecha_horas_cargables_nuevo, descripcion_nuevo, horas_trabajadas_nuevo) VALUES (NEW.id, OLD.id_proy_analista, OLD.fecha, OLD.descripcion, OLD.horas_trabajadas, NEW.id_proy_analista, NEW.fecha, NEW.descripcion, NEW.horas_trabajadas)
$$
DELIMITER ;

-- --------------------------------------------------------

--
-- Estructura de tabla para la tabla `tbl_horas_no_cargables`
--

CREATE TABLE `tbl_horas_no_cargables` (
  `id` int(11) NOT NULL,
  `id_concepto` int(11) NOT NULL,
  `id_usuario` int(11) NOT NULL,
  `id_division` int(11) NOT NULL,
  `aprobado_por` int(11) DEFAULT NULL,
  `fecha_desde` datetime NOT NULL COMMENT 'El formato de la fecha es UTC',
  `fecha_hasta` datetime NOT NULL COMMENT 'El formato de la fecha es UTC',
  `fecha_aprobacion` datetime DEFAULT NULL,
  `observacion` text CHARACTER SET utf8mb4 COLLATE utf8mb4_unicode_ci,
  `id_estatus` int(11) NOT NULL
) ENGINE=InnoDB DEFAULT CHARSET=utf8mb4 COLLATE=utf8mb4_unicode_ci;

--
-- Volcado de datos para la tabla `tbl_horas_no_cargables`
--

INSERT INTO `tbl_horas_no_cargables` (`id`, `id_concepto`, `id_usuario`, `id_division`, `aprobado_por`, `fecha_desde`, `fecha_hasta`, `fecha_aprobacion`, `observacion`, `id_estatus`) VALUES
(1, 4, 1, 16, NULL, '2020-08-24 08:00:00', '2020-08-28 17:00:00', NULL, NULL, 4),
(2, 5, 1, 16, NULL, '2020-08-23 08:00:00', '2020-08-24 08:00:00', NULL, NULL, 1),
(3, 3, 1, 16, NULL, '2020-09-09 08:00:00', '2020-09-09 17:00:00', NULL, NULL, 4),
(4, 4, 1, 16, 1, '2020-09-15 08:00:00', '2020-09-15 15:00:00', '2020-09-21 08:00:01', NULL, 2),
(5, 4, 1, 16, NULL, '2020-09-14 08:00:00', '2020-09-14 17:00:00', NULL, NULL, 1),
(6, 5, 1, 16, 1, '2020-09-14 04:00:00', '2020-09-14 08:00:00', '2020-09-21 07:22:42', NULL, 2),
(7, 4, 127, 3, 1, '2020-09-15 01:00:00', '2020-09-15 17:00:00', '2020-09-21 07:59:45', NULL, 2),
(8, 4, 1, 16, NULL, '2020-09-18 16:00:00', '2020-09-18 18:00:00', NULL, NULL, 1),
(9, 4, 1, 16, NULL, '2020-09-18 21:30:00', '2020-09-18 22:00:00', NULL, NULL, 1);

-- --------------------------------------------------------

--
-- Estructura de tabla para la tabla `tbl_menu`
--

CREATE TABLE `tbl_menu` (
  `id` int(11) NOT NULL,
  `id_menu_padre` int(11) NOT NULL,
  `descripcion` varchar(50) NOT NULL,
  `url` varchar(30) CHARACTER SET utf8 COLLATE utf8_general_ci NOT NULL,
  `orden` int(11) NOT NULL,
  `id_estatus` int(11) NOT NULL
) ENGINE=InnoDB DEFAULT CHARSET=utf8;

--
-- Volcado de datos para la tabla `tbl_menu`
--

INSERT INTO `tbl_menu` (`id`, `id_menu_padre`, `descripcion`, `url`, `orden`, `id_estatus`) VALUES
(1, 0, 'Usuario', '', 0, 1),
(2, 1, 'Crear Usuario', '/formNuevoUsuario', 0, 1),
(3, 1, 'Consultar Usuario', '/formBuscarUsuario', 1, 1),
(4, 0, 'Clientes', '', 0, 1),
(5, 4, 'Crear Cliente', '/formNuevoCliente', 0, 1),
(6, 4, 'Consultar Cliente', '/formBuscarCliente', 1, 1),
(7, 4, 'Detalle Facturacion', '/formDetalleFactCliente', 1, 1),
(8, 0, 'Proyectos', '', 0, 1),
(9, 8, 'Crear Proyecto', '/formNuevoProyecto', 0, 1),
(10, 8, 'Lista de Proyectos', '/proyectos', 1, 1),
(11, 8, 'Asig. Personal/Horas Cargables', '/proyectoDivision', 2, 1),
(12, 0, 'Horas No Cargables', '', 0, 1),
(13, 12, 'Conceptos', '/formHorasNoCargables', 0, 1),
(14, 12, 'Cargar', '/cargarHorasNoCargables', 1, 1),
(15, 0, 'Facturación', '', 0, 1),
(16, 15, 'Ingresos y Gastos', '/formIngresosGastos', 1, 1);

-- --------------------------------------------------------

--
-- Estructura de tabla para la tabla `tbl_menu_usuario`
--

CREATE TABLE `tbl_menu_usuario` (
  `id` int(11) NOT NULL,
  `id_usuario` int(11) NOT NULL,
  `id_menu` int(11) NOT NULL,
  `C` int(11) NOT NULL,
  `R` int(11) NOT NULL,
  `U` int(11) NOT NULL,
  `D` int(11) NOT NULL
) ENGINE=InnoDB DEFAULT CHARSET=utf8;

--
-- Volcado de datos para la tabla `tbl_menu_usuario`
--

INSERT INTO `tbl_menu_usuario` (`id`, `id_usuario`, `id_menu`, `C`, `R`, `U`, `D`) VALUES
(1, 1, 2, 0, 0, 0, 0),
(2, 1, 3, 0, 1, 1, 0),
(3, 1, 5, 0, 0, 0, 0),
(4, 1, 6, 0, 1, 1, 0),
(5, 1, 7, 1, 1, 1, 0),
(6, 1, 9, 1, 1, 0, 0),
(7, 1, 10, 1, 1, 1, 0),
(8, 1, 11, 1, 1, 1, 1),
(9, 1, 13, 1, 1, 1, 1),
(10, 1, 14, 1, 1, 1, 0),
(11, 1, 16, 1, 1, 1, 0),
(12, 105, 2, 0, 0, 0, 0),
(13, 105, 3, 0, 1, 1, 0),
(15, 105, 13, 1, 1, 1, 1),
(16, 105, 14, 1, 1, 1, 0),
(17, 103, 2, 0, 0, 0, 0),
(18, 103, 3, 0, 1, 1, 0),
(19, 103, 13, 1, 1, 1, 1),
(20, 103, 14, 1, 1, 1, 0),
(21, 67, 5, 0, 0, 0, 0),
(22, 67, 6, 0, 1, 1, 0),
(23, 152, 7, 0, 1, 0, 0),
(24, 152, 11, 1, 0, 0, 0),
(25, 2, 11, 1, 0, 1, 1),
(27, 3, 11, 1, 0, 1, 0),
(28, 3, 11, 0, 0, 0, 1),
(30, 4, 11, 1, 1, 1, 1),
(33, 5, 11, 1, 0, 1, 1),
(34, 5, 14, 1, 1, 1, 0),
(35, 5, 7, 0, 1, 0, 0),
(36, 2, 7, 0, 1, 0, 0),
(37, 3, 7, 0, 1, 0, 0),
(38, 4, 7, 0, 1, 0, 0),
(39, 2, 14, 1, 1, 1, 0),
(40, 3, 14, 1, 1, 1, 0),
(41, 4, 14, 1, 1, 1, 0),
(42, 6, 11, 1, 0, 1, 1),
(43, 6, 14, 1, 1, 1, 0),
(44, 7, 7, 0, 1, 0, 0),
(45, 7, 11, 1, 1, 1, 1),
(46, 7, 14, 1, 1, 1, 0),
(47, 8, 11, 1, 0, 1, 1),
(48, 8, 14, 1, 1, 1, 0),
(49, 9, 11, 1, 0, 1, 1),
(50, 9, 14, 1, 1, 1, 0),
(51, 10, 11, 1, 0, 1, 1),
(52, 10, 14, 1, 1, 1, 0),
(53, 11, 11, 1, 0, 1, 1),
(54, 11, 14, 1, 1, 1, 0),
(55, 12, 11, 1, 0, 0, 0),
(56, 12, 14, 1, 1, 1, 0),
(57, 13, 11, 1, 0, 1, 1),
(58, 13, 14, 1, 1, 1, 0),
(59, 14, 11, 1, 0, 0, 0),
(60, 14, 14, 1, 1, 1, 0),
(61, 15, 11, 1, 0, 0, 0),
(62, 15, 14, 1, 1, 1, 0),
(63, 16, 11, 1, 0, 0, 0),
(64, 16, 14, 1, 1, 1, 0),
(65, 17, 11, 1, 0, 0, 0),
(66, 17, 14, 1, 1, 1, 0),
(67, 18, 11, 1, 0, 0, 0),
(68, 18, 14, 1, 1, 1, 0),
(69, 19, 11, 1, 0, 0, 0),
(70, 19, 14, 1, 1, 1, 0),
(71, 20, 11, 1, 0, 0, 0),
(72, 20, 14, 1, 1, 1, 0),
(73, 21, 11, 1, 0, 0, 0),
(74, 21, 14, 1, 1, 1, 0),
(75, 22, 11, 1, 0, 0, 0),
(76, 22, 14, 1, 1, 1, 0),
(77, 24, 11, 1, 0, 0, 0),
(78, 24, 14, 1, 1, 1, 0),
(79, 25, 11, 1, 0, 0, 0),
(80, 25, 14, 1, 1, 1, 0),
(81, 26, 11, 1, 0, 0, 0),
(82, 26, 14, 1, 1, 1, 0),
(83, 27, 11, 1, 0, 0, 0),
(84, 27, 14, 1, 1, 1, 0),
(85, 28, 11, 1, 0, 1, 1),
(86, 28, 14, 1, 1, 1, 0),
(87, 29, 11, 1, 0, 0, 0),
(88, 29, 14, 1, 1, 1, 0),
(89, 30, 11, 1, 0, 0, 0),
(90, 30, 14, 1, 1, 1, 0),
(92, 127, 11, 1, 0, 1, 1),
(93, 127, 14, 1, 1, 1, 0),
(94, 126, 7, 0, 1, 0, 0),
(95, 126, 11, 1, 0, 1, 1),
(96, 126, 14, 1, 1, 1, 0),
(97, 6, 7, 0, 1, 0, 0),
(98, 8, 7, 0, 1, 0, 0),
(99, 9, 7, 0, 1, 0, 0),
(100, 10, 7, 0, 1, 0, 0),
(101, 11, 7, 0, 1, 0, 0),
(102, 13, 7, 0, 1, 0, 0),
(103, 28, 7, 0, 1, 0, 0),
(104, 32, 7, 0, 1, 0, 0),
(105, 32, 11, 1, 0, 1, 1),
(106, 31, 11, 1, 0, 0, 0),
(107, 31, 14, 1, 1, 1, 0),
(108, 32, 14, 1, 1, 1, 0),
(109, 33, 11, 1, 0, 0, 0),
(110, 33, 14, 1, 1, 1, 0),
(111, 144, 5, 0, 0, 0, 0),
(112, 144, 6, 0, 1, 1, 0),
(113, 144, 9, 0, 0, 0, 0),
(114, 144, 10, 0, 1, 1, 0),
(115, 144, 7, 1, 1, 0, 0),
(116, 144, 11, 1, 1, 1, 1),
(117, 144, 14, 1, 1, 1, 0),
(118, 34, 7, 0, 1, 0, 0),
(119, 34, 11, 1, 0, 1, 1),
(120, 34, 14, 1, 1, 1, 0),
(121, 35, 11, 1, 0, 0, 0),
(122, 35, 14, 1, 1, 1, 0),
(123, 36, 7, 0, 1, 0, 0),
(126, 36, 14, 1, 1, 1, 0),
(127, 37, 11, 1, 0, 0, 0),
(128, 37, 14, 1, 1, 1, 0),
(129, 38, 7, 0, 1, 0, 0),
(130, 38, 11, 1, 0, 1, 1),
(131, 39, 11, 1, 0, 0, 0),
(132, 39, 14, 1, 1, 1, 0),
(133, 40, 11, 1, 0, 0, 0),
(134, 40, 14, 1, 1, 1, 0),
(135, 41, 14, 1, 1, 1, 0),
(136, 41, 11, 1, 0, 0, 0),
(137, 42, 11, 1, 0, 0, 0),
(138, 42, 14, 1, 1, 1, 0),
(139, 43, 11, 1, 0, 0, 0),
(140, 43, 14, 1, 1, 1, 0),
(141, 45, 11, 1, 0, 0, 0),
(142, 45, 14, 1, 1, 1, 0),
(143, 46, 11, 1, 0, 0, 0),
(144, 46, 14, 1, 1, 1, 0),
(145, 47, 11, 1, 0, 0, 0),
(146, 47, 14, 1, 1, 1, 0),
(147, 48, 11, 1, 0, 0, 0),
(148, 48, 14, 1, 1, 1, 0),
(149, 49, 11, 1, 0, 0, 0),
(150, 49, 14, 1, 1, 1, 0),
(151, 50, 14, 1, 1, 1, 0),
(152, 50, 11, 1, 0, 0, 0),
(153, 51, 11, 1, 0, 0, 0),
(154, 51, 14, 1, 1, 1, 0),
(155, 52, 11, 1, 0, 0, 0),
(156, 52, 14, 1, 1, 1, 0),
(157, 53, 11, 1, 0, 0, 0),
(158, 53, 14, 1, 1, 1, 0),
(159, 54, 11, 1, 0, 0, 0),
(160, 54, 14, 1, 1, 1, 0),
(161, 55, 11, 1, 0, 0, 0),
(162, 55, 14, 1, 1, 1, 0),
(163, 56, 7, 0, 1, 0, 0),
(164, 56, 11, 1, 0, 1, 1),
(165, 56, 14, 1, 1, 1, 0),
(166, 57, 7, 0, 1, 0, 0),
(167, 57, 11, 1, 0, 1, 1),
(168, 57, 14, 1, 1, 1, 0),
(169, 58, 7, 0, 1, 0, 0),
(170, 58, 11, 1, 1, 1, 1),
(171, 58, 14, 1, 1, 1, 0),
(172, 59, 11, 1, 0, 0, 0),
(173, 59, 14, 1, 1, 1, 0),
(174, 60, 11, 1, 0, 0, 0),
(175, 60, 14, 1, 1, 1, 0),
(176, 61, 7, 0, 1, 0, 0),
(177, 61, 11, 1, 0, 1, 1),
(178, 61, 14, 1, 1, 1, 0),
(179, 62, 11, 1, 0, 0, 0),
(180, 62, 14, 1, 1, 1, 0),
(181, 63, 7, 0, 1, 0, 0),
(182, 63, 11, 1, 0, 1, 1),
(183, 63, 14, 1, 1, 1, 0),
(184, 64, 11, 1, 0, 0, 0),
(185, 64, 14, 1, 1, 1, 0),
(186, 65, 11, 1, 0, 0, 0),
(187, 65, 14, 1, 1, 1, 0),
(188, 66, 11, 1, 0, 0, 0),
(189, 66, 14, 1, 1, 1, 0),
(190, 68, 7, 0, 1, 0, 0),
(191, 68, 11, 1, 0, 1, 1),
(192, 68, 14, 1, 1, 1, 0),
(193, 69, 7, 0, 1, 0, 0),
(194, 69, 11, 1, 0, 1, 1),
(195, 69, 14, 1, 1, 1, 0),
(196, 71, 11, 1, 0, 0, 0),
(197, 71, 14, 1, 1, 1, 0),
(198, 72, 11, 1, 0, 0, 0),
(199, 72, 14, 1, 1, 1, 0),
(200, 73, 11, 1, 0, 0, 0),
(201, 73, 14, 1, 1, 1, 0),
(202, 74, 11, 1, 0, 0, 0),
(203, 74, 14, 1, 1, 1, 0),
(204, 75, 11, 1, 0, 0, 0),
(205, 75, 14, 1, 1, 1, 0),
(206, 76, 11, 1, 0, 0, 0),
(207, 76, 14, 1, 1, 1, 0),
(208, 77, 11, 1, 0, 0, 0),
(209, 77, 14, 1, 1, 1, 0),
(210, 78, 11, 1, 0, 0, 0),
(211, 79, 11, 1, 0, 0, 0),
(212, 79, 14, 1, 1, 1, 0),
(213, 80, 11, 1, 0, 0, 0),
(214, 80, 14, 1, 1, 1, 0),
(215, 81, 11, 1, 0, 0, 0),
(216, 81, 14, 1, 1, 1, 0),
(217, 82, 11, 1, 0, 0, 0),
(218, 82, 14, 1, 1, 1, 0),
(219, 83, 11, 1, 0, 0, 0),
(220, 83, 14, 1, 1, 1, 0),
(221, 84, 7, 0, 1, 0, 0),
(222, 84, 11, 1, 0, 1, 1),
(223, 84, 14, 1, 1, 1, 0),
(224, 85, 7, 0, 1, 0, 0),
(225, 85, 11, 1, 0, 1, 1),
(226, 85, 14, 1, 1, 1, 0),
(227, 86, 7, 0, 1, 0, 0),
(228, 86, 11, 1, 0, 1, 1),
(229, 86, 14, 1, 1, 1, 0),
(230, 87, 11, 1, 0, 0, 0),
(231, 87, 14, 1, 1, 1, 0),
(232, 88, 11, 1, 0, 0, 0),
(233, 88, 14, 1, 1, 1, 0),
(234, 89, 11, 1, 0, 0, 0),
(235, 89, 14, 1, 1, 1, 0),
(236, 90, 11, 1, 0, 0, 0),
(237, 90, 14, 1, 1, 1, 0),
(238, 91, 11, 1, 0, 0, 0),
(239, 91, 14, 1, 1, 1, 0),
(240, 92, 11, 1, 0, 0, 0),
(241, 92, 14, 1, 1, 1, 0),
(242, 93, 11, 1, 0, 1, 0),
(243, 93, 14, 1, 1, 1, 0),
(244, 93, 5, 0, 0, 0, 0),
(245, 93, 6, 0, 1, 1, 0),
(246, 93, 9, 0, 0, 0, 0),
(247, 93, 10, 0, 1, 0, 0),
(249, 94, 14, 1, 1, 1, 0),
(250, 94, 11, 1, 0, 0, 0),
(251, 95, 11, 1, 0, 0, 0),
(252, 95, 14, 1, 1, 1, 0),
(253, 96, 11, 1, 0, 0, 0),
(254, 96, 14, 1, 1, 1, 0),
(255, 97, 11, 1, 0, 1, 0),
(256, 97, 14, 1, 1, 1, 0),
(257, 99, 11, 1, 0, 0, 0),
(258, 99, 14, 1, 1, 1, 0),
(259, 98, 11, 1, 0, 0, 0),
(260, 98, 14, 1, 1, 1, 0),
(261, 100, 11, 1, 0, 0, 0),
(262, 100, 14, 1, 1, 1, 0),
(263, 102, 11, 1, 0, 0, 0),
(264, 102, 14, 1, 1, 1, 0),
(265, 103, 11, 1, 0, 0, 0),
(266, 104, 3, 0, 1, 1, 0),
(267, 104, 2, 0, 0, 0, 0),
(268, 104, 11, 1, 0, 0, 0),
(270, 104, 14, 1, 1, 1, 0),
(271, 105, 11, 1, 0, 0, 0),
(272, 106, 11, 1, 0, 0, 0),
(273, 106, 14, 1, 1, 1, 0),
(274, 107, 11, 1, 0, 0, 0),
(275, 107, 14, 1, 1, 1, 0),
(276, 108, 11, 1, 0, 0, 0),
(277, 108, 14, 1, 1, 1, 0),
(278, 109, 11, 1, 0, 0, 0),
(279, 109, 14, 1, 1, 1, 0),
(280, 111, 11, 1, 0, 0, 0),
(281, 111, 14, 1, 1, 1, 0),
(282, 112, 11, 1, 0, 0, 0),
(283, 112, 14, 1, 1, 1, 0),
(284, 113, 11, 1, 0, 0, 0),
(285, 113, 14, 1, 1, 1, 0),
(286, 114, 11, 1, 0, 0, 0),
(287, 114, 14, 1, 1, 1, 0),
(288, 115, 11, 1, 0, 0, 0),
(289, 115, 14, 1, 1, 1, 0),
(290, 116, 7, 0, 1, 0, 0),
(291, 116, 7, 0, 1, 0, 0),
(292, 116, 11, 1, 0, 0, 0),
(293, 116, 14, 1, 1, 1, 0),
(294, 117, 11, 1, 0, 0, 0),
(295, 117, 14, 1, 1, 1, 0),
(296, 118, 11, 1, 0, 0, 0),
(297, 118, 14, 1, 1, 1, 0),
(298, 119, 11, 1, 0, 0, 0),
(299, 119, 14, 1, 1, 1, 0),
(300, 123, 11, 1, 0, 0, 0),
(301, 123, 14, 1, 1, 1, 0),
(302, 124, 11, 1, 0, 0, 0),
(303, 124, 14, 1, 1, 1, 0),
(304, 125, 7, 0, 1, 0, 0),
(305, 125, 11, 1, 0, 1, 1),
(306, 125, 14, 1, 1, 1, 0),
(307, 128, 11, 1, 0, 0, 0),
(308, 128, 14, 1, 1, 1, 0),
(309, 129, 11, 1, 0, 1, 1),
(310, 129, 14, 1, 1, 1, 0),
(311, 129, 7, 0, 1, 0, 0),
(312, 130, 11, 1, 0, 0, 0),
(313, 130, 14, 1, 1, 1, 0),
(314, 131, 11, 1, 0, 0, 0),
(315, 131, 14, 1, 1, 1, 0),
(316, 132, 11, 1, 0, 0, 0),
(317, 132, 14, 1, 1, 1, 0),
(318, 133, 11, 1, 0, 0, 0),
(319, 133, 14, 1, 1, 1, 0),
(320, 134, 6, 0, 1, 1, 0),
(321, 134, 5, 0, 0, 0, 0),
(322, 134, 9, 0, 0, 0, 0),
(323, 134, 10, 0, 1, 0, 0),
(324, 134, 7, 0, 1, 0, 0),
(326, 134, 11, 1, 0, 1, 0),
(327, 134, 14, 1, 1, 1, 0),
(328, 135, 11, 1, 0, 0, 0),
(329, 136, 11, 1, 0, 0, 0),
(330, 136, 14, 1, 1, 1, 0),
(331, 137, 11, 1, 0, 0, 0),
(332, 137, 14, 1, 1, 1, 0),
(333, 138, 11, 1, 0, 0, 0),
(334, 138, 14, 1, 1, 1, 0),
(335, 139, 11, 1, 0, 0, 0),
(336, 139, 14, 1, 1, 1, 0),
(337, 140, 11, 1, 0, 1, 0),
(338, 140, 7, 0, 1, 0, 0),
(339, 140, 14, 1, 1, 1, 0),
(340, 141, 14, 1, 1, 1, 0),
(341, 141, 11, 1, 0, 0, 0),
(342, 142, 11, 1, 0, 0, 0),
(343, 142, 14, 1, 1, 1, 0),
(344, 143, 11, 1, 0, 0, 0),
(345, 143, 14, 1, 1, 1, 0),
(346, 153, 7, 0, 1, 0, 0),
(347, 153, 11, 1, 0, 1, 0),
(348, 153, 11, 0, 0, 0, 1),
(349, 153, 14, 1, 1, 1, 0),
(350, 151, 7, 0, 1, 0, 0),
(351, 151, 11, 1, 0, 1, 1),
(352, 146, 7, 0, 1, 0, 0),
(353, 146, 11, 1, 1, 1, 1),
(354, 146, 11, 1, 1, 1, 1),
(355, 146, 14, 1, 1, 1, 0),
(356, 150, 7, 0, 1, 0, 0),
(357, 150, 11, 1, 1, 1, 1),
(358, 148, 7, 0, 1, 0, 0),
(359, 148, 11, 1, 1, 1, 1),
(360, 149, 7, 0, 1, 0, 0),
(361, 149, 11, 1, 1, 1, 1),
(362, 149, 14, 1, 1, 1, 0),
(363, 147, 7, 0, 1, 0, 0),
(364, 147, 11, 1, 1, 1, 1),
(365, 147, 14, 1, 1, 1, 0),
(366, 150, 14, 1, 1, 1, 0),
(367, 145, 7, 0, 1, 0, 0),
(368, 145, 11, 1, 1, 1, 1),
(369, 145, 14, 1, 1, 1, 0),
(370, 148, 14, 1, 1, 1, 0),
(371, 36, 11, 1, 0, 1, 1),
(372, 38, 14, 1, 1, 1, 0),
(373, 151, 14, 1, 1, 1, 0),
(374, 44, 7, 0, 1, 0, 0),
(375, 44, 11, 1, 0, 1, 1),
(376, 44, 14, 1, 1, 1, 0),
(377, 127, 7, 0, 1, 0, 0),
(378, 97, 5, 0, 0, 0, 0),
(379, 97, 6, 0, 1, 1, 0),
(380, 97, 9, 0, 0, 0, 0),
(381, 97, 10, 0, 1, 0, 0),
(382, 97, 7, 1, 1, 1, 0),
(383, 93, 7, 0, 1, 0, 0);

-- --------------------------------------------------------

--
-- Estructura de tabla para la tabla `tbl_monedas`
--

CREATE TABLE `tbl_monedas` (
  `id` int(11) NOT NULL,
  `moneda` varchar(25) CHARACTER SET utf8mb4 COLLATE utf8mb4_unicode_ci NOT NULL,
  `simbolo` text CHARACTER SET utf8mb4 COLLATE utf8mb4_unicode_ci NOT NULL,
  `orden` int(1) NOT NULL,
  `id_estatus` int(11) NOT NULL
) ENGINE=InnoDB DEFAULT CHARSET=utf8mb4 COLLATE=utf8mb4_unicode_ci;

--
-- Volcado de datos para la tabla `tbl_monedas`
--

INSERT INTO `tbl_monedas` (`id`, `moneda`, `simbolo`, `orden`, `id_estatus`) VALUES
(1, 'Bolívar', 'Bs', 2, 1),
(2, 'Dólar', '$', 1, 1),
(3, 'Euro', '€', 3, 1);

-- --------------------------------------------------------

--
-- Estructura de tabla para la tabla `tbl_municipios`
--

CREATE TABLE `tbl_municipios` (
  `id` int(11) NOT NULL,
  `id_estado` int(11) NOT NULL,
  `municipio` varchar(100) NOT NULL
) ENGINE=InnoDB DEFAULT CHARSET=utf8;

--
-- Volcado de datos para la tabla `tbl_municipios`
--

INSERT INTO `tbl_municipios` (`id`, `id_estado`, `municipio`) VALUES
(1, 1, 'Alto Orinoco'),
(2, 1, 'Atabapo'),
(3, 1, 'Atures'),
(4, 1, 'Autana'),
(5, 1, 'Manapiare'),
(6, 1, 'Maroa'),
(7, 1, 'Río Negro'),
(8, 2, 'Anaco'),
(9, 2, 'Aragua'),
(10, 2, 'Manuel Ezequiel Bruzual'),
(11, 2, 'Diego Bautista Urbaneja'),
(12, 2, 'Fernando Peñalver'),
(13, 2, 'Francisco Del Carmen Carvajal'),
(14, 2, 'General Sir Arthur McGregor'),
(15, 2, 'Guanta'),
(16, 2, 'Independencia'),
(17, 2, 'José Gregorio Monagas'),
(18, 2, 'Juan Antonio Sotillo'),
(19, 2, 'Juan Manuel Cajigal'),
(20, 2, 'Libertad'),
(21, 2, 'Francisco de Miranda'),
(22, 2, 'Pedro María Freites'),
(23, 2, 'Píritu'),
(24, 2, 'San José de Guanipa'),
(25, 2, 'San Juan de Capistrano'),
(26, 2, 'Santa Ana'),
(27, 2, 'Simón Bolívar'),
(28, 2, 'Simón Rodríguez'),
(29, 3, 'Achaguas'),
(30, 3, 'Biruaca'),
(31, 3, 'Muñóz'),
(32, 3, 'Páez'),
(33, 3, 'Pedro Camejo'),
(34, 3, 'Rómulo Gallegos'),
(35, 3, 'San Fernando'),
(36, 4, 'Atanasio Girardot'),
(37, 4, 'Bolívar'),
(38, 4, 'Camatagua'),
(39, 4, 'Francisco Linares Alcántara'),
(40, 4, 'José Ángel Lamas'),
(41, 4, 'José Félix Ribas'),
(42, 4, 'José Rafael Revenga'),
(43, 4, 'Libertador'),
(44, 4, 'Mario Briceño Iragorry'),
(45, 4, 'Ocumare de la Costa de Oro'),
(46, 4, 'San Casimiro'),
(47, 4, 'San Sebastián'),
(48, 4, 'Santiago Mariño'),
(49, 4, 'Santos Michelena'),
(50, 4, 'Sucre'),
(51, 4, 'Tovar'),
(52, 4, 'Urdaneta'),
(53, 4, 'Zamora'),
(54, 5, 'Alberto Arvelo Torrealba'),
(55, 5, 'Andrés Eloy Blanco'),
(56, 5, 'Antonio José de Sucre'),
(57, 5, 'Arismendi'),
(58, 5, 'Barinas'),
(59, 5, 'Bolívar'),
(60, 5, 'Cruz Paredes'),
(61, 5, 'Ezequiel Zamora'),
(62, 5, 'Obispos'),
(63, 5, 'Pedraza'),
(64, 5, 'Rojas'),
(65, 5, 'Sosa'),
(66, 6, 'Caroní'),
(67, 6, 'Cedeño'),
(68, 6, 'El Callao'),
(69, 6, 'Gran Sabana'),
(70, 6, 'Heres'),
(71, 6, 'Piar'),
(72, 6, 'Angostura (Raúl Leoni)'),
(73, 6, 'Roscio'),
(74, 6, 'Sifontes'),
(75, 6, 'Sucre'),
(76, 6, 'Padre Pedro Chien'),
(77, 7, 'Bejuma'),
(78, 7, 'Carlos Arvelo'),
(79, 7, 'Diego Ibarra'),
(80, 7, 'Guacara'),
(81, 7, 'Juan José Mora'),
(82, 7, 'Libertador'),
(83, 7, 'Los Guayos'),
(84, 7, 'Miranda'),
(85, 7, 'Montalbán'),
(86, 7, 'Naguanagua'),
(87, 7, 'Puerto Cabello'),
(88, 7, 'San Diego'),
(89, 7, 'San Joaquín'),
(90, 7, 'Valencia'),
(91, 8, 'Anzoátegui'),
(92, 8, 'Tinaquillo'),
(93, 8, 'Girardot'),
(94, 8, 'Lima Blanco'),
(95, 8, 'Pao de San Juan Bautista'),
(96, 8, 'Ricaurte'),
(97, 8, 'Rómulo Gallegos'),
(98, 8, 'San Carlos'),
(99, 8, 'Tinaco'),
(100, 9, 'Antonio Díaz'),
(101, 9, 'Casacoima'),
(102, 9, 'Pedernales'),
(103, 9, 'Tucupita'),
(104, 10, 'Acosta'),
(105, 10, 'Bolívar'),
(106, 10, 'Buchivacoa'),
(107, 10, 'Cacique Manaure'),
(108, 10, 'Carirubana'),
(109, 10, 'Colina'),
(110, 10, 'Dabajuro'),
(111, 10, 'Democracia'),
(112, 10, 'Falcón'),
(113, 10, 'Federación'),
(114, 10, 'Jacura'),
(115, 10, 'José Laurencio Silva'),
(116, 10, 'Los Taques'),
(117, 10, 'Mauroa'),
(118, 10, 'Miranda'),
(119, 10, 'Monseñor Iturriza'),
(120, 10, 'Palmasola'),
(121, 10, 'Petit'),
(122, 10, 'Píritu'),
(123, 10, 'San Francisco'),
(124, 10, 'Sucre'),
(125, 10, 'Tocópero'),
(126, 10, 'Unión'),
(127, 10, 'Urumaco'),
(128, 10, 'Zamora'),
(129, 11, 'Camaguán'),
(130, 11, 'Chaguaramas'),
(131, 11, 'El Socorro'),
(132, 11, 'José Félix Ribas'),
(133, 11, 'José Tadeo Monagas'),
(134, 11, 'Juan Germán Roscio'),
(135, 11, 'Julián Mellado'),
(136, 11, 'Las Mercedes'),
(137, 11, 'Leonardo Infante'),
(138, 11, 'Pedro Zaraza'),
(139, 11, 'Ortíz'),
(140, 11, 'San Gerónimo de Guayabal'),
(141, 11, 'San José de Guaribe'),
(142, 11, 'Santa María de Ipire'),
(143, 11, 'Sebastián Francisco de Miranda'),
(144, 12, 'Andrés Eloy Blanco'),
(145, 12, 'Crespo'),
(146, 12, 'Iribarren'),
(147, 12, 'Jiménez'),
(148, 12, 'Morán'),
(149, 12, 'Palavecino'),
(150, 12, 'Simón Planas'),
(151, 12, 'Torres'),
(152, 12, 'Urdaneta'),
(179, 13, 'Alberto Adriani'),
(180, 13, 'Andrés Bello'),
(181, 13, 'Antonio Pinto Salinas'),
(182, 13, 'Aricagua'),
(183, 13, 'Arzobispo Chacón'),
(184, 13, 'Campo Elías'),
(185, 13, 'Caracciolo Parra Olmedo'),
(186, 13, 'Cardenal Quintero'),
(187, 13, 'Guaraque'),
(188, 13, 'Julio César Salas'),
(189, 13, 'Justo Briceño'),
(190, 13, 'Libertador'),
(191, 13, 'Miranda'),
(192, 13, 'Obispo Ramos de Lora'),
(193, 13, 'Padre Noguera'),
(194, 13, 'Pueblo Llano'),
(195, 13, 'Rangel'),
(196, 13, 'Rivas Dávila'),
(197, 13, 'Santos Marquina'),
(198, 13, 'Sucre'),
(199, 13, 'Tovar'),
(200, 13, 'Tulio Febres Cordero'),
(201, 13, 'Zea'),
(223, 14, 'Acevedo'),
(224, 14, 'Andrés Bello'),
(225, 14, 'Baruta'),
(226, 14, 'Brión'),
(227, 14, 'Buroz'),
(228, 14, 'Carrizal'),
(229, 14, 'Chacao'),
(230, 14, 'Cristóbal Rojas'),
(231, 14, 'El Hatillo'),
(232, 14, 'Guaicaipuro'),
(233, 14, 'Independencia'),
(234, 14, 'Lander'),
(235, 14, 'Los Salias'),
(236, 14, 'Páez'),
(237, 14, 'Paz Castillo'),
(238, 14, 'Pedro Gual'),
(239, 14, 'Plaza'),
(240, 14, 'Simón Bolívar'),
(241, 14, 'Sucre'),
(242, 14, 'Urdaneta'),
(243, 14, 'Zamora'),
(258, 15, 'Acosta'),
(259, 15, 'Aguasay'),
(260, 15, 'Bolívar'),
(261, 15, 'Caripe'),
(262, 15, 'Cedeño'),
(263, 15, 'Ezequiel Zamora'),
(264, 15, 'Libertador'),
(265, 15, 'Maturín'),
(266, 15, 'Piar'),
(267, 15, 'Punceres'),
(268, 15, 'Santa Bárbara'),
(269, 15, 'Sotillo'),
(270, 15, 'Uracoa'),
(271, 16, 'Antolín del Campo'),
(272, 16, 'Arismendi'),
(273, 16, 'García'),
(274, 16, 'Gómez'),
(275, 16, 'Maneiro'),
(276, 16, 'Marcano'),
(277, 16, 'Mariño'),
(278, 16, 'Península de Macanao'),
(279, 16, 'Tubores'),
(280, 16, 'Villalba'),
(281, 16, 'Díaz'),
(282, 17, 'Agua Blanca'),
(283, 17, 'Araure'),
(284, 17, 'Esteller'),
(285, 17, 'Guanare'),
(286, 17, 'Guanarito'),
(287, 17, 'Monseñor José Vicente de Unda'),
(288, 17, 'Ospino'),
(289, 17, 'Páez'),
(290, 17, 'Papelón'),
(291, 17, 'San Genaro de Boconoíto'),
(292, 17, 'San Rafael de Onoto'),
(293, 17, 'Santa Rosalía'),
(294, 17, 'Sucre'),
(295, 17, 'Turén'),
(296, 18, 'Andrés Eloy Blanco'),
(297, 18, 'Andrés Mata'),
(298, 18, 'Arismendi'),
(299, 18, 'Benítez'),
(300, 18, 'Bermúdez'),
(301, 18, 'Bolívar'),
(302, 18, 'Cajigal'),
(303, 18, 'Cruz Salmerón Acosta'),
(304, 18, 'Libertador'),
(305, 18, 'Mariño'),
(306, 18, 'Mejía'),
(307, 18, 'Montes'),
(308, 18, 'Ribero'),
(309, 18, 'Sucre'),
(310, 18, 'Valdéz'),
(341, 19, 'Andrés Bello'),
(342, 19, 'Antonio Rómulo Costa'),
(343, 19, 'Ayacucho'),
(344, 19, 'Bolívar'),
(345, 19, 'Cárdenas'),
(346, 19, 'Córdoba'),
(347, 19, 'Fernández Feo'),
(348, 19, 'Francisco de Miranda'),
(349, 19, 'García de Hevia'),
(350, 19, 'Guásimos'),
(351, 19, 'Independencia'),
(352, 19, 'Jáuregui'),
(353, 19, 'José María Vargas'),
(354, 19, 'Junín'),
(355, 19, 'Libertad'),
(356, 19, 'Libertador'),
(357, 19, 'Lobatera'),
(358, 19, 'Michelena'),
(359, 19, 'Panamericano'),
(360, 19, 'Pedro María Ureña'),
(361, 19, 'Rafael Urdaneta'),
(362, 19, 'Samuel Darío Maldonado'),
(363, 19, 'San Cristóbal'),
(364, 19, 'Seboruco'),
(365, 19, 'Simón Rodríguez'),
(366, 19, 'Sucre'),
(367, 19, 'Torbes'),
(368, 19, 'Uribante'),
(369, 19, 'San Judas Tadeo'),
(370, 20, 'Andrés Bello'),
(371, 20, 'Boconó'),
(372, 20, 'Bolívar'),
(373, 20, 'Candelaria'),
(374, 20, 'Carache'),
(375, 20, 'Escuque'),
(376, 20, 'José Felipe Márquez Cañizalez'),
(377, 20, 'Juan Vicente Campos Elías'),
(378, 20, 'La Ceiba'),
(379, 20, 'Miranda'),
(380, 20, 'Monte Carmelo'),
(381, 20, 'Motatán'),
(382, 20, 'Pampán'),
(383, 20, 'Pampanito'),
(384, 20, 'Rafael Rangel'),
(385, 20, 'San Rafael de Carvajal'),
(386, 20, 'Sucre'),
(387, 20, 'Trujillo'),
(388, 20, 'Urdaneta'),
(389, 20, 'Valera'),
(390, 21, 'Vargas'),
(391, 22, 'Arístides Bastidas'),
(392, 22, 'Bolívar'),
(407, 22, 'Bruzual'),
(408, 22, 'Cocorote'),
(409, 22, 'Independencia'),
(410, 22, 'José Antonio Páez'),
(411, 22, 'La Trinidad'),
(412, 22, 'Manuel Monge'),
(413, 22, 'Nirgua'),
(414, 22, 'Peña'),
(415, 22, 'San Felipe'),
(416, 22, 'Sucre'),
(417, 22, 'Urachiche'),
(418, 22, 'José Joaquín Veroes'),
(441, 23, 'Almirante Padilla'),
(442, 23, 'Baralt'),
(443, 23, 'Cabimas'),
(444, 23, 'Catatumbo'),
(445, 23, 'Colón'),
(446, 23, 'Francisco Javier Pulgar'),
(447, 23, 'Páez'),
(448, 23, 'Jesús Enrique Losada'),
(449, 23, 'Jesús María Semprún'),
(450, 23, 'La Cañada de Urdaneta'),
(451, 23, 'Lagunillas'),
(452, 23, 'Machiques de Perijá'),
(453, 23, 'Mara'),
(454, 23, 'Maracaibo'),
(455, 23, 'Miranda'),
(456, 23, 'Rosario de Perijá'),
(457, 23, 'San Francisco'),
(458, 23, 'Santa Rita'),
(459, 23, 'Simón Bolívar'),
(460, 23, 'Sucre'),
(461, 23, 'Valmore Rodríguez'),
(462, 24, 'Libertador');

-- --------------------------------------------------------

--
-- Estructura de tabla para la tabla `tbl_parroquias`
--

CREATE TABLE `tbl_parroquias` (
  `id` int(11) NOT NULL,
  `id_municipio` int(11) NOT NULL,
  `parroquia` varchar(250) NOT NULL
) ENGINE=InnoDB DEFAULT CHARSET=utf8;

--
-- Volcado de datos para la tabla `tbl_parroquias`
--

INSERT INTO `tbl_parroquias` (`id`, `id_municipio`, `parroquia`) VALUES
(1, 1, 'Alto Orinoco'),
(2, 1, 'Huachamacare Acanaña'),
(3, 1, 'Marawaka Toky Shamanaña'),
(4, 1, 'Mavaka Mavaka'),
(5, 1, 'Sierra Parima Parimabé'),
(6, 2, 'Ucata Laja Lisa'),
(7, 2, 'Yapacana Macuruco'),
(8, 2, 'Caname Guarinuma'),
(9, 3, 'Fernando Girón Tovar'),
(10, 3, 'Luis Alberto Gómez'),
(11, 3, 'Pahueña Limón de Parhueña'),
(12, 3, 'Platanillal Platanillal'),
(13, 4, 'Samariapo'),
(14, 4, 'Sipapo'),
(15, 4, 'Munduapo'),
(16, 4, 'Guayapo'),
(17, 5, 'Alto Ventuari'),
(18, 5, 'Medio Ventuari'),
(19, 5, 'Bajo Ventuari'),
(20, 6, 'Victorino'),
(21, 6, 'Comunidad'),
(22, 7, 'Casiquiare'),
(23, 7, 'Cocuy'),
(24, 7, 'San Carlos de Río Negro'),
(25, 7, 'Solano'),
(26, 8, 'Anaco'),
(27, 8, 'San Joaquín'),
(28, 9, 'Cachipo'),
(29, 9, 'Aragua de Barcelona'),
(30, 11, 'Lechería'),
(31, 11, 'El Morro'),
(32, 12, 'Puerto Píritu'),
(33, 12, 'San Miguel'),
(34, 12, 'Sucre'),
(35, 13, 'Valle de Guanape'),
(36, 13, 'Santa Bárbara'),
(37, 14, 'El Chaparro'),
(38, 14, 'Tomás Alfaro'),
(39, 14, 'Calatrava'),
(40, 15, 'Guanta'),
(41, 15, 'Chorrerón'),
(42, 16, 'Mamo'),
(43, 16, 'Soledad'),
(44, 17, 'Mapire'),
(45, 17, 'Piar'),
(46, 17, 'Santa Clara'),
(47, 17, 'San Diego de Cabrutica'),
(48, 17, 'Uverito'),
(49, 17, 'Zuata'),
(50, 18, 'Puerto La Cruz'),
(51, 18, 'Pozuelos'),
(52, 19, 'Onoto'),
(53, 19, 'San Pablo'),
(54, 20, 'San Mateo'),
(55, 20, 'El Carito'),
(56, 20, 'Santa Inés'),
(57, 20, 'La Romereña'),
(58, 21, 'Atapirire'),
(59, 21, 'Boca del Pao'),
(60, 21, 'El Pao'),
(61, 21, 'Pariaguán'),
(62, 22, 'Cantaura'),
(63, 22, 'Libertador'),
(64, 22, 'Santa Rosa'),
(65, 22, 'Urica'),
(66, 23, 'Píritu'),
(67, 23, 'San Francisco'),
(68, 24, 'San José de Guanipa'),
(69, 25, 'Boca de Uchire'),
(70, 25, 'Boca de Chávez'),
(71, 26, 'Pueblo Nuevo'),
(72, 26, 'Santa Ana'),
(73, 27, 'Bergantín'),
(74, 27, 'Caigua'),
(75, 27, 'El Carmen'),
(76, 27, 'El Pilar'),
(77, 27, 'Naricual'),
(78, 27, 'San Crsitóbal'),
(79, 28, 'Edmundo Barrios'),
(80, 28, 'Miguel Otero Silva'),
(81, 29, 'Achaguas'),
(82, 29, 'Apurito'),
(83, 29, 'El Yagual'),
(84, 29, 'Guachara'),
(85, 29, 'Mucuritas'),
(86, 29, 'Queseras del medio'),
(87, 30, 'Biruaca'),
(88, 31, 'Bruzual'),
(89, 31, 'Mantecal'),
(90, 31, 'Quintero'),
(91, 31, 'Rincón Hondo'),
(92, 31, 'San Vicente'),
(93, 32, 'Guasdualito'),
(94, 32, 'Aramendi'),
(95, 32, 'El Amparo'),
(96, 32, 'San Camilo'),
(97, 32, 'Urdaneta'),
(98, 33, 'San Juan de Payara'),
(99, 33, 'Codazzi'),
(100, 33, 'Cunaviche'),
(101, 34, 'Elorza'),
(102, 34, 'La Trinidad'),
(103, 35, 'San Fernando'),
(104, 35, 'El Recreo'),
(105, 35, 'Peñalver'),
(106, 35, 'San Rafael de Atamaica'),
(107, 36, 'Pedro José Ovalles'),
(108, 36, 'Joaquín Crespo'),
(109, 36, 'José Casanova Godoy'),
(110, 36, 'Madre María de San José'),
(111, 36, 'Andrés Eloy Blanco'),
(112, 36, 'Los Tacarigua'),
(113, 36, 'Las Delicias'),
(114, 36, 'Choroní'),
(115, 37, 'Bolívar'),
(116, 38, 'Camatagua'),
(117, 38, 'Carmen de Cura'),
(118, 39, 'Santa Rita'),
(119, 39, 'Francisco de Miranda'),
(120, 39, 'Moseñor Feliciano González'),
(121, 40, 'Santa Cruz'),
(122, 41, 'José Félix Ribas'),
(123, 41, 'Castor Nieves Ríos'),
(124, 41, 'Las Guacamayas'),
(125, 41, 'Pao de Zárate'),
(126, 41, 'Zuata'),
(127, 42, 'José Rafael Revenga'),
(128, 43, 'Palo Negro'),
(129, 43, 'San Martín de Porres'),
(130, 44, 'El Limón'),
(131, 44, 'Caña de Azúcar'),
(132, 45, 'Ocumare de la Costa'),
(133, 46, 'San Casimiro'),
(134, 46, 'Güiripa'),
(135, 46, 'Ollas de Caramacate'),
(136, 46, 'Valle Morín'),
(137, 47, 'San Sebastían'),
(138, 48, 'Turmero'),
(139, 48, 'Arevalo Aponte'),
(140, 48, 'Chuao'),
(141, 48, 'Samán de Güere'),
(142, 48, 'Alfredo Pacheco Miranda'),
(143, 49, 'Santos Michelena'),
(144, 49, 'Tiara'),
(145, 50, 'Cagua'),
(146, 50, 'Bella Vista'),
(147, 51, 'Tovar'),
(148, 52, 'Urdaneta'),
(149, 52, 'Las Peñitas'),
(150, 52, 'San Francisco de Cara'),
(151, 52, 'Taguay'),
(152, 53, 'Zamora'),
(153, 53, 'Magdaleno'),
(154, 53, 'San Francisco de Asís'),
(155, 53, 'Valles de Tucutunemo'),
(156, 53, 'Augusto Mijares'),
(157, 54, 'Sabaneta'),
(158, 54, 'Juan Antonio Rodríguez Domínguez'),
(159, 55, 'El Cantón'),
(160, 55, 'Santa Cruz de Guacas'),
(161, 55, 'Puerto Vivas'),
(162, 56, 'Ticoporo'),
(163, 56, 'Nicolás Pulido'),
(164, 56, 'Andrés Bello'),
(165, 57, 'Arismendi'),
(166, 57, 'Guadarrama'),
(167, 57, 'La Unión'),
(168, 57, 'San Antonio'),
(169, 58, 'Barinas'),
(170, 58, 'Alberto Arvelo Larriva'),
(171, 58, 'San Silvestre'),
(172, 58, 'Santa Inés'),
(173, 58, 'Santa Lucía'),
(174, 58, 'Torumos'),
(175, 58, 'El Carmen'),
(176, 58, 'Rómulo Betancourt'),
(177, 58, 'Corazón de Jesús'),
(178, 58, 'Ramón Ignacio Méndez'),
(179, 58, 'Alto Barinas'),
(180, 58, 'Manuel Palacio Fajardo'),
(181, 58, 'Juan Antonio Rodríguez Domínguez'),
(182, 58, 'Dominga Ortiz de Páez'),
(183, 59, 'Barinitas'),
(184, 59, 'Altamira de Cáceres'),
(185, 59, 'Calderas'),
(186, 60, 'Barrancas'),
(187, 60, 'El Socorro'),
(188, 60, 'Mazparrito'),
(189, 61, 'Santa Bárbara'),
(190, 61, 'Pedro Briceño Méndez'),
(191, 61, 'Ramón Ignacio Méndez'),
(192, 61, 'José Ignacio del Pumar'),
(193, 62, 'Obispos'),
(194, 62, 'Guasimitos'),
(195, 62, 'El Real'),
(196, 62, 'La Luz'),
(197, 63, 'Ciudad Bolívia'),
(198, 63, 'José Ignacio Briceño'),
(199, 63, 'José Félix Ribas'),
(200, 63, 'Páez'),
(201, 64, 'Libertad'),
(202, 64, 'Dolores'),
(203, 64, 'Santa Rosa'),
(204, 64, 'Palacio Fajardo'),
(205, 65, 'Ciudad de Nutrias'),
(206, 65, 'El Regalo'),
(207, 65, 'Puerto Nutrias'),
(208, 65, 'Santa Catalina'),
(209, 66, 'Cachamay'),
(210, 66, 'Chirica'),
(211, 66, 'Dalla Costa'),
(212, 66, 'Once de Abril'),
(213, 66, 'Simón Bolívar'),
(214, 66, 'Unare'),
(215, 66, 'Universidad'),
(216, 66, 'Vista al Sol'),
(217, 66, 'Pozo Verde'),
(218, 66, 'Yocoima'),
(219, 66, '5 de Julio'),
(220, 67, 'Cedeño'),
(221, 67, 'Altagracia'),
(222, 67, 'Ascensión Farreras'),
(223, 67, 'Guaniamo'),
(224, 67, 'La Urbana'),
(225, 67, 'Pijiguaos'),
(226, 68, 'El Callao'),
(227, 69, 'Gran Sabana'),
(228, 69, 'Ikabarú'),
(229, 70, 'Catedral'),
(230, 70, 'Zea'),
(231, 70, 'Orinoco'),
(232, 70, 'José Antonio Páez'),
(233, 70, 'Marhuanta'),
(234, 70, 'Agua Salada'),
(235, 70, 'Vista Hermosa'),
(236, 70, 'La Sabanita'),
(237, 70, 'Panapana'),
(238, 71, 'Andrés Eloy Blanco'),
(239, 71, 'Pedro Cova'),
(240, 72, 'Raúl Leoni'),
(241, 72, 'Barceloneta'),
(242, 72, 'Santa Bárbara'),
(243, 72, 'San Francisco'),
(244, 73, 'Roscio'),
(245, 73, 'Salóm'),
(246, 74, 'Sifontes'),
(247, 74, 'Dalla Costa'),
(248, 74, 'San Isidro'),
(249, 75, 'Sucre'),
(250, 75, 'Aripao'),
(251, 75, 'Guarataro'),
(252, 75, 'Las Majadas'),
(253, 75, 'Moitaco'),
(254, 76, 'Padre Pedro Chien'),
(255, 76, 'Río Grande'),
(256, 77, 'Bejuma'),
(257, 77, 'Canoabo'),
(258, 77, 'Simón Bolívar'),
(259, 78, 'Güigüe'),
(260, 78, 'Carabobo'),
(261, 78, 'Tacarigua'),
(262, 79, 'Mariara'),
(263, 79, 'Aguas Calientes'),
(264, 80, 'Ciudad Alianza'),
(265, 80, 'Guacara'),
(266, 80, 'Yagua'),
(267, 81, 'Morón'),
(268, 81, 'Yagua'),
(269, 82, 'Tocuyito'),
(270, 82, 'Independencia'),
(271, 83, 'Los Guayos'),
(272, 84, 'Miranda'),
(273, 85, 'Montalbán'),
(274, 86, 'Naguanagua'),
(275, 87, 'Bartolomé Salóm'),
(276, 87, 'Democracia'),
(277, 87, 'Fraternidad'),
(278, 87, 'Goaigoaza'),
(279, 87, 'Juan José Flores'),
(280, 87, 'Unión'),
(281, 87, 'Borburata'),
(282, 87, 'Patanemo'),
(283, 88, 'San Diego'),
(284, 89, 'San Joaquín'),
(285, 90, 'Candelaria'),
(286, 90, 'Catedral'),
(287, 90, 'El Socorro'),
(288, 90, 'Miguel Peña'),
(289, 90, 'Rafael Urdaneta'),
(290, 90, 'San Blas'),
(291, 90, 'San José'),
(292, 90, 'Santa Rosa'),
(293, 90, 'Negro Primero'),
(294, 91, 'Cojedes'),
(295, 91, 'Juan de Mata Suárez'),
(296, 92, 'Tinaquillo'),
(297, 93, 'El Baúl'),
(298, 93, 'Sucre'),
(299, 94, 'La Aguadita'),
(300, 94, 'Macapo'),
(301, 95, 'El Pao'),
(302, 96, 'El Amparo'),
(303, 96, 'Libertad de Cojedes'),
(304, 97, 'Rómulo Gallegos'),
(305, 98, 'San Carlos de Austria'),
(306, 98, 'Juan Ángel Bravo'),
(307, 98, 'Manuel Manrique'),
(308, 99, 'General en Jefe José Laurencio Silva'),
(309, 100, 'Curiapo'),
(310, 100, 'Almirante Luis Brión'),
(311, 100, 'Francisco Aniceto Lugo'),
(312, 100, 'Manuel Renaud'),
(313, 100, 'Padre Barral'),
(314, 100, 'Santos de Abelgas'),
(315, 101, 'Imataca'),
(316, 101, 'Cinco de Julio'),
(317, 101, 'Juan Bautista Arismendi'),
(318, 101, 'Manuel Piar'),
(319, 101, 'Rómulo Gallegos'),
(320, 102, 'Pedernales'),
(321, 102, 'Luis Beltrán Prieto Figueroa'),
(322, 103, 'San José (Delta Amacuro)'),
(323, 103, 'José Vidal Marcano'),
(324, 103, 'Juan Millán'),
(325, 103, 'Leonardo Ruíz Pineda'),
(326, 103, 'Mariscal Antonio José de Sucre'),
(327, 103, 'Monseñor Argimiro García'),
(328, 103, 'San Rafael (Delta Amacuro)'),
(329, 103, 'Virgen del Valle'),
(330, 10, 'Clarines'),
(331, 10, 'Guanape'),
(332, 10, 'Sabana de Uchire'),
(333, 104, 'Capadare'),
(334, 104, 'La Pastora'),
(335, 104, 'Libertador'),
(336, 104, 'San Juan de los Cayos'),
(337, 105, 'Aracua'),
(338, 105, 'La Peña'),
(339, 105, 'San Luis'),
(340, 106, 'Bariro'),
(341, 106, 'Borojó'),
(342, 106, 'Capatárida'),
(343, 106, 'Guajiro'),
(344, 106, 'Seque'),
(345, 106, 'Zazárida'),
(346, 106, 'Valle de Eroa'),
(347, 107, 'Cacique Manaure'),
(348, 108, 'Norte'),
(349, 108, 'Carirubana'),
(350, 108, 'Santa Ana'),
(351, 108, 'Urbana Punta Cardón'),
(352, 109, 'La Vela de Coro'),
(353, 109, 'Acurigua'),
(354, 109, 'Guaibacoa'),
(355, 109, 'Las Calderas'),
(356, 109, 'Macoruca'),
(357, 110, 'Dabajuro'),
(358, 111, 'Agua Clara'),
(359, 111, 'Avaria'),
(360, 111, 'Pedregal'),
(361, 111, 'Piedra Grande'),
(362, 111, 'Purureche'),
(363, 112, 'Adaure'),
(364, 112, 'Adícora'),
(365, 112, 'Baraived'),
(366, 112, 'Buena Vista'),
(367, 112, 'Jadacaquiva'),
(368, 112, 'El Vínculo'),
(369, 112, 'El Hato'),
(370, 112, 'Moruy'),
(371, 112, 'Pueblo Nuevo'),
(372, 113, 'Agua Larga'),
(373, 113, 'El Paují'),
(374, 113, 'Independencia'),
(375, 113, 'Mapararí'),
(376, 114, 'Agua Linda'),
(377, 114, 'Araurima'),
(378, 114, 'Jacura'),
(379, 115, 'Tucacas'),
(380, 115, 'Boca de Aroa'),
(381, 116, 'Los Taques'),
(382, 116, 'Judibana'),
(383, 117, 'Mene de Mauroa'),
(384, 117, 'San Félix'),
(385, 117, 'Casigua'),
(386, 118, 'Guzmán Guillermo'),
(387, 118, 'Mitare'),
(388, 118, 'Río Seco'),
(389, 118, 'Sabaneta'),
(390, 118, 'San Antonio'),
(391, 118, 'San Gabriel'),
(392, 118, 'Santa Ana'),
(393, 119, 'Boca del Tocuyo'),
(394, 119, 'Chichiriviche'),
(395, 119, 'Tocuyo de la Costa'),
(396, 120, 'Palmasola'),
(397, 121, 'Cabure'),
(398, 121, 'Colina'),
(399, 121, 'Curimagua'),
(400, 122, 'San José de la Costa'),
(401, 122, 'Píritu'),
(402, 123, 'San Francisco'),
(403, 124, 'Sucre'),
(404, 124, 'Pecaya'),
(405, 125, 'Tocópero'),
(406, 126, 'El Charal'),
(407, 126, 'Las Vegas del Tuy'),
(408, 126, 'Santa Cruz de Bucaral'),
(409, 127, 'Bruzual'),
(410, 127, 'Urumaco'),
(411, 128, 'Puerto Cumarebo'),
(412, 128, 'La Ciénaga'),
(413, 128, 'La Soledad'),
(414, 128, 'Pueblo Cumarebo'),
(415, 128, 'Zazárida'),
(416, 113, 'Churuguara'),
(417, 129, 'Camaguán'),
(418, 129, 'Puerto Miranda'),
(419, 129, 'Uverito'),
(420, 130, 'Chaguaramas'),
(421, 131, 'El Socorro'),
(422, 132, 'Tucupido'),
(423, 132, 'San Rafael de Laya'),
(424, 133, 'Altagracia de Orituco'),
(425, 133, 'San Rafael de Orituco'),
(426, 133, 'San Francisco Javier de Lezama'),
(427, 133, 'Paso Real de Macaira'),
(428, 133, 'Carlos Soublette'),
(429, 133, 'San Francisco de Macaira'),
(430, 133, 'Libertad de Orituco'),
(431, 134, 'Cantaclaro'),
(432, 134, 'San Juan de los Morros'),
(433, 134, 'Parapara'),
(434, 135, 'El Sombrero'),
(435, 135, 'Sosa'),
(436, 136, 'Las Mercedes'),
(437, 136, 'Cabruta'),
(438, 136, 'Santa Rita de Manapire'),
(439, 137, 'Valle de la Pascua'),
(440, 137, 'Espino'),
(441, 138, 'San José de Unare'),
(442, 138, 'Zaraza'),
(443, 139, 'San José de Tiznados'),
(444, 139, 'San Francisco de Tiznados'),
(445, 139, 'San Lorenzo de Tiznados'),
(446, 139, 'Ortiz'),
(447, 140, 'Guayabal'),
(448, 140, 'Cazorla'),
(449, 141, 'San José de Guaribe'),
(450, 141, 'Uveral'),
(451, 142, 'Santa María de Ipire'),
(452, 142, 'Altamira'),
(453, 143, 'El Calvario'),
(454, 143, 'El Rastro'),
(455, 143, 'Guardatinajas'),
(456, 143, 'Capital Urbana Calabozo'),
(457, 144, 'Quebrada Honda de Guache'),
(458, 144, 'Pío Tamayo'),
(459, 144, 'Yacambú'),
(460, 145, 'Fréitez'),
(461, 145, 'José María Blanco'),
(462, 146, 'Catedral'),
(463, 146, 'Concepción'),
(464, 146, 'El Cují'),
(465, 146, 'Juan de Villegas'),
(466, 146, 'Santa Rosa'),
(467, 146, 'Tamaca'),
(468, 146, 'Unión'),
(469, 146, 'Aguedo Felipe Alvarado'),
(470, 146, 'Buena Vista'),
(471, 146, 'Juárez'),
(472, 147, 'Juan Bautista Rodríguez'),
(473, 147, 'Cuara'),
(474, 147, 'Diego de Lozada'),
(475, 147, 'Paraíso de San José'),
(476, 147, 'San Miguel'),
(477, 147, 'Tintorero'),
(478, 147, 'José Bernardo Dorante'),
(479, 147, 'Coronel Mariano Peraza '),
(480, 148, 'Bolívar'),
(481, 148, 'Anzoátegui'),
(482, 148, 'Guarico'),
(483, 148, 'Hilario Luna y Luna'),
(484, 148, 'Humocaro Alto'),
(485, 148, 'Humocaro Bajo'),
(486, 148, 'La Candelaria'),
(487, 148, 'Morán'),
(488, 149, 'Cabudare'),
(489, 149, 'José Gregorio Bastidas'),
(490, 149, 'Agua Viva'),
(491, 150, 'Sarare'),
(492, 150, 'Buría'),
(493, 150, 'Gustavo Vegas León'),
(494, 151, 'Trinidad Samuel'),
(495, 151, 'Antonio Díaz'),
(496, 151, 'Camacaro'),
(497, 151, 'Castañeda'),
(498, 151, 'Cecilio Zubillaga'),
(499, 151, 'Chiquinquirá'),
(500, 151, 'El Blanco'),
(501, 151, 'Espinoza de los Monteros'),
(502, 151, 'Lara'),
(503, 151, 'Las Mercedes'),
(504, 151, 'Manuel Morillo'),
(505, 151, 'Montaña Verde'),
(506, 151, 'Montes de Oca'),
(507, 151, 'Torres'),
(508, 151, 'Heriberto Arroyo'),
(509, 151, 'Reyes Vargas'),
(510, 151, 'Altagracia'),
(511, 152, 'Siquisique'),
(512, 152, 'Moroturo'),
(513, 152, 'San Miguel'),
(514, 152, 'Xaguas'),
(515, 179, 'Presidente Betancourt'),
(516, 179, 'Presidente Páez'),
(517, 179, 'Presidente Rómulo Gallegos'),
(518, 179, 'Gabriel Picón González'),
(519, 179, 'Héctor Amable Mora'),
(520, 179, 'José Nucete Sardi'),
(521, 179, 'Pulido Méndez'),
(522, 180, 'La Azulita'),
(523, 181, 'Santa Cruz de Mora'),
(524, 181, 'Mesa Bolívar'),
(525, 181, 'Mesa de Las Palmas'),
(526, 182, 'Aricagua'),
(527, 182, 'San Antonio'),
(528, 183, 'Canagua'),
(529, 183, 'Capurí'),
(530, 183, 'Chacantá'),
(531, 183, 'El Molino'),
(532, 183, 'Guaimaral'),
(533, 183, 'Mucutuy'),
(534, 183, 'Mucuchachí'),
(535, 184, 'Fernández Peña'),
(536, 184, 'Matriz'),
(537, 184, 'Montalbán'),
(538, 184, 'Acequias'),
(539, 184, 'Jají'),
(540, 184, 'La Mesa'),
(541, 184, 'San José del Sur'),
(542, 185, 'Tucaní'),
(543, 185, 'Florencio Ramírez'),
(544, 186, 'Santo Domingo'),
(545, 186, 'Las Piedras'),
(546, 187, 'Guaraque'),
(547, 187, 'Mesa de Quintero'),
(548, 187, 'Río Negro'),
(549, 188, 'Arapuey'),
(550, 188, 'Palmira'),
(551, 189, 'San Cristóbal de Torondoy'),
(552, 189, 'Torondoy'),
(553, 190, 'Antonio Spinetti Dini'),
(554, 190, 'Arias'),
(555, 190, 'Caracciolo Parra Pérez'),
(556, 190, 'Domingo Peña'),
(557, 190, 'El Llano'),
(558, 190, 'Gonzalo Picón Febres'),
(559, 190, 'Jacinto Plaza'),
(560, 190, 'Juan Rodríguez Suárez'),
(561, 190, 'Lasso de la Vega'),
(562, 190, 'Mariano Picón Salas'),
(563, 190, 'Milla'),
(564, 190, 'Osuna Rodríguez'),
(565, 190, 'Sagrario'),
(566, 190, 'El Morro'),
(567, 190, 'Los Nevados'),
(568, 191, 'Andrés Eloy Blanco'),
(569, 191, 'La Venta'),
(570, 191, 'Piñango'),
(571, 191, 'Timotes'),
(572, 192, 'Eloy Paredes'),
(573, 192, 'San Rafael de Alcázar'),
(574, 192, 'Santa Elena de Arenales'),
(575, 193, 'Santa María de Caparo'),
(576, 194, 'Pueblo Llano'),
(577, 195, 'Cacute'),
(578, 195, 'La Toma'),
(579, 195, 'Mucuchíes'),
(580, 195, 'Mucurubá'),
(581, 195, 'San Rafael'),
(582, 196, 'Gerónimo Maldonado'),
(583, 196, 'Bailadores'),
(584, 197, 'Tabay'),
(585, 198, 'Chiguará'),
(586, 198, 'Estánquez'),
(587, 198, 'Lagunillas'),
(588, 198, 'La Trampa'),
(589, 198, 'Pueblo Nuevo del Sur'),
(590, 198, 'San Juan'),
(591, 199, 'El Amparo'),
(592, 199, 'El Llano'),
(593, 199, 'San Francisco'),
(594, 199, 'Tovar'),
(595, 200, 'Independencia'),
(596, 200, 'María de la Concepción Palacios Blanco'),
(597, 200, 'Nueva Bolivia'),
(598, 200, 'Santa Apolonia'),
(599, 201, 'Caño El Tigre'),
(600, 201, 'Zea'),
(601, 223, 'Aragüita'),
(602, 223, 'Arévalo González'),
(603, 223, 'Capaya'),
(604, 223, 'Caucagua'),
(605, 223, 'Panaquire'),
(606, 223, 'Ribas'),
(607, 223, 'El Café'),
(608, 223, 'Marizapa'),
(609, 224, 'Cumbo'),
(610, 224, 'San José de Barlovento'),
(611, 225, 'El Cafetal'),
(612, 225, 'Las Minas'),
(613, 225, 'Nuestra Señora del Rosario'),
(614, 226, 'Higuerote'),
(615, 226, 'Curiepe'),
(616, 226, 'Tacarigua de Brión'),
(617, 227, 'Mamporal'),
(618, 228, 'Carrizal'),
(619, 229, 'Chacao'),
(620, 230, 'Charallave'),
(621, 230, 'Las Brisas'),
(622, 231, 'El Hatillo'),
(623, 232, 'Altagracia de la Montaña'),
(624, 232, 'Cecilio Acosta'),
(625, 232, 'Los Teques'),
(626, 232, 'El Jarillo'),
(627, 232, 'San Pedro'),
(628, 232, 'Tácata'),
(629, 232, 'Paracotos'),
(630, 233, 'Cartanal'),
(631, 233, 'Santa Teresa del Tuy'),
(632, 234, 'La Democracia'),
(633, 234, 'Ocumare del Tuy'),
(634, 234, 'Santa Bárbara'),
(635, 235, 'San Antonio de los Altos'),
(636, 236, 'Río Chico'),
(637, 236, 'El Guapo'),
(638, 236, 'Tacarigua de la Laguna'),
(639, 236, 'Paparo'),
(640, 236, 'San Fernando del Guapo'),
(641, 237, 'Santa Lucía del Tuy'),
(642, 238, 'Cúpira'),
(643, 238, 'Machurucuto'),
(644, 239, 'Guarenas'),
(645, 240, 'San Antonio de Yare'),
(646, 240, 'San Francisco de Yare'),
(647, 241, 'Leoncio Martínez'),
(648, 241, 'Petare'),
(649, 241, 'Caucagüita'),
(650, 241, 'Filas de Mariche'),
(651, 241, 'La Dolorita'),
(652, 242, 'Cúa'),
(653, 242, 'Nueva Cúa'),
(654, 243, 'Guatire'),
(655, 243, 'Bolívar'),
(656, 258, 'San Antonio de Maturín'),
(657, 258, 'San Francisco de Maturín'),
(658, 259, 'Aguasay'),
(659, 260, 'Caripito'),
(660, 261, 'El Guácharo'),
(661, 261, 'La Guanota'),
(662, 261, 'Sabana de Piedra'),
(663, 261, 'San Agustín'),
(664, 261, 'Teresen'),
(665, 261, 'Caripe'),
(666, 262, 'Areo'),
(667, 262, 'Capital Cedeño'),
(668, 262, 'San Félix de Cantalicio'),
(669, 262, 'Viento Fresco'),
(670, 263, 'El Tejero'),
(671, 263, 'Punta de Mata'),
(672, 264, 'Chaguaramas'),
(673, 264, 'Las Alhuacas'),
(674, 264, 'Tabasca'),
(675, 264, 'Temblador'),
(676, 265, 'Alto de los Godos'),
(677, 265, 'Boquerón'),
(678, 265, 'Las Cocuizas'),
(679, 265, 'La Cruz'),
(680, 265, 'San Simón'),
(681, 265, 'El Corozo'),
(682, 265, 'El Furrial'),
(683, 265, 'Jusepín'),
(684, 265, 'La Pica'),
(685, 265, 'San Vicente'),
(686, 266, 'Aparicio'),
(687, 266, 'Aragua de Maturín'),
(688, 266, 'Chaguamal'),
(689, 266, 'El Pinto'),
(690, 266, 'Guanaguana'),
(691, 266, 'La Toscana'),
(692, 266, 'Taguaya'),
(693, 267, 'Cachipo'),
(694, 267, 'Quiriquire'),
(695, 268, 'Santa Bárbara'),
(696, 269, 'Barrancas'),
(697, 269, 'Los Barrancos de Fajardo'),
(698, 270, 'Uracoa'),
(699, 271, 'Antolín del Campo'),
(700, 272, 'Arismendi'),
(701, 273, 'García'),
(702, 273, 'Francisco Fajardo'),
(703, 274, 'Bolívar'),
(704, 274, 'Guevara'),
(705, 274, 'Matasiete'),
(706, 274, 'Santa Ana'),
(707, 274, 'Sucre'),
(708, 275, 'Aguirre'),
(709, 275, 'Maneiro'),
(710, 276, 'Adrián'),
(711, 276, 'Juan Griego'),
(712, 276, 'Yaguaraparo'),
(713, 277, 'Porlamar'),
(714, 278, 'San Francisco de Macanao'),
(715, 278, 'Boca de Río'),
(716, 279, 'Tubores'),
(717, 279, 'Los Baleales'),
(718, 280, 'Vicente Fuentes'),
(719, 280, 'Villalba'),
(720, 281, 'San Juan Bautista'),
(721, 281, 'Zabala'),
(722, 283, 'Capital Araure'),
(723, 283, 'Río Acarigua'),
(724, 284, 'Capital Esteller'),
(725, 284, 'Uveral'),
(726, 285, 'Guanare'),
(727, 285, 'Córdoba'),
(728, 285, 'San José de la Montaña'),
(729, 285, 'San Juan de Guanaguanare'),
(730, 285, 'Virgen de la Coromoto'),
(731, 286, 'Guanarito'),
(732, 286, 'Trinidad de la Capilla'),
(733, 286, 'Divina Pastora'),
(734, 287, 'Monseñor José Vicente de Unda'),
(735, 287, 'Peña Blanca'),
(736, 288, 'Capital Ospino'),
(737, 288, 'Aparición'),
(738, 288, 'La Estación'),
(739, 289, 'Páez'),
(740, 289, 'Payara'),
(741, 289, 'Pimpinela'),
(742, 289, 'Ramón Peraza'),
(743, 290, 'Papelón'),
(744, 290, 'Caño Delgadito'),
(745, 291, 'San Genaro de Boconoito'),
(746, 291, 'Antolín Tovar'),
(747, 292, 'San Rafael de Onoto'),
(748, 292, 'Santa Fe'),
(749, 292, 'Thermo Morles'),
(750, 293, 'Santa Rosalía'),
(751, 293, 'Florida'),
(752, 294, 'Sucre'),
(753, 294, 'Concepción'),
(754, 294, 'San Rafael de Palo Alzado'),
(755, 294, 'Uvencio Antonio Velásquez'),
(756, 294, 'San José de Saguaz'),
(757, 294, 'Villa Rosa'),
(758, 295, 'Turén'),
(759, 295, 'Canelones'),
(760, 295, 'Santa Cruz'),
(761, 295, 'San Isidro Labrador'),
(762, 296, 'Mariño'),
(763, 296, 'Rómulo Gallegos'),
(764, 297, 'San José de Aerocuar'),
(765, 297, 'Tavera Acosta'),
(766, 298, 'Río Caribe'),
(767, 298, 'Antonio José de Sucre'),
(768, 298, 'El Morro de Puerto Santo'),
(769, 298, 'Puerto Santo'),
(770, 298, 'San Juan de las Galdonas'),
(771, 299, 'El Pilar'),
(772, 299, 'El Rincón'),
(773, 299, 'General Francisco Antonio Váquez'),
(774, 299, 'Guaraúnos'),
(775, 299, 'Tunapuicito'),
(776, 299, 'Unión'),
(777, 300, 'Santa Catalina'),
(778, 300, 'Santa Rosa'),
(779, 300, 'Santa Teresa'),
(780, 300, 'Bolívar'),
(781, 300, 'Maracapana'),
(782, 302, 'Libertad'),
(783, 302, 'El Paujil'),
(784, 302, 'Yaguaraparo'),
(785, 303, 'Cruz Salmerón Acosta'),
(786, 303, 'Chacopata'),
(787, 303, 'Manicuare'),
(788, 304, 'Tunapuy'),
(789, 304, 'Campo Elías'),
(790, 305, 'Irapa'),
(791, 305, 'Campo Claro'),
(792, 305, 'Maraval'),
(793, 305, 'San Antonio de Irapa'),
(794, 305, 'Soro'),
(795, 306, 'Mejía'),
(796, 307, 'Cumanacoa'),
(797, 307, 'Arenas'),
(798, 307, 'Aricagua'),
(799, 307, 'Cogollar'),
(800, 307, 'San Fernando'),
(801, 307, 'San Lorenzo'),
(802, 308, 'Villa Frontado (Muelle de Cariaco)'),
(803, 308, 'Catuaro'),
(804, 308, 'Rendón'),
(805, 308, 'San Cruz'),
(806, 308, 'Santa María'),
(807, 309, 'Altagracia'),
(808, 309, 'Santa Inés'),
(809, 309, 'Valentín Valiente'),
(810, 309, 'Ayacucho'),
(811, 309, 'San Juan'),
(812, 309, 'Raúl Leoni'),
(813, 309, 'Gran Mariscal'),
(814, 310, 'Cristóbal Colón'),
(815, 310, 'Bideau'),
(816, 310, 'Punta de Piedras'),
(817, 310, 'Güiria'),
(818, 341, 'Andrés Bello'),
(819, 342, 'Antonio Rómulo Costa'),
(820, 343, 'Ayacucho'),
(821, 343, 'Rivas Berti'),
(822, 343, 'San Pedro del Río'),
(823, 344, 'Bolívar'),
(824, 344, 'Palotal'),
(825, 344, 'General Juan Vicente Gómez'),
(826, 344, 'Isaías Medina Angarita'),
(827, 345, 'Cárdenas'),
(828, 345, 'Amenodoro Ángel Lamus'),
(829, 345, 'La Florida'),
(830, 346, 'Córdoba'),
(831, 347, 'Fernández Feo'),
(832, 347, 'Alberto Adriani'),
(833, 347, 'Santo Domingo'),
(834, 348, 'Francisco de Miranda'),
(835, 349, 'García de Hevia'),
(836, 349, 'Boca de Grita'),
(837, 349, 'José Antonio Páez'),
(838, 350, 'Guásimos'),
(839, 351, 'Independencia'),
(840, 351, 'Juan Germán Roscio'),
(841, 351, 'Román Cárdenas'),
(842, 352, 'Jáuregui'),
(843, 352, 'Emilio Constantino Guerrero'),
(844, 352, 'Monseñor Miguel Antonio Salas'),
(845, 353, 'José María Vargas'),
(846, 354, 'Junín'),
(847, 354, 'La Petrólea'),
(848, 354, 'Quinimarí'),
(849, 354, 'Bramón'),
(850, 355, 'Libertad'),
(851, 355, 'Cipriano Castro'),
(852, 355, 'Manuel Felipe Rugeles'),
(853, 356, 'Libertador'),
(854, 356, 'Doradas'),
(855, 356, 'Emeterio Ochoa'),
(856, 356, 'San Joaquín de Navay'),
(857, 357, 'Lobatera'),
(858, 357, 'Constitución'),
(859, 358, 'Michelena'),
(860, 359, 'Panamericano'),
(861, 359, 'La Palmita'),
(862, 360, 'Pedro María Ureña'),
(863, 360, 'Nueva Arcadia'),
(864, 361, 'Delicias'),
(865, 361, 'Pecaya'),
(866, 362, 'Samuel Darío Maldonado'),
(867, 362, 'Boconó'),
(868, 362, 'Hernández'),
(869, 363, 'La Concordia'),
(870, 363, 'San Juan Bautista'),
(871, 363, 'Pedro María Morantes'),
(872, 363, 'San Sebastián'),
(873, 363, 'Dr. Francisco Romero Lobo'),
(874, 364, 'Seboruco'),
(875, 365, 'Simón Rodríguez'),
(876, 366, 'Sucre'),
(877, 366, 'Eleazar López Contreras'),
(878, 366, 'San Pablo'),
(879, 367, 'Torbes'),
(880, 368, 'Uribante'),
(881, 368, 'Cárdenas'),
(882, 368, 'Juan Pablo Peñalosa'),
(883, 368, 'Potosí'),
(884, 369, 'San Judas Tadeo'),
(885, 370, 'Araguaney'),
(886, 370, 'El Jaguito'),
(887, 370, 'La Esperanza'),
(888, 370, 'Santa Isabel'),
(889, 371, 'Boconó'),
(890, 371, 'El Carmen'),
(891, 371, 'Mosquey'),
(892, 371, 'Ayacucho'),
(893, 371, 'Burbusay'),
(894, 371, 'General Ribas'),
(895, 371, 'Guaramacal'),
(896, 371, 'Vega de Guaramacal'),
(897, 371, 'Monseñor Jáuregui'),
(898, 371, 'Rafael Rangel'),
(899, 371, 'San Miguel'),
(900, 371, 'San José'),
(901, 372, 'Sabana Grande'),
(902, 372, 'Cheregüé'),
(903, 372, 'Granados'),
(904, 373, 'Arnoldo Gabaldón'),
(905, 373, 'Bolivia'),
(906, 373, 'Carrillo'),
(907, 373, 'Cegarra'),
(908, 373, 'Chejendé'),
(909, 373, 'Manuel Salvador Ulloa'),
(910, 373, 'San José'),
(911, 374, 'Carache'),
(912, 374, 'La Concepción'),
(913, 374, 'Cuicas'),
(914, 374, 'Panamericana'),
(915, 374, 'Santa Cruz'),
(916, 375, 'Escuque'),
(917, 375, 'La Unión'),
(918, 375, 'Santa Rita'),
(919, 375, 'Sabana Libre'),
(920, 376, 'El Socorro'),
(921, 376, 'Los Caprichos'),
(922, 376, 'Antonio José de Sucre'),
(923, 377, 'Campo Elías'),
(924, 377, 'Arnoldo Gabaldón'),
(925, 378, 'Santa Apolonia'),
(926, 378, 'El Progreso'),
(927, 378, 'La Ceiba'),
(928, 378, 'Tres de Febrero'),
(929, 379, 'El Dividive'),
(930, 379, 'Agua Santa'),
(931, 379, 'Agua Caliente'),
(932, 379, 'El Cenizo'),
(933, 379, 'Valerita'),
(934, 380, 'Monte Carmelo'),
(935, 380, 'Buena Vista'),
(936, 380, 'Santa María del Horcón'),
(937, 381, 'Motatán'),
(938, 381, 'El Baño'),
(939, 381, 'Jalisco'),
(940, 382, 'Pampán'),
(941, 382, 'Flor de Patria'),
(942, 382, 'La Paz'),
(943, 382, 'Santa Ana'),
(944, 383, 'Pampanito'),
(945, 383, 'La Concepción'),
(946, 383, 'Pampanito II'),
(947, 384, 'Betijoque'),
(948, 384, 'José Gregorio Hernández'),
(949, 384, 'La Pueblita'),
(950, 384, 'Los Cedros'),
(951, 385, 'Carvajal'),
(952, 385, 'Campo Alegre'),
(953, 385, 'Antonio Nicolás Briceño'),
(954, 385, 'José Leonardo Suárez'),
(955, 386, 'Sabana de Mendoza'),
(956, 386, 'Junín'),
(957, 386, 'Valmore Rodríguez'),
(958, 386, 'El Paraíso'),
(959, 387, 'Andrés Linares'),
(960, 387, 'Chiquinquirá'),
(961, 387, 'Cristóbal Mendoza'),
(962, 387, 'Cruz Carrillo'),
(963, 387, 'Matriz'),
(964, 387, 'Monseñor Carrillo'),
(965, 387, 'Tres Esquinas'),
(966, 388, 'Cabimbú'),
(967, 388, 'Jajó'),
(968, 388, 'La Mesa de Esnujaque'),
(969, 388, 'Santiago'),
(970, 388, 'Tuñame'),
(971, 388, 'La Quebrada'),
(972, 389, 'Juan Ignacio Montilla'),
(973, 389, 'La Beatriz'),
(974, 389, 'La Puerta'),
(975, 389, 'Mendoza del Valle de Momboy'),
(976, 389, 'Mercedes Díaz'),
(977, 389, 'San Luis'),
(978, 390, 'Caraballeda'),
(979, 390, 'Carayaca'),
(980, 390, 'Carlos Soublette'),
(981, 390, 'Caruao Chuspa'),
(982, 390, 'Catia La Mar'),
(983, 390, 'El Junko'),
(984, 390, 'La Guaira'),
(985, 390, 'Macuto'),
(986, 390, 'Maiquetía'),
(987, 390, 'Naiguatá'),
(988, 390, 'Urimare'),
(989, 391, 'Arístides Bastidas'),
(990, 392, 'Bolívar'),
(991, 407, 'Chivacoa'),
(992, 407, 'Campo Elías'),
(993, 408, 'Cocorote'),
(994, 409, 'Independencia'),
(995, 410, 'José Antonio Páez'),
(996, 411, 'La Trinidad'),
(997, 412, 'Manuel Monge'),
(998, 413, 'Salóm'),
(999, 413, 'Temerla'),
(1000, 413, 'Nirgua'),
(1001, 414, 'San Andrés'),
(1002, 414, 'Yaritagua'),
(1003, 415, 'San Javier'),
(1004, 415, 'Albarico'),
(1005, 415, 'San Felipe'),
(1006, 416, 'Sucre'),
(1007, 417, 'Urachiche'),
(1008, 418, 'El Guayabo'),
(1009, 418, 'Farriar'),
(1010, 441, 'Isla de Toas'),
(1011, 441, 'Monagas'),
(1012, 442, 'San Timoteo'),
(1013, 442, 'General Urdaneta'),
(1014, 442, 'Libertador'),
(1015, 442, 'Marcelino Briceño'),
(1016, 442, 'Pueblo Nuevo'),
(1017, 442, 'Manuel Guanipa Matos'),
(1018, 443, 'Ambrosio'),
(1019, 443, 'Carmen Herrera'),
(1020, 443, 'La Rosa'),
(1021, 443, 'Germán Ríos Linares'),
(1022, 443, 'San Benito'),
(1023, 443, 'Rómulo Betancourt'),
(1024, 443, 'Jorge Hernández'),
(1025, 443, 'Punta Gorda'),
(1026, 443, 'Arístides Calvani'),
(1027, 444, 'Encontrados'),
(1028, 444, 'Udón Pérez'),
(1029, 445, 'Moralito'),
(1030, 445, 'San Carlos del Zulia'),
(1031, 445, 'Santa Cruz del Zulia'),
(1032, 445, 'Santa Bárbara'),
(1033, 445, 'Urribarrí'),
(1034, 446, 'Carlos Quevedo'),
(1035, 446, 'Francisco Javier Pulgar'),
(1036, 446, 'Simón Rodríguez'),
(1037, 446, 'Guamo-Gavilanes'),
(1038, 448, 'La Concepción'),
(1039, 448, 'San José'),
(1040, 448, 'Mariano Parra León'),
(1041, 448, 'José Ramón Yépez'),
(1042, 449, 'Jesús María Semprún'),
(1043, 449, 'Barí'),
(1044, 450, 'Concepción'),
(1045, 450, 'Andrés Bello'),
(1046, 450, 'Chiquinquirá'),
(1047, 450, 'El Carmelo'),
(1048, 450, 'Potreritos'),
(1049, 451, 'Libertad'),
(1050, 451, 'Alonso de Ojeda'),
(1051, 451, 'Venezuela'),
(1052, 451, 'Eleazar López Contreras'),
(1053, 451, 'Campo Lara'),
(1054, 452, 'Bartolomé de las Casas'),
(1055, 452, 'Libertad'),
(1056, 452, 'Río Negro'),
(1057, 452, 'San José de Perijá'),
(1058, 453, 'San Rafael'),
(1059, 453, 'La Sierrita'),
(1060, 453, 'Las Parcelas'),
(1061, 453, 'Luis de Vicente'),
(1062, 453, 'Monseñor Marcos Sergio Godoy'),
(1063, 453, 'Ricaurte'),
(1064, 453, 'Tamare'),
(1065, 454, 'Antonio Borjas Romero'),
(1066, 454, 'Bolívar'),
(1067, 454, 'Cacique Mara'),
(1068, 454, 'Carracciolo Parra Pérez'),
(1069, 454, 'Cecilio Acosta'),
(1070, 454, 'Cristo de Aranza'),
(1071, 454, 'Coquivacoa'),
(1072, 454, 'Chiquinquirá'),
(1073, 454, 'Francisco Eugenio Bustamante'),
(1074, 454, 'Idelfonzo Vásquez'),
(1075, 454, 'Juana de Ávila'),
(1076, 454, 'Luis Hurtado Higuera'),
(1077, 454, 'Manuel Dagnino'),
(1078, 454, 'Olegario Villalobos'),
(1079, 454, 'Raúl Leoni'),
(1080, 454, 'Santa Lucía'),
(1081, 454, 'Venancio Pulgar'),
(1082, 454, 'San Isidro'),
(1083, 455, 'Altagracia'),
(1084, 455, 'Faría'),
(1085, 455, 'Ana María Campos'),
(1086, 455, 'San Antonio'),
(1087, 455, 'San José'),
(1088, 456, 'Donaldo García'),
(1089, 456, 'El Rosario'),
(1090, 456, 'Sixto Zambrano'),
(1091, 457, 'San Francisco'),
(1092, 457, 'El Bajo'),
(1093, 457, 'Domitila Flores'),
(1094, 457, 'Francisco Ochoa'),
(1095, 457, 'Los Cortijos'),
(1096, 457, 'Marcial Hernández'),
(1097, 458, 'Santa Rita'),
(1098, 458, 'El Mene'),
(1099, 458, 'Pedro Lucas Urribarrí'),
(1100, 458, 'José Cenobio Urribarrí'),
(1101, 459, 'Rafael Maria Baralt'),
(1102, 459, 'Manuel Manrique'),
(1103, 459, 'Rafael Urdaneta'),
(1104, 460, 'Bobures'),
(1105, 460, 'Gibraltar'),
(1106, 460, 'Heras'),
(1107, 460, 'Monseñor Arturo Álvarez'),
(1108, 460, 'Rómulo Gallegos'),
(1109, 460, 'El Batey'),
(1110, 461, 'Rafael Urdaneta'),
(1111, 461, 'La Victoria'),
(1112, 461, 'Raúl Cuenca'),
(1113, 447, 'Sinamaica'),
(1114, 447, 'Alta Guajira'),
(1115, 447, 'Elías Sánchez Rubio'),
(1116, 447, 'Guajira'),
(1117, 462, 'Altagracia'),
(1118, 462, 'Antímano'),
(1119, 462, 'Caricuao'),
(1120, 462, 'Catedral'),
(1121, 462, 'Coche'),
(1122, 462, 'El Junquito'),
(1123, 462, 'El Paraíso'),
(1124, 462, 'El Recreo'),
(1125, 462, 'El Valle'),
(1126, 462, 'La Candelaria'),
(1127, 462, 'La Pastora'),
(1128, 462, 'La Vega'),
(1129, 462, 'Macarao'),
(1130, 462, 'San Agustín'),
(1131, 462, 'San Bernardino'),
(1132, 462, 'San José'),
(1133, 462, 'San Juan'),
(1134, 462, 'San Pedro'),
(1135, 462, 'Santa Rosalía'),
(1136, 462, 'Santa Teresa'),
(1137, 462, 'Sucre (Catia)'),
(1138, 462, '23 de enero');

-- --------------------------------------------------------

--
-- Estructura de tabla para la tabla `tbl_proyecto`
--

CREATE TABLE `tbl_proyecto` (
  `id` int(11) NOT NULL,
  `descripcion` text CHARACTER SET utf8 COLLATE utf8_general_ci NOT NULL,
  `id_cliente` int(11) NOT NULL,
  `id_socio` int(11) NOT NULL,
  `id_gerente` int(11) NOT NULL,
  `fecha_contratacion` date NOT NULL,
  `monto` decimal(25,2) NOT NULL,
  `id_moneda` int(11) NOT NULL,
  `id_estatus` int(11) NOT NULL
) ENGINE=InnoDB DEFAULT CHARSET=utf8;

--
-- Volcado de datos para la tabla `tbl_proyecto`
--

INSERT INTO `tbl_proyecto` (`id`, `descripcion`, `id_cliente`, `id_socio`, `id_gerente`, `fecha_contratacion`, `monto`, `id_moneda`, `id_estatus`) VALUES
(1, 'AUDITORIA A LOS ESTADOS FINANCIEROS AL 30 DE JUNIO DE 2020', 98, 146, 3, '2020-07-01', '2750.00', 2, 1),
(2, 'AUDITORIA A LOS ESTADOS FINANCIEROS AL 30 DE JUNIO DE 2020', 28, 145, 3, '2020-07-01', '2600000000.00', 1, 1),
(3, 'AUDITORíA DE LOS ESTADOS FINANCIEROS AL 30 DE JUNIO DE 2020', 52, 146, 3, '2020-07-01', '308154753.17', 1, 1),
(4, 'COMPILACIóN DE INFORMACIóN FINANCIERA AL 30 DE JUNIO DE 2020 Y 31 DE DICIEMBRE DE 2019 Y 2018', 102, 149, 9, '2020-07-01', '1500.00', 2, 1),
(5, 'AUDITORíA A LOS ESTADOS FINANCIEROS AL 30 DE JUNIO DE 2020', 94, 146, 3, '2020-07-01', '750.00', 2, 1),
(6, 'DIAGNOSTICO DE LOS PROCESOS ADMINISTRATIVOS Y VERIFICACION SALDOS FINALES', 56, 150, 28, '2020-07-01', '900000000.00', 1, 1),
(7, 'AUDITORIA AL 31 DE DICIEMBRE DE 2020', 19, 149, 9, '2020-07-01', '11900.00', 2, 1),
(8, 'AUDITORIA AL 30-06-2020', 31, 146, 148, '2020-07-01', '132000.00', 2, 1),
(9, 'AUDITORIA AL 30-06-2020', 27, 145, 148, '2020-07-01', '8000.00', 2, 1),
(10, 'SERVICIOS PRESTADOS DE CONTABILIDAD INSOuRCING PROYECTO CONTINUO', 103, 146, 84, '2020-07-01', '500000000.00', 1, 1),
(11, 'LIBRO DE COMPRAS', 104, 58, 61, '2020-07-01', '346500000.00', 1, 1),
(12, 'LIBRO DE COMPRAS', 47, 58, 61, '2020-07-01', '138600000.00', 1, 1),
(13, 'LIBRO DE COMPRAS', 106, 58, 61, '2020-07-01', '69300000.00', 1, 1),
(14, 'PDT 2020', 71, 58, 61, '2020-07-01', '2000.00', 2, 1),
(15, 'DDR ISLR 2020', 74, 58, 61, '2020-07-01', '700.00', 2, 1),
(16, 'CONTINGENCIA IGTF', 107, 58, 61, '2020-07-01', '720.00', 2, 1),
(17, 'AUDITORIA FISCAL 2018 - 2019', 53, 58, 61, '2020-07-01', '1800.00', 2, 1),
(18, 'AUDITORIA FISCAL 2018 - 2019', 41, 58, 61, '2020-07-01', '1200.00', 2, 1),
(19, 'DDR ISLR 2019', 29, 58, 61, '2020-07-01', '1500.00', 2, 1),
(20, 'ELABORACIÓN DEL AJUSTE POR INFLACIÓN Y NOTAS DEL INFORME AL 31 DE DICIEMBRE DE 2018', 41, 150, 34, '2020-07-01', '1500.00', 2, 1),
(21, 'EXAMEN DE LOS ESTADOS FINACIEROS AL 31 DE DICIEMBRE DE 2019', 53, 150, 34, '2020-07-01', '2860.00', 2, 1),
(22, 'AUDITORíA AL 30 DE JUNIO DEL 2020', 108, 149, 9, '2020-09-02', '12000.00', 2, 1),
(23, 'EXAMEN DE LOS ESTADOS FINANCIEROS AL 31 DE DICIEMBRE DE 2019', 41, 150, 34, '2020-09-03', '2860.00', 2, 1),
(24, 'AUDITORÍA DE LOS ESTADOS FINANCIEROS 31 DE DICIEMBRE DE 2019', 109, 144, 144, '2020-09-07', '2700.00', 2, 1),
(25, 'AUDITORíA DE LOS ESTADOS FINANCIEROS PARA EL SEMESTRE TERMINADO EL 30 DE JUNIO DE 2020', 30, 4, 6, '2020-08-24', '210000000.00', 1, 1),
(28, 'AUDITORIA AL 31 DE DICIEMBRE DE 2020', 90, 149, 9, '2020-08-03', '7000.00', 2, 1),
(29, 'AUDITORIA AL 31 DE MAYO DE 2019', 84, 144, 3, '2020-09-23', '3680.00', 3, 1),
(30, 'DIAGNóSTICO Y EVALUACIóN DE RIESGO DEL PROCESO COBRO DE SERVICIOS EN DIVISAS', 62, 150, 2, '2020-07-08', '4000.00', 2, 1),
(31, 'IDENTIFICACIóN DE PROCESOS ADMINISTRATIVOS Y FINANCIEROS VIOLENTADOS EN HIAS VENEZUELA', 110, 154, 36, '2020-09-30', '6000.00', 2, 1);

--
-- Disparadores `tbl_proyecto`
--
DELIMITER $$
CREATE TRIGGER `tbl_proyecto_AI` AFTER INSERT ON `tbl_proyecto` FOR EACH ROW INSERT INTO logs.tbl_proyecto(id_proyecto, descripcion_nuevo, id_cliente_nuevo, fecha_contratacion_nuevo, monto_nuevo, id_moneda_nuevo,  id_estatus_nuevo) VALUES (NEW.id, NEW.descripcion, NEW.id_cliente, NEW.fecha_contratacion, NEW.monto, NEW.id_moneda, NEW.id_estatus)
$$
DELIMITER ;
DELIMITER $$
CREATE TRIGGER `tbl_proyecto_BU` BEFORE UPDATE ON `tbl_proyecto` FOR EACH ROW INSERT INTO logs.tbl_proyecto(id_proyecto, descripcion, id_cliente, fecha_contratacion, monto, id_moneda, id_estatus, descripcion_nuevo, id_cliente_nuevo, fecha_contratacion_nuevo, monto_nuevo, id_moneda_nuevo, id_estatus_nuevo) VALUES (NEW.id, OLD.descripcion, OLD.id_cliente, OLD.fecha_contratacion, OLD.monto, OLD.id_moneda, OLD.id_estatus, NEW.descripcion, NEW.id_cliente, NEW.fecha_contratacion, NEW.monto, NEW.id_moneda, NEW.id_estatus)
$$
DELIMITER ;

-- --------------------------------------------------------

--
-- Estructura de tabla para la tabla `tbl_proyecto_analista`
--

CREATE TABLE `tbl_proyecto_analista` (
  `id` int(10) UNSIGNED NOT NULL,
  `id_proyecto` int(11) NOT NULL,
  `id_proyecto_division` int(11) DEFAULT NULL,
  `id_analista` int(11) NOT NULL,
  `horas_asignadas` int(11) DEFAULT NULL,
  `id_estatus` int(11) NOT NULL
) ENGINE=InnoDB DEFAULT CHARSET=utf8mb4 COLLATE=utf8mb4_unicode_ci;

--
-- Volcado de datos para la tabla `tbl_proyecto_analista`
--

INSERT INTO `tbl_proyecto_analista` (`id`, `id_proyecto`, `id_proyecto_division`, `id_analista`, `horas_asignadas`, `id_estatus`) VALUES
(1, 1, 1, 146, 8, 1),
(2, 1, 1, 3, 20, 1),
(3, 1, 1, 13, 52, 1),
(4, 1, 1, 43, 100, 1),
(5, 2, 2, 4, 40, 1),
(6, 2, 2, 3, 252, 1),
(7, 2, 2, 20, 280, 1),
(8, 2, 2, 145, 40, 1),
(9, 2, 2, 30, 280, 1),
(10, 2, 2, 53, 150, 1),
(11, 2, 2, 39, 150, 1),
(12, 5, 9, 146, 8, 1),
(13, 5, 9, 3, 20, 1),
(14, 5, 9, 13, 42, 1),
(15, 5, 9, 42, 70, 1),
(16, 1, 1, 14, NULL, 0),
(17, 1, 1, 4, NULL, 1),
(18, 1, 1, 7, NULL, 1),
(19, 1, 1, 145, NULL, 0),
(20, 2, 4, 58, 10, 1),
(21, 2, 4, 61, 70, 1),
(22, 2, 4, 59, 80, 1),
(23, 2, 4, 66, 40, 1),
(24, 8, 15, 58, 10, 1),
(25, 8, 15, 61, 80, 1),
(26, 8, 15, 59, 160, 1),
(27, 4, 8, 38, 38, 1),
(28, 4, 8, 19, 4, 1),
(29, 4, 8, 149, 6, 1),
(30, 4, 8, 9, 8, 1),
(31, 4, 8, 8, 69, 1),
(32, 7, 11, 19, 240, 1),
(33, 7, 11, 8, 190, 1),
(34, 7, 11, 9, 36, 1),
(35, 7, 11, 149, 30, 1),
(36, 10, 19, 87, 520, 1),
(37, 10, 19, 91, 520, 1),
(38, 10, 19, 88, 520, 1),
(39, 10, 19, 84, 520, 1),
(40, 2, 3, 127, 0, 0),
(41, 8, 12, 146, 250, 1),
(42, 8, 12, 148, 980, 1),
(43, 8, 12, 145, 400, 1),
(44, 8, 12, 11, 1020, 1),
(45, 8, 12, 10, 1020, 1),
(46, 8, 12, 32, 750, 1),
(47, 8, 12, 25, 830, 1),
(48, 8, 12, 18, 830, 1),
(49, 8, 12, 29, 600, 1),
(50, 8, 12, 51, 600, 1),
(51, 9, 16, 145, 120, 1),
(52, 9, 16, 148, 20, 1),
(53, 9, 16, 149, 20, 1),
(54, 9, 16, 32, 202, 1),
(55, 9, 16, 29, 24, 1),
(56, 9, 16, 51, 24, 1),
(57, 9, 16, 10, 20, 1),
(58, 11, 20, 58, 64, 1),
(59, 11, 20, 64, 4800, 1),
(60, 12, 21, 58, 30, 1),
(61, 12, 21, 60, 120, 1),
(62, 13, 22, 58, 10, 1),
(63, 13, 22, 60, 40, 1),
(64, 14, 23, 58, 120, 1),
(65, 14, 23, 59, 120, 1),
(66, 15, 24, 58, 20, 1),
(67, 15, 24, 62, 120, 1),
(68, 16, 25, 65, 40, 1),
(69, 16, 25, 58, 20, 1),
(70, 16, 25, 147, 8, 1),
(71, 16, 25, 60, 40, 1),
(72, 17, 26, 58, 40, 1),
(73, 17, 26, 61, 20, 1),
(74, 17, 26, 65, 180, 1),
(75, 18, 27, 58, 40, 1),
(76, 18, 27, 61, 20, 1),
(77, 18, 27, 65, 180, 1),
(78, 19, 28, 58, 15, 1),
(79, 19, 28, 61, 120, 1),
(80, 19, 28, 65, 180, 1),
(81, 20, 29, 150, 10, 1),
(82, 20, 29, 34, 20, 1),
(83, 20, 29, 44, 30, 1),
(84, 20, 29, 23, 10, 1),
(85, 20, 29, 47, 10, 1),
(86, 20, 29, 46, 10, 1),
(87, 20, 29, 40, 10, 1),
(88, 21, 30, 150, 20, 1),
(89, 21, 30, 34, 44, 1),
(90, 21, 30, 44, 60, 1),
(91, 21, 30, 23, 36, 1),
(92, 21, 30, 46, NULL, 1),
(93, 21, 30, 40, NULL, 1),
(94, 3, 7, 146, 2, 1),
(95, 3, 7, 3, 10, 1),
(96, 3, 7, 13, 38, 1),
(97, 3, 7, 42, 60, 1),
(98, 22, 31, 149, 80, 1),
(99, 22, 31, 9, 164, 1),
(100, 22, 31, 38, 316, 1),
(101, 22, 31, 24, 370, 1),
(102, 22, 31, 21, 370, 1),
(103, 8, 12, 57, 0, 0),
(104, 23, 32, 150, 20, 1),
(105, 23, 32, 34, 44, 1),
(106, 23, 32, 44, 60, 1),
(107, 23, 32, 23, 36, 1),
(108, 23, 32, 46, 32, 1),
(109, 23, 32, 40, 32, 1),
(110, 2, 3, 125, 30, 1),
(111, 2, 3, 126, 30, 1),
(112, 2, 3, 128, 140, 1),
(113, 8, 13, 125, 50, 1),
(114, 8, 13, 126, 50, 1),
(115, 8, 13, 128, 250, 1),
(116, 9, 18, 129, 90, 1),
(117, 9, 18, 126, 10, 1),
(118, 9, 18, 125, 20, 1),
(119, 25, 36, 125, 40, 1),
(120, 25, 36, 127, 0, 0);

--
-- Disparadores `tbl_proyecto_analista`
--
DELIMITER $$
CREATE TRIGGER `tbl_proyecto_analista_AI` AFTER INSERT ON `tbl_proyecto_analista` FOR EACH ROW INSERT INTO logs.tbl_proyecto_analista(id_proyecto_analista, id_proyecto_nuevo, id_proyecto_division_nuevo, id_analista_nuevo, horas_asignadas_nuevo, id_estatus_nuevo) VALUES (NEW.id, NEW.id_proyecto, NEW.id_proyecto_division, NEW.id_analista, NEW.horas_asignadas, NEW.id_estatus)
$$
DELIMITER ;
DELIMITER $$
CREATE TRIGGER `tbl_proyecto_analista_BU` BEFORE UPDATE ON `tbl_proyecto_analista` FOR EACH ROW INSERT INTO logs.tbl_proyecto_analista(id_proyecto_analista, id_proyecto, id_proyecto_division, id_analista, horas_asignadas, id_estatus, id_proyecto_nuevo, id_proyecto_division_nuevo, id_analista_nuevo, horas_asignadas_nuevo, id_estatus_nuevo) VALUES (NEW.id, OLD.id_proyecto, OLD.id_proyecto_division, OLD.id_analista, OLD.horas_asignadas, OLD.id_estatus, NEW.id_proyecto, NEW.id_proyecto_division, NEW.id_analista, NEW.horas_asignadas, NEW.id_estatus)
$$
DELIMITER ;

-- --------------------------------------------------------

--
-- Estructura de tabla para la tabla `tbl_proyecto_divisiones`
--

CREATE TABLE `tbl_proyecto_divisiones` (
  `id` int(11) NOT NULL,
  `id_division` int(11) NOT NULL,
  `id_proyecto` int(11) NOT NULL,
  `id_gerente` int(11) NOT NULL,
  `horas_contratadas` int(11) NOT NULL
) ENGINE=InnoDB DEFAULT CHARSET=utf8;

--
-- Volcado de datos para la tabla `tbl_proyecto_divisiones`
--

INSERT INTO `tbl_proyecto_divisiones` (`id`, `id_division`, `id_proyecto`, `id_gerente`, `horas_contratadas`) VALUES
(1, 1, 1, 0, 244),
(2, 1, 2, 0, 1852),
(3, 3, 2, 0, 200),
(4, 2, 2, 0, 200),
(5, 6, 2, 0, 200),
(6, 17, 2, 0, 8),
(7, 1, 3, 0, 274),
(8, 1, 4, 0, 125),
(9, 1, 5, 0, 140),
(10, 1, 6, 0, 600),
(11, 1, 7, 0, 500),
(12, 1, 8, 0, 7630),
(13, 3, 8, 0, 350),
(14, 6, 8, 0, 0),
(15, 2, 8, 0, 250),
(16, 1, 9, 0, 430),
(17, 6, 9, 0, 150),
(18, 3, 9, 0, 120),
(19, 5, 10, 0, 4000),
(20, 2, 11, 0, 544),
(21, 2, 12, 0, 150),
(22, 2, 13, 0, 50),
(23, 2, 14, 0, 240),
(24, 2, 15, 0, 140),
(25, 2, 16, 0, 108),
(26, 2, 17, 0, 240),
(27, 2, 18, 0, 240),
(28, 2, 19, 0, 315),
(29, 1, 20, 0, 100),
(30, 1, 21, 0, 224),
(31, 1, 22, 0, 1300),
(32, 1, 23, 0, 224),
(33, 1, 24, 0, 180),
(34, 1, 25, 0, 300),
(35, 2, 25, 0, 60),
(36, 3, 25, 0, 40),
(37, 1, 28, 9, 300),
(38, 2, 28, 61, 50),
(39, 1, 29, 3, 560),
(40, 6, 30, 85, 400),
(41, 1, 31, 36, 200);

-- --------------------------------------------------------

--
-- Estructura de tabla para la tabla `tbl_tipo_cargo`
--

CREATE TABLE `tbl_tipo_cargo` (
  `id` int(11) NOT NULL,
  `descripcion` varchar(50) CHARACTER SET utf8mb4 COLLATE utf8mb4_unicode_ci NOT NULL
) ENGINE=InnoDB DEFAULT CHARSET=utf8mb4 COLLATE=utf8mb4_unicode_ci;

--
-- Volcado de datos para la tabla `tbl_tipo_cargo`
--

INSERT INTO `tbl_tipo_cargo` (`id`, `descripcion`) VALUES
(1, 'Profesional'),
(2, 'Administrativo'),
(3, 'Profesional y Administrativo');

-- --------------------------------------------------------

--
-- Estructura de tabla para la tabla `tbl_tipo_concepto_factura`
--

CREATE TABLE `tbl_tipo_concepto_factura` (
  `id` int(11) NOT NULL,
  `descripcion` varchar(30) CHARACTER SET utf8mb4 COLLATE utf8mb4_unicode_ci NOT NULL
) ENGINE=InnoDB DEFAULT CHARSET=utf8mb4 COLLATE=utf8mb4_unicode_ci;

--
-- Volcado de datos para la tabla `tbl_tipo_concepto_factura`
--

INSERT INTO `tbl_tipo_concepto_factura` (`id`, `descripcion`) VALUES
(1, 'Abono'),
(2, 'Gasto'),
(3, 'Anulación');

-- --------------------------------------------------------

--
-- Estructura de tabla para la tabla `tbl_tipo_contacto`
--

CREATE TABLE `tbl_tipo_contacto` (
  `id` int(11) NOT NULL,
  `descripcion` varchar(30) NOT NULL,
  `estatus` int(11) NOT NULL
) ENGINE=InnoDB DEFAULT CHARSET=utf8;

--
-- Volcado de datos para la tabla `tbl_tipo_contacto`
--

INSERT INTO `tbl_tipo_contacto` (`id`, `descripcion`, `estatus`) VALUES
(1, 'Contacto en el Cliente', 1),
(2, 'Quien Recibe las Facturas', 1),
(3, 'Referidor del Cliente', 1);

-- --------------------------------------------------------

--
-- Estructura de tabla para la tabla `tbl_tipo_documento_identidad`
--

CREATE TABLE `tbl_tipo_documento_identidad` (
  `id` int(11) NOT NULL,
  `abreviatura` varchar(5) COLLATE utf8mb4_unicode_ci NOT NULL,
  `descripcion` varchar(20) COLLATE utf8mb4_unicode_ci NOT NULL,
  `id_estatus` int(11) NOT NULL
) ENGINE=InnoDB DEFAULT CHARSET=utf8mb4 COLLATE=utf8mb4_unicode_ci;

--
-- Volcado de datos para la tabla `tbl_tipo_documento_identidad`
--

INSERT INTO `tbl_tipo_documento_identidad` (`id`, `abreviatura`, `descripcion`, `id_estatus`) VALUES
(1, 'V', 'Cédula Venezolana', 1),
(2, 'E', 'Cédula Extranjera', 1);

-- --------------------------------------------------------

--
-- Estructura de tabla para la tabla `tbl_usuario`
--

CREATE TABLE `tbl_usuario` (
  `id` int(11) NOT NULL,
  `codigo` varchar(6) NOT NULL,
  `clave` text NOT NULL,
  `nombre_1` varchar(20) NOT NULL,
  `nombre_2` varchar(20) DEFAULT NULL,
  `apellido_1` varchar(20) NOT NULL,
  `apellido_2` varchar(20) DEFAULT NULL,
  `fecha_nacimiento` datetime DEFAULT NULL COMMENT 'El formato de la fecha es UTC',
  `id_cargo` int(11) DEFAULT NULL,
  `id_division` int(11) DEFAULT NULL,
  `id_parroquia` int(11) DEFAULT NULL,
  `avatar` varchar(30) DEFAULT NULL,
  `fecha_ingreso` datetime DEFAULT NULL COMMENT 'El formato de la fecha es UTC',
  `fecha_egreso` datetime DEFAULT NULL COMMENT 'El formato de la fecha es UTC',
  `id_estatus` int(11) NOT NULL
) ENGINE=InnoDB DEFAULT CHARSET=utf8;

--
-- Volcado de datos para la tabla `tbl_usuario`
--

INSERT INTO `tbl_usuario` (`id`, `codigo`, `clave`, `nombre_1`, `nombre_2`, `apellido_1`, `apellido_2`, `fecha_nacimiento`, `id_cargo`, `id_division`, `id_parroquia`, `avatar`, `fecha_ingreso`, `fecha_egreso`, `id_estatus`) VALUES
(1, '0001', 'eyJpdiI6IjB5dnJXUUswTEdZenNcLzRHbTRWXC9HUT09IiwidmFsdWUiOiJwbUpkdURFdGhoc3FOSFpGQU1yaU5RPT0iLCJtYWMiOiI2ZDY1NTVlMTBkYmQ4NGNiNWM0MWRkMTllMjcxZjkxOTM5MmFhZmMxYTIwNmFiMzM4MjRmYTgwYjEwYTQ0NTY0In0=', 'DAVID', 'LEONARDO', 'MOLINA', 'RUÍZ', '1986-08-05 00:00:00', 16, 16, 1131, '', NULL, NULL, 1),
(2, '10', 'eyJpdiI6IktFQWRPTFdWRjBkRzRuR2hUSlwvV1hBPT0iLCJ2YWx1ZSI6Iktza04wQytPRnlLbmRETWJHQmdxaHc9PSIsIm1hYyI6IjExMTAzMTU4YjY3MDQzMDA4NjI2NjZjZDNiYjlmNzJkYmY2N2JiYmZlZjQwODVmMzE2ZjUxMWMwYjYyMmM1ZjcifQ==', 'NATHALIE', 'YAMILET', 'LOPEZ', 'TREJO', '1972-08-20 00:00:00', 15, 1, 1131, NULL, '2000-02-21 00:00:00', NULL, 1),
(3, '10092', 'eyJpdiI6IktFQWRPTFdWRjBkRzRuR2hUSlwvV1hBPT0iLCJ2YWx1ZSI6Iktza04wQytPRnlLbmRETWJHQmdxaHc9PSIsIm1hYyI6IjExMTAzMTU4YjY3MDQzMDA4NjI2NjZjZDNiYjlmNzJkYmY2N2JiYmZlZjQwODVmMzE2ZjUxMWMwYjYyMmM1ZjcifQ==', 'YESENIA', 'BEATRIZ', 'MARTINEZ', 'GALLARDO', '1979-06-01 00:00:00', 14, 1, 1131, NULL, '2004-09-01 00:00:00', NULL, 1),
(4, '10141', 'eyJpdiI6IktFQWRPTFdWRjBkRzRuR2hUSlwvV1hBPT0iLCJ2YWx1ZSI6Iktza04wQytPRnlLbmRETWJHQmdxaHc9PSIsIm1hYyI6IjExMTAzMTU4YjY3MDQzMDA4NjI2NjZjZDNiYjlmNzJkYmY2N2JiYmZlZjQwODVmMzE2ZjUxMWMwYjYyMmM1ZjcifQ==', 'JESUS', 'ERASMO', 'PEREZ', 'ERASMO', '1959-11-09 00:00:00', 17, 1, 1131, NULL, '2005-02-02 00:00:00', NULL, 1),
(5, '10168', 'eyJpdiI6IktFQWRPTFdWRjBkRzRuR2hUSlwvV1hBPT0iLCJ2YWx1ZSI6Iktza04wQytPRnlLbmRETWJHQmdxaHc9PSIsIm1hYyI6IjExMTAzMTU4YjY3MDQzMDA4NjI2NjZjZDNiYjlmNzJkYmY2N2JiYmZlZjQwODVmMzE2ZjUxMWMwYjYyMmM1ZjcifQ==', 'CAROL', 'JOSEFINA', 'LOPEZ', 'CAMPOS', '1962-11-07 00:00:00', 15, 1, 1131, NULL, '2005-06-06 00:00:00', NULL, 1),
(6, '10367', 'eyJpdiI6IktFQWRPTFdWRjBkRzRuR2hUSlwvV1hBPT0iLCJ2YWx1ZSI6Iktza04wQytPRnlLbmRETWJHQmdxaHc9PSIsIm1hYyI6IjExMTAzMTU4YjY3MDQzMDA4NjI2NjZjZDNiYjlmNzJkYmY2N2JiYmZlZjQwODVmMzE2ZjUxMWMwYjYyMmM1ZjcifQ==', 'LUZ', 'AMANDA', 'FONSECA', 'GARCIA', '1985-01-13 00:00:00', 14, 1, 1131, NULL, '2007-10-29 00:00:00', NULL, 1),
(7, '10473', 'eyJpdiI6IktFQWRPTFdWRjBkRzRuR2hUSlwvV1hBPT0iLCJ2YWx1ZSI6Iktza04wQytPRnlLbmRETWJHQmdxaHc9PSIsIm1hYyI6IjExMTAzMTU4YjY3MDQzMDA4NjI2NjZjZDNiYjlmNzJkYmY2N2JiYmZlZjQwODVmMzE2ZjUxMWMwYjYyMmM1ZjcifQ==', 'ARTURO', 'LORENZO', 'MADRIZ', 'VARGAS', '1954-12-16 00:00:00', 17, 1, 1131, NULL, '2008-10-14 00:00:00', NULL, 1),
(8, '10509', 'eyJpdiI6IktFQWRPTFdWRjBkRzRuR2hUSlwvV1hBPT0iLCJ2YWx1ZSI6Iktza04wQytPRnlLbmRETWJHQmdxaHc9PSIsIm1hYyI6IjExMTAzMTU4YjY3MDQzMDA4NjI2NjZjZDNiYjlmNzJkYmY2N2JiYmZlZjQwODVmMzE2ZjUxMWMwYjYyMmM1ZjcifQ==', 'ROMAN', 'ALBERTO', 'SCOTT', '', '1975-07-16 00:00:00', 12, 1, 1131, NULL, '2009-05-06 00:00:00', NULL, 1),
(9, '10572', 'eyJpdiI6IktFQWRPTFdWRjBkRzRuR2hUSlwvV1hBPT0iLCJ2YWx1ZSI6Iktza04wQytPRnlLbmRETWJHQmdxaHc9PSIsIm1hYyI6IjExMTAzMTU4YjY3MDQzMDA4NjI2NjZjZDNiYjlmNzJkYmY2N2JiYmZlZjQwODVmMzE2ZjUxMWMwYjYyMmM1ZjcifQ==', 'OLIVER', 'JOSE', 'PAEZ', 'RANGEL', '1982-10-16 00:00:00', 14, 1, 1131, NULL, '2010-01-18 00:00:00', NULL, 1),
(10, '10721', 'eyJpdiI6IktFQWRPTFdWRjBkRzRuR2hUSlwvV1hBPT0iLCJ2YWx1ZSI6Iktza04wQytPRnlLbmRETWJHQmdxaHc9PSIsIm1hYyI6IjExMTAzMTU4YjY3MDQzMDA4NjI2NjZjZDNiYjlmNzJkYmY2N2JiYmZlZjQwODVmMzE2ZjUxMWMwYjYyMmM1ZjcifQ==', 'JORGE', 'ALEJANDRO', 'GONZALEZ', 'MORALES', '1990-05-19 00:00:00', 12, 1, 1131, NULL, '2011-11-15 00:00:00', NULL, 1),
(11, '10786', 'eyJpdiI6IktFQWRPTFdWRjBkRzRuR2hUSlwvV1hBPT0iLCJ2YWx1ZSI6Iktza04wQytPRnlLbmRETWJHQmdxaHc9PSIsIm1hYyI6IjExMTAzMTU4YjY3MDQzMDA4NjI2NjZjZDNiYjlmNzJkYmY2N2JiYmZlZjQwODVmMzE2ZjUxMWMwYjYyMmM1ZjcifQ==', 'MARIA', 'ANDREINA', 'SEQUEDA', 'BANDES', '1990-05-30 00:00:00', 12, 1, 1131, NULL, '2012-07-20 00:00:00', NULL, 1),
(12, '10968', 'eyJpdiI6IktFQWRPTFdWRjBkRzRuR2hUSlwvV1hBPT0iLCJ2YWx1ZSI6Iktza04wQytPRnlLbmRETWJHQmdxaHc9PSIsIm1hYyI6IjExMTAzMTU4YjY3MDQzMDA4NjI2NjZjZDNiYjlmNzJkYmY2N2JiYmZlZjQwODVmMzE2ZjUxMWMwYjYyMmM1ZjcifQ==', 'YODELINA', '', 'TORRES', 'MORALES', '1994-09-15 00:00:00', 11, 1, 1131, NULL, '2014-02-24 00:00:00', NULL, 1),
(13, '11030', 'eyJpdiI6IktFQWRPTFdWRjBkRzRuR2hUSlwvV1hBPT0iLCJ2YWx1ZSI6Iktza04wQytPRnlLbmRETWJHQmdxaHc9PSIsIm1hYyI6IjExMTAzMTU4YjY3MDQzMDA4NjI2NjZjZDNiYjlmNzJkYmY2N2JiYmZlZjQwODVmMzE2ZjUxMWMwYjYyMmM1ZjcifQ==', 'KATHERINE', 'BETHZABEL', 'ZURITA', 'CHACON', '1989-06-08 00:00:00', 12, 1, 1131, NULL, '2015-01-13 00:00:00', NULL, 1),
(14, '11044', 'eyJpdiI6IktFQWRPTFdWRjBkRzRuR2hUSlwvV1hBPT0iLCJ2YWx1ZSI6Iktza04wQytPRnlLbmRETWJHQmdxaHc9PSIsIm1hYyI6IjExMTAzMTU4YjY3MDQzMDA4NjI2NjZjZDNiYjlmNzJkYmY2N2JiYmZlZjQwODVmMzE2ZjUxMWMwYjYyMmM1ZjcifQ==', 'MILEIDIS', 'ALEXANDRA', 'MORENO', 'MATUZALEM', '1992-05-30 00:00:00', 9, 1, 1131, NULL, '2015-01-21 00:00:00', NULL, 1),
(15, '11116', 'eyJpdiI6IktFQWRPTFdWRjBkRzRuR2hUSlwvV1hBPT0iLCJ2YWx1ZSI6Iktza04wQytPRnlLbmRETWJHQmdxaHc9PSIsIm1hYyI6IjExMTAzMTU4YjY3MDQzMDA4NjI2NjZjZDNiYjlmNzJkYmY2N2JiYmZlZjQwODVmMzE2ZjUxMWMwYjYyMmM1ZjcifQ==', 'FRANCIA', 'CAROLINA', 'MEDINA', 'TINEDO', '1987-03-15 00:00:00', 9, 1, 1131, NULL, '2015-11-04 00:00:00', NULL, 1),
(16, '11220', 'eyJpdiI6IktFQWRPTFdWRjBkRzRuR2hUSlwvV1hBPT0iLCJ2YWx1ZSI6Iktza04wQytPRnlLbmRETWJHQmdxaHc9PSIsIm1hYyI6IjExMTAzMTU4YjY3MDQzMDA4NjI2NjZjZDNiYjlmNzJkYmY2N2JiYmZlZjQwODVmMzE2ZjUxMWMwYjYyMmM1ZjcifQ==', 'ASTRID', 'CAROLINA', 'MENDOZA', 'GIL', '1992-07-31 00:00:00', 8, 1, 1131, NULL, '2016-04-25 00:00:00', NULL, 1),
(17, '11314', 'eyJpdiI6IktFQWRPTFdWRjBkRzRuR2hUSlwvV1hBPT0iLCJ2YWx1ZSI6Iktza04wQytPRnlLbmRETWJHQmdxaHc9PSIsIm1hYyI6IjExMTAzMTU4YjY3MDQzMDA4NjI2NjZjZDNiYjlmNzJkYmY2N2JiYmZlZjQwODVmMzE2ZjUxMWMwYjYyMmM1ZjcifQ==', 'MARIA', 'GABRIELA', 'TOVAR', 'CARDENAS', '1991-11-28 00:00:00', 8, 1, 1131, NULL, '2017-03-27 00:00:00', NULL, 1),
(18, '11352', 'eyJpdiI6IktFQWRPTFdWRjBkRzRuR2hUSlwvV1hBPT0iLCJ2YWx1ZSI6Iktza04wQytPRnlLbmRETWJHQmdxaHc9PSIsIm1hYyI6IjExMTAzMTU4YjY3MDQzMDA4NjI2NjZjZDNiYjlmNzJkYmY2N2JiYmZlZjQwODVmMzE2ZjUxMWMwYjYyMmM1ZjcifQ==', 'MARIANA', 'ALEXANDRA', 'BRITO', 'SIFONTES', '1995-02-19 00:00:00', 7, 1, 1131, NULL, '2017-11-13 00:00:00', NULL, 1),
(19, '11354', 'eyJpdiI6IktFQWRPTFdWRjBkRzRuR2hUSlwvV1hBPT0iLCJ2YWx1ZSI6Iktza04wQytPRnlLbmRETWJHQmdxaHc9PSIsIm1hYyI6IjExMTAzMTU4YjY3MDQzMDA4NjI2NjZjZDNiYjlmNzJkYmY2N2JiYmZlZjQwODVmMzE2ZjUxMWMwYjYyMmM1ZjcifQ==', 'BELKIS', 'KATERIN', 'CORTINA', 'RUIZ', '1996-12-08 00:00:00', 6, 1, 1131, NULL, '2017-11-13 00:00:00', NULL, 1),
(20, '11364', 'eyJpdiI6IktFQWRPTFdWRjBkRzRuR2hUSlwvV1hBPT0iLCJ2YWx1ZSI6Iktza04wQytPRnlLbmRETWJHQmdxaHc9PSIsIm1hYyI6IjExMTAzMTU4YjY3MDQzMDA4NjI2NjZjZDNiYjlmNzJkYmY2N2JiYmZlZjQwODVmMzE2ZjUxMWMwYjYyMmM1ZjcifQ==', 'LUCRECIA', 'DISNORA', 'SILVA', 'APONTE', '1989-03-15 00:00:00', 7, 1, 1131, NULL, '2017-12-04 00:00:00', NULL, 1),
(21, '11369', 'eyJpdiI6IktFQWRPTFdWRjBkRzRuR2hUSlwvV1hBPT0iLCJ2YWx1ZSI6Iktza04wQytPRnlLbmRETWJHQmdxaHc9PSIsIm1hYyI6IjExMTAzMTU4YjY3MDQzMDA4NjI2NjZjZDNiYjlmNzJkYmY2N2JiYmZlZjQwODVmMzE2ZjUxMWMwYjYyMmM1ZjcifQ==', 'NORMEDY', 'ZORIBETH', 'PARRA', 'TOVAR', '1986-08-22 00:00:00', 6, 1, 1131, NULL, '2017-12-04 00:00:00', NULL, 1),
(22, '11371', 'eyJpdiI6IktFQWRPTFdWRjBkRzRuR2hUSlwvV1hBPT0iLCJ2YWx1ZSI6Iktza04wQytPRnlLbmRETWJHQmdxaHc9PSIsIm1hYyI6IjExMTAzMTU4YjY3MDQzMDA4NjI2NjZjZDNiYjlmNzJkYmY2N2JiYmZlZjQwODVmMzE2ZjUxMWMwYjYyMmM1ZjcifQ==', 'JOSVELIS', 'YETSIMAR', 'CASTILLO', 'GIL', '1997-07-14 00:00:00', 7, 1, 1131, NULL, '2017-12-04 00:00:00', NULL, 1),
(23, '11391', 'eyJpdiI6IktFQWRPTFdWRjBkRzRuR2hUSlwvV1hBPT0iLCJ2YWx1ZSI6Iktza04wQytPRnlLbmRETWJHQmdxaHc9PSIsIm1hYyI6IjExMTAzMTU4YjY3MDQzMDA4NjI2NjZjZDNiYjlmNzJkYmY2N2JiYmZlZjQwODVmMzE2ZjUxMWMwYjYyMmM1ZjcifQ==', 'LUIS', 'ANTONIO', 'RUSSIAN', 'REQUENA', '1996-01-10 00:00:00', 8, 1, 1131, NULL, '2018-02-15 00:00:00', NULL, 1),
(24, '11401', 'eyJpdiI6IktFQWRPTFdWRjBkRzRuR2hUSlwvV1hBPT0iLCJ2YWx1ZSI6Iktza04wQytPRnlLbmRETWJHQmdxaHc9PSIsIm1hYyI6IjExMTAzMTU4YjY3MDQzMDA4NjI2NjZjZDNiYjlmNzJkYmY2N2JiYmZlZjQwODVmMzE2ZjUxMWMwYjYyMmM1ZjcifQ==', 'JONATHAN', 'JOSE', 'AZOCAR', 'RODRIGUEZ', '1994-08-24 00:00:00', 6, 1, 1131, NULL, '2018-02-26 00:00:00', NULL, 1),
(25, '11403', 'eyJpdiI6IktFQWRPTFdWRjBkRzRuR2hUSlwvV1hBPT0iLCJ2YWx1ZSI6Iktza04wQytPRnlLbmRETWJHQmdxaHc9PSIsIm1hYyI6IjExMTAzMTU4YjY3MDQzMDA4NjI2NjZjZDNiYjlmNzJkYmY2N2JiYmZlZjQwODVmMzE2ZjUxMWMwYjYyMmM1ZjcifQ==', 'YERLENIS', 'DELYET', 'VALDERRAMA', 'ROSALES', '1998-09-14 00:00:00', 7, 1, 1131, NULL, '2018-03-06 00:00:00', NULL, 1),
(26, '11410', 'eyJpdiI6IktFQWRPTFdWRjBkRzRuR2hUSlwvV1hBPT0iLCJ2YWx1ZSI6Iktza04wQytPRnlLbmRETWJHQmdxaHc9PSIsIm1hYyI6IjExMTAzMTU4YjY3MDQzMDA4NjI2NjZjZDNiYjlmNzJkYmY2N2JiYmZlZjQwODVmMzE2ZjUxMWMwYjYyMmM1ZjcifQ==', 'KLEIVER', 'JOHANA', 'CORRO', 'GUDIÑO', '1991-02-13 00:00:00', 6, 1, 1131, NULL, '2018-03-06 00:00:00', NULL, 1),
(27, '11421', 'eyJpdiI6IktFQWRPTFdWRjBkRzRuR2hUSlwvV1hBPT0iLCJ2YWx1ZSI6Iktza04wQytPRnlLbmRETWJHQmdxaHc9PSIsIm1hYyI6IjExMTAzMTU4YjY3MDQzMDA4NjI2NjZjZDNiYjlmNzJkYmY2N2JiYmZlZjQwODVmMzE2ZjUxMWMwYjYyMmM1ZjcifQ==', 'MARYURI', 'NAILET', 'BARAZARTE', 'VALERA', '1979-09-13 00:00:00', 7, 1, 1131, NULL, '2018-03-26 00:00:00', NULL, 1),
(28, '11437', 'eyJpdiI6IktFQWRPTFdWRjBkRzRuR2hUSlwvV1hBPT0iLCJ2YWx1ZSI6Iktza04wQytPRnlLbmRETWJHQmdxaHc9PSIsIm1hYyI6IjExMTAzMTU4YjY3MDQzMDA4NjI2NjZjZDNiYjlmNzJkYmY2N2JiYmZlZjQwODVmMzE2ZjUxMWMwYjYyMmM1ZjcifQ==', 'PEDRO', 'ALEXANDER', 'BENITEZ', 'MELENDEZ', '1968-06-05 00:00:00', 15, 1, 1131, NULL, '2018-07-01 00:00:00', NULL, 1),
(29, '11440', 'eyJpdiI6IktFQWRPTFdWRjBkRzRuR2hUSlwvV1hBPT0iLCJ2YWx1ZSI6Iktza04wQytPRnlLbmRETWJHQmdxaHc9PSIsIm1hYyI6IjExMTAzMTU4YjY3MDQzMDA4NjI2NjZjZDNiYjlmNzJkYmY2N2JiYmZlZjQwODVmMzE2ZjUxMWMwYjYyMmM1ZjcifQ==', 'DENNYS', 'RAMON', 'FLORES', 'MORALES', '1981-04-20 00:00:00', 5, 1, 1131, NULL, '2018-07-17 00:00:00', NULL, 1),
(30, '11446', 'eyJpdiI6IktFQWRPTFdWRjBkRzRuR2hUSlwvV1hBPT0iLCJ2YWx1ZSI6Iktza04wQytPRnlLbmRETWJHQmdxaHc9PSIsIm1hYyI6IjExMTAzMTU4YjY3MDQzMDA4NjI2NjZjZDNiYjlmNzJkYmY2N2JiYmZlZjQwODVmMzE2ZjUxMWMwYjYyMmM1ZjcifQ==', 'GENESIS', 'VANESSA', 'MARCANO', 'RANGEL', '1997-10-05 00:00:00', 5, 1, 1131, NULL, '2018-07-25 00:00:00', NULL, 1),
(31, '11448', 'eyJpdiI6IktFQWRPTFdWRjBkRzRuR2hUSlwvV1hBPT0iLCJ2YWx1ZSI6Iktza04wQytPRnlLbmRETWJHQmdxaHc9PSIsIm1hYyI6IjExMTAzMTU4YjY3MDQzMDA4NjI2NjZjZDNiYjlmNzJkYmY2N2JiYmZlZjQwODVmMzE2ZjUxMWMwYjYyMmM1ZjcifQ==', 'KEILIMAR', 'YULISET', 'SUAREZ', 'LARES', '1996-05-12 00:00:00', 5, 1, 1131, NULL, '2018-07-31 00:00:00', NULL, 1),
(32, '11452', 'eyJpdiI6IktFQWRPTFdWRjBkRzRuR2hUSlwvV1hBPT0iLCJ2YWx1ZSI6Iktza04wQytPRnlLbmRETWJHQmdxaHc9PSIsIm1hYyI6IjExMTAzMTU4YjY3MDQzMDA4NjI2NjZjZDNiYjlmNzJkYmY2N2JiYmZlZjQwODVmMzE2ZjUxMWMwYjYyMmM1ZjcifQ==', 'JOHANNE', 'FRANCIS', 'MUÑOZ', 'MARTINEZ', '1981-07-22 00:00:00', 12, 1, 1131, NULL, '2018-08-15 00:00:00', NULL, 1),
(33, '11453', 'eyJpdiI6IktFQWRPTFdWRjBkRzRuR2hUSlwvV1hBPT0iLCJ2YWx1ZSI6Iktza04wQytPRnlLbmRETWJHQmdxaHc9PSIsIm1hYyI6IjExMTAzMTU4YjY3MDQzMDA4NjI2NjZjZDNiYjlmNzJkYmY2N2JiYmZlZjQwODVmMzE2ZjUxMWMwYjYyMmM1ZjcifQ==', 'ALFREDO', 'JOSE', 'HERNANDEZ', 'TORO', '1969-03-14 00:00:00', 7, 1, 1131, NULL, '2018-08-14 00:00:00', NULL, 1),
(34, '11457', 'eyJpdiI6IktFQWRPTFdWRjBkRzRuR2hUSlwvV1hBPT0iLCJ2YWx1ZSI6Iktza04wQytPRnlLbmRETWJHQmdxaHc9PSIsIm1hYyI6IjExMTAzMTU4YjY3MDQzMDA4NjI2NjZjZDNiYjlmNzJkYmY2N2JiYmZlZjQwODVmMzE2ZjUxMWMwYjYyMmM1ZjcifQ==', 'RAUL', 'IGNACIO', 'VARGAS', 'FREITES', '1976-01-29 00:00:00', 15, 1, 1131, NULL, '2018-10-18 00:00:00', NULL, 1),
(35, '11466', 'eyJpdiI6IktFQWRPTFdWRjBkRzRuR2hUSlwvV1hBPT0iLCJ2YWx1ZSI6Iktza04wQytPRnlLbmRETWJHQmdxaHc9PSIsIm1hYyI6IjExMTAzMTU4YjY3MDQzMDA4NjI2NjZjZDNiYjlmNzJkYmY2N2JiYmZlZjQwODVmMzE2ZjUxMWMwYjYyMmM1ZjcifQ==', 'SHELCIE', 'ESTHER', 'PAZ', '', '1997-03-22 00:00:00', 5, 1, 1131, NULL, '2018-11-08 00:00:00', NULL, 1),
(36, '11467', 'eyJpdiI6IktFQWRPTFdWRjBkRzRuR2hUSlwvV1hBPT0iLCJ2YWx1ZSI6Iktza04wQytPRnlLbmRETWJHQmdxaHc9PSIsIm1hYyI6IjExMTAzMTU4YjY3MDQzMDA4NjI2NjZjZDNiYjlmNzJkYmY2N2JiYmZlZjQwODVmMzE2ZjUxMWMwYjYyMmM1ZjcifQ==', 'LADYMAR', '', 'MORETT', 'RONDON', '1983-03-18 00:00:00', 12, 1, 1131, NULL, '2018-11-20 00:00:00', NULL, 1),
(37, '11469', 'eyJpdiI6IktFQWRPTFdWRjBkRzRuR2hUSlwvV1hBPT0iLCJ2YWx1ZSI6Iktza04wQytPRnlLbmRETWJHQmdxaHc9PSIsIm1hYyI6IjExMTAzMTU4YjY3MDQzMDA4NjI2NjZjZDNiYjlmNzJkYmY2N2JiYmZlZjQwODVmMzE2ZjUxMWMwYjYyMmM1ZjcifQ==', 'ANTHONY', 'ROBERT', 'GARCIA', 'CHAPARRO', '1991-06-26 00:00:00', 7, 1, 1131, NULL, '2018-11-12 00:00:00', NULL, 1),
(38, '11480', 'eyJpdiI6IktFQWRPTFdWRjBkRzRuR2hUSlwvV1hBPT0iLCJ2YWx1ZSI6Iktza04wQytPRnlLbmRETWJHQmdxaHc9PSIsIm1hYyI6IjExMTAzMTU4YjY3MDQzMDA4NjI2NjZjZDNiYjlmNzJkYmY2N2JiYmZlZjQwODVmMzE2ZjUxMWMwYjYyMmM1ZjcifQ==', 'SOLMARY', 'DEL VALLE', 'MARTINEZ', 'MARCHAN', '1983-08-03 00:00:00', 12, 1, 1131, NULL, '2018-12-17 00:00:00', NULL, 1),
(39, '11481', 'eyJpdiI6IktFQWRPTFdWRjBkRzRuR2hUSlwvV1hBPT0iLCJ2YWx1ZSI6Iktza04wQytPRnlLbmRETWJHQmdxaHc9PSIsIm1hYyI6IjExMTAzMTU4YjY3MDQzMDA4NjI2NjZjZDNiYjlmNzJkYmY2N2JiYmZlZjQwODVmMzE2ZjUxMWMwYjYyMmM1ZjcifQ==', 'JACKELINE', 'ZULEYMA MILAGROS', 'RAMOS', 'PEÑA', '1989-06-02 00:00:00', 4, 1, 1131, NULL, '2018-12-18 00:00:00', NULL, 1),
(40, '11484', 'eyJpdiI6IktFQWRPTFdWRjBkRzRuR2hUSlwvV1hBPT0iLCJ2YWx1ZSI6Iktza04wQytPRnlLbmRETWJHQmdxaHc9PSIsIm1hYyI6IjExMTAzMTU4YjY3MDQzMDA4NjI2NjZjZDNiYjlmNzJkYmY2N2JiYmZlZjQwODVmMzE2ZjUxMWMwYjYyMmM1ZjcifQ==', 'BELKIS', 'EDICTA', 'VAZQUEZ', 'MORALES', '1984-07-17 00:00:00', 6, 1, 1131, NULL, '2019-01-07 00:00:00', NULL, 1),
(41, '11487', 'eyJpdiI6IktFQWRPTFdWRjBkRzRuR2hUSlwvV1hBPT0iLCJ2YWx1ZSI6Iktza04wQytPRnlLbmRETWJHQmdxaHc9PSIsIm1hYyI6IjExMTAzMTU4YjY3MDQzMDA4NjI2NjZjZDNiYjlmNzJkYmY2N2JiYmZlZjQwODVmMzE2ZjUxMWMwYjYyMmM1ZjcifQ==', 'YUZLEIBBY', 'ANGELICA', 'MALDONADO', 'ROSALES', '1996-10-08 00:00:00', 4, 1, 1131, NULL, '2019-01-21 00:00:00', NULL, 1),
(42, '11490', 'eyJpdiI6IktFQWRPTFdWRjBkRzRuR2hUSlwvV1hBPT0iLCJ2YWx1ZSI6Iktza04wQytPRnlLbmRETWJHQmdxaHc9PSIsIm1hYyI6IjExMTAzMTU4YjY3MDQzMDA4NjI2NjZjZDNiYjlmNzJkYmY2N2JiYmZlZjQwODVmMzE2ZjUxMWMwYjYyMmM1ZjcifQ==', 'GIOVANNI', 'JESUS', 'CORREDOR', 'SANOJA', '1996-07-07 00:00:00', 5, 1, 1131, NULL, '2019-01-24 00:00:00', NULL, 1),
(43, '11493', 'eyJpdiI6IktFQWRPTFdWRjBkRzRuR2hUSlwvV1hBPT0iLCJ2YWx1ZSI6Iktza04wQytPRnlLbmRETWJHQmdxaHc9PSIsIm1hYyI6IjExMTAzMTU4YjY3MDQzMDA4NjI2NjZjZDNiYjlmNzJkYmY2N2JiYmZlZjQwODVmMzE2ZjUxMWMwYjYyMmM1ZjcifQ==', 'KLEIVER', 'JOSE', 'CADENAS', 'QUIÑONEZ', '1995-05-02 00:00:00', 4, 1, 1131, NULL, '2019-02-04 00:00:00', NULL, 1),
(44, '11494', 'eyJpdiI6IktFQWRPTFdWRjBkRzRuR2hUSlwvV1hBPT0iLCJ2YWx1ZSI6Iktza04wQytPRnlLbmRETWJHQmdxaHc9PSIsIm1hYyI6IjExMTAzMTU4YjY3MDQzMDA4NjI2NjZjZDNiYjlmNzJkYmY2N2JiYmZlZjQwODVmMzE2ZjUxMWMwYjYyMmM1ZjcifQ==', 'IVETTE', 'ALEJANDRA', 'OROZCO', 'FLORES', '1994-02-23 00:00:00', 12, 1, 1131, NULL, '2019-02-04 00:00:00', NULL, 1),
(45, '11497', 'eyJpdiI6IktFQWRPTFdWRjBkRzRuR2hUSlwvV1hBPT0iLCJ2YWx1ZSI6Iktza04wQytPRnlLbmRETWJHQmdxaHc9PSIsIm1hYyI6IjExMTAzMTU4YjY3MDQzMDA4NjI2NjZjZDNiYjlmNzJkYmY2N2JiYmZlZjQwODVmMzE2ZjUxMWMwYjYyMmM1ZjcifQ==', 'ZUNAYA', 'ESTHER', 'WILCHES', 'OLAVE', '1996-12-05 00:00:00', 4, 1, 1131, NULL, '2019-02-07 00:00:00', NULL, 1),
(46, '11499', 'eyJpdiI6IktFQWRPTFdWRjBkRzRuR2hUSlwvV1hBPT0iLCJ2YWx1ZSI6Iktza04wQytPRnlLbmRETWJHQmdxaHc9PSIsIm1hYyI6IjExMTAzMTU4YjY3MDQzMDA4NjI2NjZjZDNiYjlmNzJkYmY2N2JiYmZlZjQwODVmMzE2ZjUxMWMwYjYyMmM1ZjcifQ==', 'JESUS', 'ALBERTO', 'ABRAHAM', 'CORONADO', '1994-06-21 00:00:00', 6, 1, 1131, NULL, '2019-02-21 00:00:00', NULL, 1),
(47, '11503', 'eyJpdiI6IktFQWRPTFdWRjBkRzRuR2hUSlwvV1hBPT0iLCJ2YWx1ZSI6Iktza04wQytPRnlLbmRETWJHQmdxaHc9PSIsIm1hYyI6IjExMTAzMTU4YjY3MDQzMDA4NjI2NjZjZDNiYjlmNzJkYmY2N2JiYmZlZjQwODVmMzE2ZjUxMWMwYjYyMmM1ZjcifQ==', 'JOSE', 'MIGUEL', 'PEROZO', 'HERRERA', '1994-10-04 00:00:00', 8, 1, 1131, NULL, '2019-03-07 00:00:00', NULL, 1),
(48, '11504', 'eyJpdiI6IktFQWRPTFdWRjBkRzRuR2hUSlwvV1hBPT0iLCJ2YWx1ZSI6Iktza04wQytPRnlLbmRETWJHQmdxaHc9PSIsIm1hYyI6IjExMTAzMTU4YjY3MDQzMDA4NjI2NjZjZDNiYjlmNzJkYmY2N2JiYmZlZjQwODVmMzE2ZjUxMWMwYjYyMmM1ZjcifQ==', 'ROBERTO', 'RAFAEL', 'VILLEGAS', 'GONZALEZ', '1988-09-26 00:00:00', 7, 1, 1131, NULL, '2019-03-20 00:00:00', NULL, 1),
(49, '11507', 'eyJpdiI6IktFQWRPTFdWRjBkRzRuR2hUSlwvV1hBPT0iLCJ2YWx1ZSI6Iktza04wQytPRnlLbmRETWJHQmdxaHc9PSIsIm1hYyI6IjExMTAzMTU4YjY3MDQzMDA4NjI2NjZjZDNiYjlmNzJkYmY2N2JiYmZlZjQwODVmMzE2ZjUxMWMwYjYyMmM1ZjcifQ==', 'SANDRO', 'YOEL', 'MAYORA', '', '1973-09-17 00:00:00', 10, 1, 1131, NULL, '2019-04-01 00:00:00', NULL, 1),
(50, '11519', 'eyJpdiI6IktFQWRPTFdWRjBkRzRuR2hUSlwvV1hBPT0iLCJ2YWx1ZSI6Iktza04wQytPRnlLbmRETWJHQmdxaHc9PSIsIm1hYyI6IjExMTAzMTU4YjY3MDQzMDA4NjI2NjZjZDNiYjlmNzJkYmY2N2JiYmZlZjQwODVmMzE2ZjUxMWMwYjYyMmM1ZjcifQ==', 'EDUARDO', '', 'BASTOS', 'RICCIO', '1989-06-27 00:00:00', 3, 1, 1131, NULL, '2019-07-10 00:00:00', NULL, 1),
(51, '11520', 'eyJpdiI6IktFQWRPTFdWRjBkRzRuR2hUSlwvV1hBPT0iLCJ2YWx1ZSI6Iktza04wQytPRnlLbmRETWJHQmdxaHc9PSIsIm1hYyI6IjExMTAzMTU4YjY3MDQzMDA4NjI2NjZjZDNiYjlmNzJkYmY2N2JiYmZlZjQwODVmMzE2ZjUxMWMwYjYyMmM1ZjcifQ==', 'VANESSA', 'VALENTINA', 'ROJAS', 'MORALES', '1987-12-23 00:00:00', 3, 1, 1131, NULL, '2019-07-16 00:00:00', NULL, 1),
(52, '11527', 'eyJpdiI6IktFQWRPTFdWRjBkRzRuR2hUSlwvV1hBPT0iLCJ2YWx1ZSI6Iktza04wQytPRnlLbmRETWJHQmdxaHc9PSIsIm1hYyI6IjExMTAzMTU4YjY3MDQzMDA4NjI2NjZjZDNiYjlmNzJkYmY2N2JiYmZlZjQwODVmMzE2ZjUxMWMwYjYyMmM1ZjcifQ==', 'CARLOS', 'ALBERTO', 'REVETE', 'CARVALLO', '1994-09-18 00:00:00', 4, 1, 1131, NULL, '2019-12-09 00:00:00', NULL, 1),
(53, '11528', 'eyJpdiI6IktFQWRPTFdWRjBkRzRuR2hUSlwvV1hBPT0iLCJ2YWx1ZSI6Iktza04wQytPRnlLbmRETWJHQmdxaHc9PSIsIm1hYyI6IjExMTAzMTU4YjY3MDQzMDA4NjI2NjZjZDNiYjlmNzJkYmY2N2JiYmZlZjQwODVmMzE2ZjUxMWMwYjYyMmM1ZjcifQ==', 'VIANNEY', 'DEL VALLE', 'RUGELES', 'MANTILLA', '1972-01-08 00:00:00', 4, 1, 1131, NULL, '2019-12-09 00:00:00', NULL, 1),
(54, '11529', 'eyJpdiI6IktFQWRPTFdWRjBkRzRuR2hUSlwvV1hBPT0iLCJ2YWx1ZSI6Iktza04wQytPRnlLbmRETWJHQmdxaHc9PSIsIm1hYyI6IjExMTAzMTU4YjY3MDQzMDA4NjI2NjZjZDNiYjlmNzJkYmY2N2JiYmZlZjQwODVmMzE2ZjUxMWMwYjYyMmM1ZjcifQ==', 'EDWIN', 'JESUS', 'BURGOS', 'GOMEZ', '1987-12-06 00:00:00', 4, 1, 1131, NULL, '2019-12-09 00:00:00', NULL, 1),
(55, '11535', 'eyJpdiI6IktFQWRPTFdWRjBkRzRuR2hUSlwvV1hBPT0iLCJ2YWx1ZSI6Iktza04wQytPRnlLbmRETWJHQmdxaHc9PSIsIm1hYyI6IjExMTAzMTU4YjY3MDQzMDA4NjI2NjZjZDNiYjlmNzJkYmY2N2JiYmZlZjQwODVmMzE2ZjUxMWMwYjYyMmM1ZjcifQ==', 'ENIL', 'ALEJANDRO', 'MOLINA', 'YDROGO', '2002-02-16 00:00:00', 2, 1, 1131, NULL, '2020-03-09 00:00:00', NULL, 1),
(56, '22', 'eyJpdiI6IktFQWRPTFdWRjBkRzRuR2hUSlwvV1hBPT0iLCJ2YWx1ZSI6Iktza04wQytPRnlLbmRETWJHQmdxaHc9PSIsIm1hYyI6IjExMTAzMTU4YjY3MDQzMDA4NjI2NjZjZDNiYjlmNzJkYmY2N2JiYmZlZjQwODVmMzE2ZjUxMWMwYjYyMmM1ZjcifQ==', 'FREDDY', 'RODOLFO', 'VARGAS', 'HERNANDEZ', '1969-10-22 00:00:00', 15, 1, 1131, NULL, '2000-08-01 00:00:00', NULL, 1),
(57, '6060', 'eyJpdiI6IktFQWRPTFdWRjBkRzRuR2hUSlwvV1hBPT0iLCJ2YWx1ZSI6Iktza04wQytPRnlLbmRETWJHQmdxaHc9PSIsIm1hYyI6IjExMTAzMTU4YjY3MDQzMDA4NjI2NjZjZDNiYjlmNzJkYmY2N2JiYmZlZjQwODVmMzE2ZjUxMWMwYjYyMmM1ZjcifQ==', 'YORMAN', 'ISMAEL', 'RANGEL', 'GONZALEZ', '1983-08-15 00:00:00', 14, 1, 1131, NULL, '2014-07-01 00:00:00', NULL, 1),
(58, '10783', 'eyJpdiI6IktFQWRPTFdWRjBkRzRuR2hUSlwvV1hBPT0iLCJ2YWx1ZSI6Iktza04wQytPRnlLbmRETWJHQmdxaHc9PSIsIm1hYyI6IjExMTAzMTU4YjY3MDQzMDA4NjI2NjZjZDNiYjlmNzJkYmY2N2JiYmZlZjQwODVmMzE2ZjUxMWMwYjYyMmM1ZjcifQ==', 'JOSE', 'MIGUEL', 'UTRERA', 'ROJAS', '1975-04-02 00:00:00', 17, 2, 1131, NULL, '2012-07-16 00:00:00', NULL, 1),
(59, '11485', 'eyJpdiI6IktFQWRPTFdWRjBkRzRuR2hUSlwvV1hBPT0iLCJ2YWx1ZSI6Iktza04wQytPRnlLbmRETWJHQmdxaHc9PSIsIm1hYyI6IjExMTAzMTU4YjY3MDQzMDA4NjI2NjZjZDNiYjlmNzJkYmY2N2JiYmZlZjQwODVmMzE2ZjUxMWMwYjYyMmM1ZjcifQ==', 'ALEJANDRO', 'ENRIQUE', 'LIRA', 'TOVAR', '1995-06-27 00:00:00', 6, 2, 1131, NULL, '2019-01-09 00:00:00', NULL, 1),
(60, '11505', 'eyJpdiI6IktFQWRPTFdWRjBkRzRuR2hUSlwvV1hBPT0iLCJ2YWx1ZSI6Iktza04wQytPRnlLbmRETWJHQmdxaHc9PSIsIm1hYyI6IjExMTAzMTU4YjY3MDQzMDA4NjI2NjZjZDNiYjlmNzJkYmY2N2JiYmZlZjQwODVmMzE2ZjUxMWMwYjYyMmM1ZjcifQ==', 'YORDALIS', 'GABRIELA', 'ECHARRYS', 'CABRILES', '1993-08-02 00:00:00', 4, 2, 1131, NULL, '2019-04-01 00:00:00', NULL, 1),
(61, '11506', 'eyJpdiI6IktFQWRPTFdWRjBkRzRuR2hUSlwvV1hBPT0iLCJ2YWx1ZSI6Iktza04wQytPRnlLbmRETWJHQmdxaHc9PSIsIm1hYyI6IjExMTAzMTU4YjY3MDQzMDA4NjI2NjZjZDNiYjlmNzJkYmY2N2JiYmZlZjQwODVmMzE2ZjUxMWMwYjYyMmM1ZjcifQ==', 'ELIANA', 'MARIA', 'PONCE', 'VARGAS', '1971-03-14 00:00:00', 14, 2, 1131, NULL, '2019-04-08 00:00:00', NULL, 1),
(62, '11514', 'eyJpdiI6IktFQWRPTFdWRjBkRzRuR2hUSlwvV1hBPT0iLCJ2YWx1ZSI6Iktza04wQytPRnlLbmRETWJHQmdxaHc9PSIsIm1hYyI6IjExMTAzMTU4YjY3MDQzMDA4NjI2NjZjZDNiYjlmNzJkYmY2N2JiYmZlZjQwODVmMzE2ZjUxMWMwYjYyMmM1ZjcifQ==', 'STEFANY', 'YANETH', 'GONZALEZ', 'MIJARES', '1995-02-22 00:00:00', 4, 2, 1131, NULL, '2019-06-03 00:00:00', NULL, 1),
(63, '11521', 'eyJpdiI6IktFQWRPTFdWRjBkRzRuR2hUSlwvV1hBPT0iLCJ2YWx1ZSI6Iktza04wQytPRnlLbmRETWJHQmdxaHc9PSIsIm1hYyI6IjExMTAzMTU4YjY3MDQzMDA4NjI2NjZjZDNiYjlmNzJkYmY2N2JiYmZlZjQwODVmMzE2ZjUxMWMwYjYyMmM1ZjcifQ==', 'NAIVELYS', 'GABRIELA', 'ALTUVE', 'TORRES', '1991-06-20 00:00:00', 12, 2, 1131, NULL, '2019-09-02 00:00:00', NULL, 1),
(64, '11522', 'eyJpdiI6IktFQWRPTFdWRjBkRzRuR2hUSlwvV1hBPT0iLCJ2YWx1ZSI6Iktza04wQytPRnlLbmRETWJHQmdxaHc9PSIsIm1hYyI6IjExMTAzMTU4YjY3MDQzMDA4NjI2NjZjZDNiYjlmNzJkYmY2N2JiYmZlZjQwODVmMzE2ZjUxMWMwYjYyMmM1ZjcifQ==', 'GABRIELA', 'DEL VALLE', 'GIL', 'LA PIETRA', '1996-05-09 00:00:00', 3, 2, 1131, NULL, '2019-09-02 00:00:00', NULL, 1),
(65, '11526', 'eyJpdiI6IktFQWRPTFdWRjBkRzRuR2hUSlwvV1hBPT0iLCJ2YWx1ZSI6Iktza04wQytPRnlLbmRETWJHQmdxaHc9PSIsIm1hYyI6IjExMTAzMTU4YjY3MDQzMDA4NjI2NjZjZDNiYjlmNzJkYmY2N2JiYmZlZjQwODVmMzE2ZjUxMWMwYjYyMmM1ZjcifQ==', 'ORIANNA', 'DESSIREE', 'ALEJOS', 'FIGUEREDO', '1996-05-23 00:00:00', 3, 2, 1131, NULL, '2019-11-18 00:00:00', NULL, 1),
(66, '11533', 'eyJpdiI6IktFQWRPTFdWRjBkRzRuR2hUSlwvV1hBPT0iLCJ2YWx1ZSI6Iktza04wQytPRnlLbmRETWJHQmdxaHc9PSIsIm1hYyI6IjExMTAzMTU4YjY3MDQzMDA4NjI2NjZjZDNiYjlmNzJkYmY2N2JiYmZlZjQwODVmMzE2ZjUxMWMwYjYyMmM1ZjcifQ==', 'MARYNES', 'DEL VALLE', 'GONZALEZ', 'MENDOZA', '1997-03-06 00:00:00', 3, 2, 1131, NULL, '2020-03-09 00:00:00', NULL, 1),
(67, '10794', 'eyJpdiI6IktFQWRPTFdWRjBkRzRuR2hUSlwvV1hBPT0iLCJ2YWx1ZSI6Iktza04wQytPRnlLbmRETWJHQmdxaHc9PSIsIm1hYyI6IjExMTAzMTU4YjY3MDQzMDA4NjI2NjZjZDNiYjlmNzJkYmY2N2JiYmZlZjQwODVmMzE2ZjUxMWMwYjYyMmM1ZjcifQ==', 'ELIGIO', 'HORACIO', 'MENDOZA', 'ODREMAN', '1970-10-23 00:00:00', 15, 4, 1131, NULL, '2012-08-01 00:00:00', NULL, 1),
(68, '10838', 'eyJpdiI6IktFQWRPTFdWRjBkRzRuR2hUSlwvV1hBPT0iLCJ2YWx1ZSI6Iktza04wQytPRnlLbmRETWJHQmdxaHc9PSIsIm1hYyI6IjExMTAzMTU4YjY3MDQzMDA4NjI2NjZjZDNiYjlmNzJkYmY2N2JiYmZlZjQwODVmMzE2ZjUxMWMwYjYyMmM1ZjcifQ==', 'MARIELVI', '', 'OLLER', 'MENDOZA', '1986-07-11 00:00:00', 12, 4, 1131, NULL, '2013-01-23 00:00:00', NULL, 1),
(69, '111426', 'eyJpdiI6IktFQWRPTFdWRjBkRzRuR2hUSlwvV1hBPT0iLCJ2YWx1ZSI6Iktza04wQytPRnlLbmRETWJHQmdxaHc9PSIsIm1hYyI6IjExMTAzMTU4YjY3MDQzMDA4NjI2NjZjZDNiYjlmNzJkYmY2N2JiYmZlZjQwODVmMzE2ZjUxMWMwYjYyMmM1ZjcifQ==', 'ALBA', 'JEANNETH', 'NAVIA', 'BERMUDEZ', '1976-07-22 00:00:00', 12, 4, 1131, NULL, '2018-05-01 00:00:00', NULL, 1),
(70, '11344', 'eyJpdiI6IktFQWRPTFdWRjBkRzRuR2hUSlwvV1hBPT0iLCJ2YWx1ZSI6Iktza04wQytPRnlLbmRETWJHQmdxaHc9PSIsIm1hYyI6IjExMTAzMTU4YjY3MDQzMDA4NjI2NjZjZDNiYjlmNzJkYmY2N2JiYmZlZjQwODVmMzE2ZjUxMWMwYjYyMmM1ZjcifQ==', 'NATHASHA', 'ESTEFANIA', 'FRANCO', 'BERMUDEZ', '1996-02-03 00:00:00', 9, 4, 1131, NULL, '2017-10-13 00:00:00', NULL, 1),
(71, '11353', 'eyJpdiI6IktFQWRPTFdWRjBkRzRuR2hUSlwvV1hBPT0iLCJ2YWx1ZSI6Iktza04wQytPRnlLbmRETWJHQmdxaHc9PSIsIm1hYyI6IjExMTAzMTU4YjY3MDQzMDA4NjI2NjZjZDNiYjlmNzJkYmY2N2JiYmZlZjQwODVmMzE2ZjUxMWMwYjYyMmM1ZjcifQ==', 'YESSICA', 'LAURA', 'RIVAS', 'TURMERO', '1990-11-26 00:00:00', 10, 4, 1131, NULL, '2017-11-13 00:00:00', NULL, 1),
(72, '11366', 'eyJpdiI6IktFQWRPTFdWRjBkRzRuR2hUSlwvV1hBPT0iLCJ2YWx1ZSI6Iktza04wQytPRnlLbmRETWJHQmdxaHc9PSIsIm1hYyI6IjExMTAzMTU4YjY3MDQzMDA4NjI2NjZjZDNiYjlmNzJkYmY2N2JiYmZlZjQwODVmMzE2ZjUxMWMwYjYyMmM1ZjcifQ==', 'FRAYNER', 'ALEXANDER', 'RANGEL', 'VALERO', '1993-04-17 00:00:00', 8, 4, 1131, NULL, '2017-12-04 00:00:00', NULL, 1),
(73, '11374', 'eyJpdiI6IktFQWRPTFdWRjBkRzRuR2hUSlwvV1hBPT0iLCJ2YWx1ZSI6Iktza04wQytPRnlLbmRETWJHQmdxaHc9PSIsIm1hYyI6IjExMTAzMTU4YjY3MDQzMDA4NjI2NjZjZDNiYjlmNzJkYmY2N2JiYmZlZjQwODVmMzE2ZjUxMWMwYjYyMmM1ZjcifQ==', 'YDA', 'MERCEDES', 'CHIRINOS', 'VILORIA', '1983-09-28 00:00:00', 9, 4, 1131, NULL, '2017-12-04 00:00:00', NULL, 1),
(74, '11411', 'eyJpdiI6IktFQWRPTFdWRjBkRzRuR2hUSlwvV1hBPT0iLCJ2YWx1ZSI6Iktza04wQytPRnlLbmRETWJHQmdxaHc9PSIsIm1hYyI6IjExMTAzMTU4YjY3MDQzMDA4NjI2NjZjZDNiYjlmNzJkYmY2N2JiYmZlZjQwODVmMzE2ZjUxMWMwYjYyMmM1ZjcifQ==', 'GENESIS', 'GABRIELA', 'BARRIOS', 'VILORIA', '1998-07-25 00:00:00', 9, 4, 1131, NULL, '2018-03-06 00:00:00', NULL, 1),
(75, '11458', 'eyJpdiI6IktFQWRPTFdWRjBkRzRuR2hUSlwvV1hBPT0iLCJ2YWx1ZSI6Iktza04wQytPRnlLbmRETWJHQmdxaHc9PSIsIm1hYyI6IjExMTAzMTU4YjY3MDQzMDA4NjI2NjZjZDNiYjlmNzJkYmY2N2JiYmZlZjQwODVmMzE2ZjUxMWMwYjYyMmM1ZjcifQ==', 'RUDDY', 'ISAMAR', 'PINTO', 'COLMENARES', '1990-05-06 00:00:00', 8, 4, 1131, NULL, '2018-10-16 00:00:00', NULL, 1),
(76, '11459', 'eyJpdiI6IktFQWRPTFdWRjBkRzRuR2hUSlwvV1hBPT0iLCJ2YWx1ZSI6Iktza04wQytPRnlLbmRETWJHQmdxaHc9PSIsIm1hYyI6IjExMTAzMTU4YjY3MDQzMDA4NjI2NjZjZDNiYjlmNzJkYmY2N2JiYmZlZjQwODVmMzE2ZjUxMWMwYjYyMmM1ZjcifQ==', 'CARLOS', 'EDUARDO', 'RODRIGUEZ', '', '1966-03-15 00:00:00', 9, 4, 1131, NULL, '2018-10-16 00:00:00', NULL, 1),
(77, '11471', 'eyJpdiI6IktFQWRPTFdWRjBkRzRuR2hUSlwvV1hBPT0iLCJ2YWx1ZSI6Iktza04wQytPRnlLbmRETWJHQmdxaHc9PSIsIm1hYyI6IjExMTAzMTU4YjY3MDQzMDA4NjI2NjZjZDNiYjlmNzJkYmY2N2JiYmZlZjQwODVmMzE2ZjUxMWMwYjYyMmM1ZjcifQ==', 'CARMEN', 'ELENA', 'BERRIOS', 'BASTIDAS', '1989-07-16 00:00:00', 8, 4, 1131, NULL, '2018-11-15 00:00:00', NULL, 1),
(78, '11472', 'eyJpdiI6IktFQWRPTFdWRjBkRzRuR2hUSlwvV1hBPT0iLCJ2YWx1ZSI6Iktza04wQytPRnlLbmRETWJHQmdxaHc9PSIsIm1hYyI6IjExMTAzMTU4YjY3MDQzMDA4NjI2NjZjZDNiYjlmNzJkYmY2N2JiYmZlZjQwODVmMzE2ZjUxMWMwYjYyMmM1ZjcifQ==', 'GERALDINE', 'DESIREE', 'RUIZ', 'HENRIQUEZ', '1975-10-09 00:00:00', 11, 4, 1131, NULL, '2018-11-26 00:00:00', NULL, 1),
(79, '11482', 'eyJpdiI6IktFQWRPTFdWRjBkRzRuR2hUSlwvV1hBPT0iLCJ2YWx1ZSI6Iktza04wQytPRnlLbmRETWJHQmdxaHc9PSIsIm1hYyI6IjExMTAzMTU4YjY3MDQzMDA4NjI2NjZjZDNiYjlmNzJkYmY2N2JiYmZlZjQwODVmMzE2ZjUxMWMwYjYyMmM1ZjcifQ==', 'NAHOMY', 'NAZARETH', 'QUINTERO', 'MARTINEZ', '1998-08-13 00:00:00', 7, 4, 1131, NULL, '2018-12-17 00:00:00', NULL, 1),
(80, '11510', 'eyJpdiI6IktFQWRPTFdWRjBkRzRuR2hUSlwvV1hBPT0iLCJ2YWx1ZSI6Iktza04wQytPRnlLbmRETWJHQmdxaHc9PSIsIm1hYyI6IjExMTAzMTU4YjY3MDQzMDA4NjI2NjZjZDNiYjlmNzJkYmY2N2JiYmZlZjQwODVmMzE2ZjUxMWMwYjYyMmM1ZjcifQ==', 'MARIA', 'ISABEL', 'ESPINA', 'URBINA', '1966-12-09 00:00:00', 9, 4, 1131, NULL, '2019-04-29 00:00:00', NULL, 1),
(81, '11513', 'eyJpdiI6IktFQWRPTFdWRjBkRzRuR2hUSlwvV1hBPT0iLCJ2YWx1ZSI6Iktza04wQytPRnlLbmRETWJHQmdxaHc9PSIsIm1hYyI6IjExMTAzMTU4YjY3MDQzMDA4NjI2NjZjZDNiYjlmNzJkYmY2N2JiYmZlZjQwODVmMzE2ZjUxMWMwYjYyMmM1ZjcifQ==', 'ANGELO', 'ALFONSO', 'MARTINEZ', 'BERROTERAN', '1990-02-05 00:00:00', 6, 4, 1131, NULL, '2019-06-03 00:00:00', NULL, 1),
(82, '11523', 'eyJpdiI6IktFQWRPTFdWRjBkRzRuR2hUSlwvV1hBPT0iLCJ2YWx1ZSI6Iktza04wQytPRnlLbmRETWJHQmdxaHc9PSIsIm1hYyI6IjExMTAzMTU4YjY3MDQzMDA4NjI2NjZjZDNiYjlmNzJkYmY2N2JiYmZlZjQwODVmMzE2ZjUxMWMwYjYyMmM1ZjcifQ==', 'MANUEL', 'ALEJANDRO', 'DA SILVA', 'VILLAMISIL', '1984-12-04 00:00:00', 8, 4, 1131, NULL, '2019-10-01 00:00:00', NULL, 1),
(83, '111431', 'eyJpdiI6IktFQWRPTFdWRjBkRzRuR2hUSlwvV1hBPT0iLCJ2YWx1ZSI6Iktza04wQytPRnlLbmRETWJHQmdxaHc9PSIsIm1hYyI6IjExMTAzMTU4YjY3MDQzMDA4NjI2NjZjZDNiYjlmNzJkYmY2N2JiYmZlZjQwODVmMzE2ZjUxMWMwYjYyMmM1ZjcifQ==', 'GLENDER', 'JESUS', 'CORTEZ', '', '1990-11-05 00:00:00', 9, 5, 1131, NULL, '2018-06-25 00:00:00', NULL, 1),
(84, '11267', 'eyJpdiI6IktFQWRPTFdWRjBkRzRuR2hUSlwvV1hBPT0iLCJ2YWx1ZSI6Iktza04wQytPRnlLbmRETWJHQmdxaHc9PSIsIm1hYyI6IjExMTAzMTU4YjY3MDQzMDA4NjI2NjZjZDNiYjlmNzJkYmY2N2JiYmZlZjQwODVmMzE2ZjUxMWMwYjYyMmM1ZjcifQ==', 'ALBERTO', 'JOSE', 'EVIES', 'GONZALEZ', '1965-11-04 00:00:00', 13, 5, 1131, NULL, '2016-10-03 00:00:00', NULL, 1),
(85, '11291', 'eyJpdiI6IktFQWRPTFdWRjBkRzRuR2hUSlwvV1hBPT0iLCJ2YWx1ZSI6Iktza04wQytPRnlLbmRETWJHQmdxaHc9PSIsIm1hYyI6IjExMTAzMTU4YjY3MDQzMDA4NjI2NjZjZDNiYjlmNzJkYmY2N2JiYmZlZjQwODVmMzE2ZjUxMWMwYjYyMmM1ZjcifQ==', 'ANGELA', 'LEONOR', 'ARANEA', 'CHICA', '1976-01-30 00:00:00', 13, 5, 1131, NULL, '2016-12-12 00:00:00', NULL, 1),
(86, '11346', 'eyJpdiI6IktFQWRPTFdWRjBkRzRuR2hUSlwvV1hBPT0iLCJ2YWx1ZSI6Iktza04wQytPRnlLbmRETWJHQmdxaHc9PSIsIm1hYyI6IjExMTAzMTU4YjY3MDQzMDA4NjI2NjZjZDNiYjlmNzJkYmY2N2JiYmZlZjQwODVmMzE2ZjUxMWMwYjYyMmM1ZjcifQ==', 'ARTURO', 'ARMANDO', 'SOSA', 'HERRERA', '1962-08-27 00:00:00', 12, 5, 1131, NULL, '2017-11-01 00:00:00', NULL, 1),
(87, '11414', 'eyJpdiI6IktFQWRPTFdWRjBkRzRuR2hUSlwvV1hBPT0iLCJ2YWx1ZSI6Iktza04wQytPRnlLbmRETWJHQmdxaHc9PSIsIm1hYyI6IjExMTAzMTU4YjY3MDQzMDA4NjI2NjZjZDNiYjlmNzJkYmY2N2JiYmZlZjQwODVmMzE2ZjUxMWMwYjYyMmM1ZjcifQ==', 'ADRIAN', 'ALEXANDER', 'PEREZ', 'RODRIGUEZ', '1994-04-19 00:00:00', 7, 5, 1131, NULL, '2018-03-16 00:00:00', NULL, 1),
(88, '11443', 'eyJpdiI6IktFQWRPTFdWRjBkRzRuR2hUSlwvV1hBPT0iLCJ2YWx1ZSI6Iktza04wQytPRnlLbmRETWJHQmdxaHc9PSIsIm1hYyI6IjExMTAzMTU4YjY3MDQzMDA4NjI2NjZjZDNiYjlmNzJkYmY2N2JiYmZlZjQwODVmMzE2ZjUxMWMwYjYyMmM1ZjcifQ==', 'ELISA', 'MARIBEL', 'PASERO', 'MARIÑO', '1979-08-25 00:00:00', 6, 5, 1131, NULL, '2018-07-19 00:00:00', NULL, 1),
(89, '11463', 'eyJpdiI6IktFQWRPTFdWRjBkRzRuR2hUSlwvV1hBPT0iLCJ2YWx1ZSI6Iktza04wQytPRnlLbmRETWJHQmdxaHc9PSIsIm1hYyI6IjExMTAzMTU4YjY3MDQzMDA4NjI2NjZjZDNiYjlmNzJkYmY2N2JiYmZlZjQwODVmMzE2ZjUxMWMwYjYyMmM1ZjcifQ==', 'OMAR', 'ALFONSO', 'MARQUEZ', 'RODRIGUEZ', '2000-03-04 00:00:00', 4, 5, 1131, NULL, '2018-11-05 00:00:00', NULL, 1),
(90, '11474', 'eyJpdiI6IktFQWRPTFdWRjBkRzRuR2hUSlwvV1hBPT0iLCJ2YWx1ZSI6Iktza04wQytPRnlLbmRETWJHQmdxaHc9PSIsIm1hYyI6IjExMTAzMTU4YjY3MDQzMDA4NjI2NjZjZDNiYjlmNzJkYmY2N2JiYmZlZjQwODVmMzE2ZjUxMWMwYjYyMmM1ZjcifQ==', 'ANGELICA', 'ESTEFANIA', 'FUNES', 'OLOYOLA', '1995-06-27 00:00:00', 4, 5, 1131, NULL, '2018-11-26 00:00:00', NULL, 1),
(91, '11492', 'eyJpdiI6IktFQWRPTFdWRjBkRzRuR2hUSlwvV1hBPT0iLCJ2YWx1ZSI6Iktza04wQytPRnlLbmRETWJHQmdxaHc9PSIsIm1hYyI6IjExMTAzMTU4YjY3MDQzMDA4NjI2NjZjZDNiYjlmNzJkYmY2N2JiYmZlZjQwODVmMzE2ZjUxMWMwYjYyMmM1ZjcifQ==', 'ESLYN', 'MILEYDIS', 'ROJAS', 'ROMERO', '1989-03-25 00:00:00', 6, 5, 1131, NULL, '2019-02-11 00:00:00', NULL, 1),
(92, '10135', 'eyJpdiI6IktFQWRPTFdWRjBkRzRuR2hUSlwvV1hBPT0iLCJ2YWx1ZSI6Iktza04wQytPRnlLbmRETWJHQmdxaHc9PSIsIm1hYyI6IjExMTAzMTU4YjY3MDQzMDA4NjI2NjZjZDNiYjlmNzJkYmY2N2JiYmZlZjQwODVmMzE2ZjUxMWMwYjYyMmM1ZjcifQ==', 'CARMEN', 'VESTALIA', 'OCHOA', '', '1941-01-09 00:00:00', 19, 18, 1131, NULL, '2005-01-24 00:00:00', NULL, 1),
(93, '10446', 'eyJpdiI6IktFQWRPTFdWRjBkRzRuR2hUSlwvV1hBPT0iLCJ2YWx1ZSI6Iktza04wQytPRnlLbmRETWJHQmdxaHc9PSIsIm1hYyI6IjExMTAzMTU4YjY3MDQzMDA4NjI2NjZjZDNiYjlmNzJkYmY2N2JiYmZlZjQwODVmMzE2ZjUxMWMwYjYyMmM1ZjcifQ==', 'LAURA', 'YAMILET', 'ROJAS', 'LIZARRAGA', '1974-09-28 00:00:00', 21, 10, 1131, NULL, '2008-07-23 00:00:00', NULL, 1),
(94, '10466', 'eyJpdiI6IktFQWRPTFdWRjBkRzRuR2hUSlwvV1hBPT0iLCJ2YWx1ZSI6Iktza04wQytPRnlLbmRETWJHQmdxaHc9PSIsIm1hYyI6IjExMTAzMTU4YjY3MDQzMDA4NjI2NjZjZDNiYjlmNzJkYmY2N2JiYmZlZjQwODVmMzE2ZjUxMWMwYjYyMmM1ZjcifQ==', 'ANTONIO', 'JOSE', 'RUBIO', 'HERNANDEZ', '1967-12-11 00:00:00', 22, 19, 1131, NULL, '2008-10-03 00:00:00', NULL, 1),
(95, '10559', 'eyJpdiI6IktFQWRPTFdWRjBkRzRuR2hUSlwvV1hBPT0iLCJ2YWx1ZSI6Iktza04wQytPRnlLbmRETWJHQmdxaHc9PSIsIm1hYyI6IjExMTAzMTU4YjY3MDQzMDA4NjI2NjZjZDNiYjlmNzJkYmY2N2JiYmZlZjQwODVmMzE2ZjUxMWMwYjYyMmM1ZjcifQ==', 'RUBEN', 'DARIO', 'VERA', 'PATIÑO', '1983-01-19 00:00:00', 37, 19, 1131, NULL, '2010-01-18 00:00:00', NULL, 1),
(96, '10568', 'eyJpdiI6IktFQWRPTFdWRjBkRzRuR2hUSlwvV1hBPT0iLCJ2YWx1ZSI6Iktza04wQytPRnlLbmRETWJHQmdxaHc9PSIsIm1hYyI6IjExMTAzMTU4YjY3MDQzMDA4NjI2NjZjZDNiYjlmNzJkYmY2N2JiYmZlZjQwODVmMzE2ZjUxMWMwYjYyMmM1ZjcifQ==', 'LUISA', 'ESTHER', 'TOVAR', '', '1964-04-09 00:00:00', 24, 11, 1131, NULL, '2010-01-18 00:00:00', NULL, 1),
(97, '10589', 'eyJpdiI6IktFQWRPTFdWRjBkRzRuR2hUSlwvV1hBPT0iLCJ2YWx1ZSI6Iktza04wQytPRnlLbmRETWJHQmdxaHc9PSIsIm1hYyI6IjExMTAzMTU4YjY3MDQzMDA4NjI2NjZjZDNiYjlmNzJkYmY2N2JiYmZlZjQwODVmMzE2ZjUxMWMwYjYyMmM1ZjcifQ==', 'JOSE', 'ANTONIO', 'MACHADO', 'PEREZ', '1967-08-19 00:00:00', 13, 10, 1131, NULL, '2010-02-22 00:00:00', NULL, 1),
(98, '10775', 'eyJpdiI6IktFQWRPTFdWRjBkRzRuR2hUSlwvV1hBPT0iLCJ2YWx1ZSI6Iktza04wQytPRnlLbmRETWJHQmdxaHc9PSIsIm1hYyI6IjExMTAzMTU4YjY3MDQzMDA4NjI2NjZjZDNiYjlmNzJkYmY2N2JiYmZlZjQwODVmMzE2ZjUxMWMwYjYyMmM1ZjcifQ==', 'DULY', 'YOSMILA', 'RINCONES', '', '1980-09-12 00:00:00', 38, 19, 1131, NULL, '2012-04-30 00:00:00', NULL, 1),
(99, '10776', 'eyJpdiI6IktFQWRPTFdWRjBkRzRuR2hUSlwvV1hBPT0iLCJ2YWx1ZSI6Iktza04wQytPRnlLbmRETWJHQmdxaHc9PSIsIm1hYyI6IjExMTAzMTU4YjY3MDQzMDA4NjI2NjZjZDNiYjlmNzJkYmY2N2JiYmZlZjQwODVmMzE2ZjUxMWMwYjYyMmM1ZjcifQ==', 'YENNIFER', 'MARIANA', 'VILLA', 'ANGEL', '1988-11-24 00:00:00', 19, 19, 1131, NULL, '2012-05-08 00:00:00', NULL, 1),
(100, '10777', 'eyJpdiI6IktFQWRPTFdWRjBkRzRuR2hUSlwvV1hBPT0iLCJ2YWx1ZSI6Iktza04wQytPRnlLbmRETWJHQmdxaHc9PSIsIm1hYyI6IjExMTAzMTU4YjY3MDQzMDA4NjI2NjZjZDNiYjlmNzJkYmY2N2JiYmZlZjQwODVmMzE2ZjUxMWMwYjYyMmM1ZjcifQ==', 'ANA', 'CECILIA', 'CASTAÑO', 'ESCOBAR', '1946-10-10 00:00:00', 19, 19, 1131, NULL, '2012-05-16 00:00:00', NULL, 1),
(101, '10896', 'eyJpdiI6IktFQWRPTFdWRjBkRzRuR2hUSlwvV1hBPT0iLCJ2YWx1ZSI6Iktza04wQytPRnlLbmRETWJHQmdxaHc9PSIsIm1hYyI6IjExMTAzMTU4YjY3MDQzMDA4NjI2NjZjZDNiYjlmNzJkYmY2N2JiYmZlZjQwODVmMzE2ZjUxMWMwYjYyMmM1ZjcifQ==', 'AMAYOISBI', 'LIDSAY', 'GARCIA', 'CHACIN', '1972-07-12 00:00:00', 12, 12, 1131, NULL, '2013-08-08 00:00:00', NULL, 1),
(102, '10897', 'eyJpdiI6IktFQWRPTFdWRjBkRzRuR2hUSlwvV1hBPT0iLCJ2YWx1ZSI6Iktza04wQytPRnlLbmRETWJHQmdxaHc9PSIsIm1hYyI6IjExMTAzMTU4YjY3MDQzMDA4NjI2NjZjZDNiYjlmNzJkYmY2N2JiYmZlZjQwODVmMzE2ZjUxMWMwYjYyMmM1ZjcifQ==', 'JENNIFER', 'LETICIA', 'CHACON', 'ZAMBRANO', '1985-02-21 00:00:00', 26, 12, 1131, NULL, '2013-08-19 00:00:00', NULL, 1),
(103, '10977', 'eyJpdiI6IktFQWRPTFdWRjBkRzRuR2hUSlwvV1hBPT0iLCJ2YWx1ZSI6Iktza04wQytPRnlLbmRETWJHQmdxaHc9PSIsIm1hYyI6IjExMTAzMTU4YjY3MDQzMDA4NjI2NjZjZDNiYjlmNzJkYmY2N2JiYmZlZjQwODVmMzE2ZjUxMWMwYjYyMmM1ZjcifQ==', 'IGNAYARI', 'KATHERINE', 'MENDOZA', 'LUZARDO', '1991-06-11 00:00:00', 28, 7, 1131, NULL, '2014-06-05 00:00:00', NULL, 1),
(104, '11145', 'eyJpdiI6IktFQWRPTFdWRjBkRzRuR2hUSlwvV1hBPT0iLCJ2YWx1ZSI6Iktza04wQytPRnlLbmRETWJHQmdxaHc9PSIsIm1hYyI6IjExMTAzMTU4YjY3MDQzMDA4NjI2NjZjZDNiYjlmNzJkYmY2N2JiYmZlZjQwODVmMzE2ZjUxMWMwYjYyMmM1ZjcifQ==', 'REINA', 'MARIA', 'FAJARDO', 'GUERRERO', '1998-03-10 00:00:00', 31, 7, 1131, NULL, '2015-11-25 00:00:00', NULL, 1),
(105, '11159', 'eyJpdiI6IktFQWRPTFdWRjBkRzRuR2hUSlwvV1hBPT0iLCJ2YWx1ZSI6Iktza04wQytPRnlLbmRETWJHQmdxaHc9PSIsIm1hYyI6IjExMTAzMTU4YjY3MDQzMDA4NjI2NjZjZDNiYjlmNzJkYmY2N2JiYmZlZjQwODVmMzE2ZjUxMWMwYjYyMmM1ZjcifQ==', 'YOLYMER', 'ALICIA', 'MENDOZA', 'GARCIA', '1973-10-29 00:00:00', 13, 7, 1131, NULL, '2015-12-18 00:00:00', NULL, 1),
(106, '11208', 'eyJpdiI6IktFQWRPTFdWRjBkRzRuR2hUSlwvV1hBPT0iLCJ2YWx1ZSI6Iktza04wQytPRnlLbmRETWJHQmdxaHc9PSIsIm1hYyI6IjExMTAzMTU4YjY3MDQzMDA4NjI2NjZjZDNiYjlmNzJkYmY2N2JiYmZlZjQwODVmMzE2ZjUxMWMwYjYyMmM1ZjcifQ==', 'ROSA', 'ESMERALDA', 'LUZARDO', 'CARDENAS', '1965-08-28 00:00:00', 24, 11, 1131, NULL, '2016-03-14 00:00:00', NULL, 1),
(107, '11292', 'eyJpdiI6IktFQWRPTFdWRjBkRzRuR2hUSlwvV1hBPT0iLCJ2YWx1ZSI6Iktza04wQytPRnlLbmRETWJHQmdxaHc9PSIsIm1hYyI6IjExMTAzMTU4YjY3MDQzMDA4NjI2NjZjZDNiYjlmNzJkYmY2N2JiYmZlZjQwODVmMzE2ZjUxMWMwYjYyMmM1ZjcifQ==', 'ADRIANA', '', 'GUZMAN', 'LA CRUZ', '1982-06-18 00:00:00', 26, 12, 1131, NULL, '2016-12-12 00:00:00', NULL, 1),
(108, '11423', 'eyJpdiI6IktFQWRPTFdWRjBkRzRuR2hUSlwvV1hBPT0iLCJ2YWx1ZSI6Iktza04wQytPRnlLbmRETWJHQmdxaHc9PSIsIm1hYyI6IjExMTAzMTU4YjY3MDQzMDA4NjI2NjZjZDNiYjlmNzJkYmY2N2JiYmZlZjQwODVmMzE2ZjUxMWMwYjYyMmM1ZjcifQ==', 'JOSE', 'LUZARDO', 'ESTABA', 'MOTA', '1988-04-08 00:00:00', 12, 13, 1131, NULL, '2018-04-09 00:00:00', NULL, 1),
(109, '11438', 'eyJpdiI6IktFQWRPTFdWRjBkRzRuR2hUSlwvV1hBPT0iLCJ2YWx1ZSI6Iktza04wQytPRnlLbmRETWJHQmdxaHc9PSIsIm1hYyI6IjExMTAzMTU4YjY3MDQzMDA4NjI2NjZjZDNiYjlmNzJkYmY2N2JiYmZlZjQwODVmMzE2ZjUxMWMwYjYyMmM1ZjcifQ==', 'KARINA', '', 'PEREZ', 'MARQUES', '1993-08-09 00:00:00', 33, 19, 1131, NULL, '2018-07-09 00:00:00', NULL, 1),
(110, '11455', 'eyJpdiI6IktFQWRPTFdWRjBkRzRuR2hUSlwvV1hBPT0iLCJ2YWx1ZSI6Iktza04wQytPRnlLbmRETWJHQmdxaHc9PSIsIm1hYyI6IjExMTAzMTU4YjY3MDQzMDA4NjI2NjZjZDNiYjlmNzJkYmY2N2JiYmZlZjQwODVmMzE2ZjUxMWMwYjYyMmM1ZjcifQ==', 'ZONNY', 'EDUARDO', 'GARCIA', 'OJEDA', '1993-08-30 00:00:00', 35, 13, 1131, NULL, '2018-08-21 00:00:00', NULL, 1),
(111, '11473', 'eyJpdiI6IktFQWRPTFdWRjBkRzRuR2hUSlwvV1hBPT0iLCJ2YWx1ZSI6Iktza04wQytPRnlLbmRETWJHQmdxaHc9PSIsIm1hYyI6IjExMTAzMTU4YjY3MDQzMDA4NjI2NjZjZDNiYjlmNzJkYmY2N2JiYmZlZjQwODVmMzE2ZjUxMWMwYjYyMmM1ZjcifQ==', 'YAINE', 'ALEXANDER', 'MACHADO', 'PEREZ', '1981-06-12 00:00:00', 31, 11, 1131, NULL, '2018-11-26 00:00:00', NULL, 1),
(112, '11498', 'eyJpdiI6IktFQWRPTFdWRjBkRzRuR2hUSlwvV1hBPT0iLCJ2YWx1ZSI6Iktza04wQytPRnlLbmRETWJHQmdxaHc9PSIsIm1hYyI6IjExMTAzMTU4YjY3MDQzMDA4NjI2NjZjZDNiYjlmNzJkYmY2N2JiYmZlZjQwODVmMzE2ZjUxMWMwYjYyMmM1ZjcifQ==', 'ANTONIO', 'ALEXANDER', 'FARIA', 'EXPOSITO', '1983-08-28 00:00:00', 31, 11, 1131, NULL, '2019-02-18 00:00:00', NULL, 1),
(113, '11524', 'eyJpdiI6IktFQWRPTFdWRjBkRzRuR2hUSlwvV1hBPT0iLCJ2YWx1ZSI6Iktza04wQytPRnlLbmRETWJHQmdxaHc9PSIsIm1hYyI6IjExMTAzMTU4YjY3MDQzMDA4NjI2NjZjZDNiYjlmNzJkYmY2N2JiYmZlZjQwODVmMzE2ZjUxMWMwYjYyMmM1ZjcifQ==', 'LEONARDO', 'ANTONIO', 'LOPEZ', 'AGURTO', '2001-10-29 00:00:00', 32, 19, 1131, NULL, '2019-10-01 00:00:00', NULL, 1),
(114, '11525', 'eyJpdiI6IktFQWRPTFdWRjBkRzRuR2hUSlwvV1hBPT0iLCJ2YWx1ZSI6Iktza04wQytPRnlLbmRETWJHQmdxaHc9PSIsIm1hYyI6IjExMTAzMTU4YjY3MDQzMDA4NjI2NjZjZDNiYjlmNzJkYmY2N2JiYmZlZjQwODVmMzE2ZjUxMWMwYjYyMmM1ZjcifQ==', 'JOSE', 'ARTURO', 'MADRIZ', 'MALAVE', '1996-06-07 00:00:00', 2, 19, 1131, NULL, '2019-11-04 00:00:00', NULL, 1),
(115, '11530', 'eyJpdiI6IktFQWRPTFdWRjBkRzRuR2hUSlwvV1hBPT0iLCJ2YWx1ZSI6Iktza04wQytPRnlLbmRETWJHQmdxaHc9PSIsIm1hYyI6IjExMTAzMTU4YjY3MDQzMDA4NjI2NjZjZDNiYjlmNzJkYmY2N2JiYmZlZjQwODVmMzE2ZjUxMWMwYjYyMmM1ZjcifQ==', 'LILIANA', 'IBETH', 'PARRA', 'PEREZ', '1980-05-21 00:00:00', 25, 19, 1131, NULL, '2020-01-29 00:00:00', NULL, 1),
(116, '11531', 'eyJpdiI6IktFQWRPTFdWRjBkRzRuR2hUSlwvV1hBPT0iLCJ2YWx1ZSI6Iktza04wQytPRnlLbmRETWJHQmdxaHc9PSIsIm1hYyI6IjExMTAzMTU4YjY3MDQzMDA4NjI2NjZjZDNiYjlmNzJkYmY2N2JiYmZlZjQwODVmMzE2ZjUxMWMwYjYyMmM1ZjcifQ==', 'ANTONIO', 'JOSE', 'REYES', 'SEQUERA', '1959-12-31 00:00:00', 15, 19, 1131, NULL, '2020-02-03 00:00:00', NULL, 1),
(117, '11532', 'eyJpdiI6IktFQWRPTFdWRjBkRzRuR2hUSlwvV1hBPT0iLCJ2YWx1ZSI6Iktza04wQytPRnlLbmRETWJHQmdxaHc9PSIsIm1hYyI6IjExMTAzMTU4YjY3MDQzMDA4NjI2NjZjZDNiYjlmNzJkYmY2N2JiYmZlZjQwODVmMzE2ZjUxMWMwYjYyMmM1ZjcifQ==', 'DUVAN', 'RAFAEL', 'PINTO', 'JAIMES', '2000-02-07 00:00:00', 2, 19, 1131, NULL, '2020-02-26 00:00:00', NULL, 1),
(118, '11534', 'eyJpdiI6IktFQWRPTFdWRjBkRzRuR2hUSlwvV1hBPT0iLCJ2YWx1ZSI6Iktza04wQytPRnlLbmRETWJHQmdxaHc9PSIsIm1hYyI6IjExMTAzMTU4YjY3MDQzMDA4NjI2NjZjZDNiYjlmNzJkYmY2N2JiYmZlZjQwODVmMzE2ZjUxMWMwYjYyMmM1ZjcifQ==', 'FREDDY', 'FRANCISCO', 'PERDOMO', 'MOLINA', '1986-03-03 00:00:00', 22, 19, 1131, NULL, '2020-03-01 00:00:00', NULL, 1),
(119, '11536', 'eyJpdiI6IktFQWRPTFdWRjBkRzRuR2hUSlwvV1hBPT0iLCJ2YWx1ZSI6Iktza04wQytPRnlLbmRETWJHQmdxaHc9PSIsIm1hYyI6IjExMTAzMTU4YjY3MDQzMDA4NjI2NjZjZDNiYjlmNzJkYmY2N2JiYmZlZjQwODVmMzE2ZjUxMWMwYjYyMmM1ZjcifQ==', 'FERNANDO', 'JOSE', 'RANGEL', 'KUIPPERS', '1992-12-12 00:00:00', 28, 19, 1131, NULL, '2020-03-16 00:00:00', NULL, 1),
(120, '11537', 'eyJpdiI6IktFQWRPTFdWRjBkRzRuR2hUSlwvV1hBPT0iLCJ2YWx1ZSI6Iktza04wQytPRnlLbmRETWJHQmdxaHc9PSIsIm1hYyI6IjExMTAzMTU4YjY3MDQzMDA4NjI2NjZjZDNiYjlmNzJkYmY2N2JiYmZlZjQwODVmMzE2ZjUxMWMwYjYyMmM1ZjcifQ==', 'GELEN', 'DEL ROSARIO', 'CARDENAS', 'MARQUEZ', '1958-03-08 00:00:00', 23, 11, 1131, NULL, '2020-06-01 00:00:00', NULL, 1),
(121, '11538', 'eyJpdiI6IktFQWRPTFdWRjBkRzRuR2hUSlwvV1hBPT0iLCJ2YWx1ZSI6Iktza04wQytPRnlLbmRETWJHQmdxaHc9PSIsIm1hYyI6IjExMTAzMTU4YjY3MDQzMDA4NjI2NjZjZDNiYjlmNzJkYmY2N2JiYmZlZjQwODVmMzE2ZjUxMWMwYjYyMmM1ZjcifQ==', 'FREDDY', 'ANTONIO', 'BORRERO', 'CONTRERAS', '1989-08-09 00:00:00', 24, 11, 1131, NULL, '2020-06-01 00:00:00', NULL, 1),
(122, '11539', 'eyJpdiI6IktFQWRPTFdWRjBkRzRuR2hUSlwvV1hBPT0iLCJ2YWx1ZSI6Iktza04wQytPRnlLbmRETWJHQmdxaHc9PSIsIm1hYyI6IjExMTAzMTU4YjY3MDQzMDA4NjI2NjZjZDNiYjlmNzJkYmY2N2JiYmZlZjQwODVmMzE2ZjUxMWMwYjYyMmM1ZjcifQ==', 'AURA', 'MARIA', 'CONTRERAS', 'PASTRAN', '1968-07-01 00:00:00', 24, 11, 1131, NULL, '2020-06-01 00:00:00', NULL, 1),
(123, '36', 'eyJpdiI6IktFQWRPTFdWRjBkRzRuR2hUSlwvV1hBPT0iLCJ2YWx1ZSI6Iktza04wQytPRnlLbmRETWJHQmdxaHc9PSIsIm1hYyI6IjExMTAzMTU4YjY3MDQzMDA4NjI2NjZjZDNiYjlmNzJkYmY2N2JiYmZlZjQwODVmMzE2ZjUxMWMwYjYyMmM1ZjcifQ==', 'JESUS', 'SALVADOR', 'MORILLO', 'QUINTANA', '1960-03-02 00:00:00', 12, 11, 1131, NULL, '2000-01-17 00:00:00', NULL, 1),
(124, '49', 'eyJpdiI6IktFQWRPTFdWRjBkRzRuR2hUSlwvV1hBPT0iLCJ2YWx1ZSI6Iktza04wQytPRnlLbmRETWJHQmdxaHc9PSIsIm1hYyI6IjExMTAzMTU4YjY3MDQzMDA4NjI2NjZjZDNiYjlmNzJkYmY2N2JiYmZlZjQwODVmMzE2ZjUxMWMwYjYyMmM1ZjcifQ==', 'AMELIA', 'JOSEFINA', 'DIAZ', 'MENDOZA', '1956-03-19 00:00:00', 20, 19, 1131, NULL, '2004-11-01 00:00:00', NULL, 1),
(125, '10195', 'eyJpdiI6IktFQWRPTFdWRjBkRzRuR2hUSlwvV1hBPT0iLCJ2YWx1ZSI6Iktza04wQytPRnlLbmRETWJHQmdxaHc9PSIsIm1hYyI6IjExMTAzMTU4YjY3MDQzMDA4NjI2NjZjZDNiYjlmNzJkYmY2N2JiYmZlZjQwODVmMzE2ZjUxMWMwYjYyMmM1ZjcifQ==', 'EMILIO', 'JOSE', 'LEON', 'FARIAS', '1965-06-28 00:00:00', 15, 3, 1131, NULL, '2005-11-01 00:00:00', NULL, 1),
(126, '11265', 'eyJpdiI6IktFQWRPTFdWRjBkRzRuR2hUSlwvV1hBPT0iLCJ2YWx1ZSI6Iktza04wQytPRnlLbmRETWJHQmdxaHc9PSIsIm1hYyI6IjExMTAzMTU4YjY3MDQzMDA4NjI2NjZjZDNiYjlmNzJkYmY2N2JiYmZlZjQwODVmMzE2ZjUxMWMwYjYyMmM1ZjcifQ==', 'GUSTAVO', 'ADOLFO', 'PUCHI', 'MEDINA', '1963-09-12 00:00:00', 13, 3, 1131, NULL, '2016-10-03 00:00:00', NULL, 1),
(127, '11376', 'eyJpdiI6IktFQWRPTFdWRjBkRzRuR2hUSlwvV1hBPT0iLCJ2YWx1ZSI6Iktza04wQytPRnlLbmRETWJHQmdxaHc9PSIsIm1hYyI6IjExMTAzMTU4YjY3MDQzMDA4NjI2NjZjZDNiYjlmNzJkYmY2N2JiYmZlZjQwODVmMzE2ZjUxMWMwYjYyMmM1ZjcifQ==', 'ALFIO', 'FILIPPO', 'SAGLIMBENI', 'MUSCOLINO', '1967-08-03 00:00:00', 12, 3, 1131, NULL, '2017-12-20 00:00:00', NULL, 1),
(128, '11397', 'eyJpdiI6IktFQWRPTFdWRjBkRzRuR2hUSlwvV1hBPT0iLCJ2YWx1ZSI6Iktza04wQytPRnlLbmRETWJHQmdxaHc9PSIsIm1hYyI6IjExMTAzMTU4YjY3MDQzMDA4NjI2NjZjZDNiYjlmNzJkYmY2N2JiYmZlZjQwODVmMzE2ZjUxMWMwYjYyMmM1ZjcifQ==', 'ARIANNA', 'ELENA', 'MATOS', 'IACOBELLIS', '1995-08-21 00:00:00', 9, 3, 1131, NULL, '2018-02-20 00:00:00', NULL, 1),
(129, '11450', 'eyJpdiI6IktFQWRPTFdWRjBkRzRuR2hUSlwvV1hBPT0iLCJ2YWx1ZSI6Iktza04wQytPRnlLbmRETWJHQmdxaHc9PSIsIm1hYyI6IjExMTAzMTU4YjY3MDQzMDA4NjI2NjZjZDNiYjlmNzJkYmY2N2JiYmZlZjQwODVmMzE2ZjUxMWMwYjYyMmM1ZjcifQ==', 'ANA', 'VIRGINIA', 'BLANDIN', 'ARZOLA', '1981-04-08 00:00:00', 12, 3, 1131, NULL, '2018-08-07 00:00:00', NULL, 1),
(130, '10262', 'eyJpdiI6IktFQWRPTFdWRjBkRzRuR2hUSlwvV1hBPT0iLCJ2YWx1ZSI6Iktza04wQytPRnlLbmRETWJHQmdxaHc9PSIsIm1hYyI6IjExMTAzMTU4YjY3MDQzMDA4NjI2NjZjZDNiYjlmNzJkYmY2N2JiYmZlZjQwODVmMzE2ZjUxMWMwYjYyMmM1ZjcifQ==', 'OSCAR', 'AUGUSTO', 'PIÑA', 'ALBUJAR', '1946-01-06 00:00:00', 15, 14, 1131, NULL, '2006-01-02 00:00:00', NULL, 1),
(131, '11278', 'eyJpdiI6IktFQWRPTFdWRjBkRzRuR2hUSlwvV1hBPT0iLCJ2YWx1ZSI6Iktza04wQytPRnlLbmRETWJHQmdxaHc9PSIsIm1hYyI6IjExMTAzMTU4YjY3MDQzMDA4NjI2NjZjZDNiYjlmNzJkYmY2N2JiYmZlZjQwODVmMzE2ZjUxMWMwYjYyMmM1ZjcifQ==', 'YOSBER', 'ALEJANDRO', 'GOMEZ', 'LANDAETA', '1997-12-02 00:00:00', 41, 15, 1131, NULL, '2016-11-01 00:00:00', NULL, 1),
(132, '11280', 'eyJpdiI6IktFQWRPTFdWRjBkRzRuR2hUSlwvV1hBPT0iLCJ2YWx1ZSI6Iktza04wQytPRnlLbmRETWJHQmdxaHc9PSIsIm1hYyI6IjExMTAzMTU4YjY3MDQzMDA4NjI2NjZjZDNiYjlmNzJkYmY2N2JiYmZlZjQwODVmMzE2ZjUxMWMwYjYyMmM1ZjcifQ==', 'DUGLIMAR', 'YOLEIDA', 'MENDEZ', 'RIVAS', '1999-07-02 00:00:00', 41, 15, 1131, NULL, '2016-11-16 00:00:00', NULL, 1),
(133, '11312', 'eyJpdiI6IktFQWRPTFdWRjBkRzRuR2hUSlwvV1hBPT0iLCJ2YWx1ZSI6Iktza04wQytPRnlLbmRETWJHQmdxaHc9PSIsIm1hYyI6IjExMTAzMTU4YjY3MDQzMDA4NjI2NjZjZDNiYjlmNzJkYmY2N2JiYmZlZjQwODVmMzE2ZjUxMWMwYjYyMmM1ZjcifQ==', 'SOL', 'PATRICIA', 'VIANA', 'CONSUEGRA', '1997-09-23 00:00:00', 41, 15, 1131, NULL, '2017-03-20 00:00:00', NULL, 1),
(134, '11063', 'eyJpdiI6IktFQWRPTFdWRjBkRzRuR2hUSlwvV1hBPT0iLCJ2YWx1ZSI6Iktza04wQytPRnlLbmRETWJHQmdxaHc9PSIsIm1hYyI6IjExMTAzMTU4YjY3MDQzMDA4NjI2NjZjZDNiYjlmNzJkYmY2N2JiYmZlZjQwODVmMzE2ZjUxMWMwYjYyMmM1ZjcifQ==', 'DOUGLAS', 'EDUARDO', 'TORREALBA', 'SANCHEZ', '1975-10-28 00:00:00', 42, 16, 1131, NULL, '2015-06-02 00:00:00', NULL, 1),
(135, '11064', 'eyJpdiI6IktFQWRPTFdWRjBkRzRuR2hUSlwvV1hBPT0iLCJ2YWx1ZSI6Iktza04wQytPRnlLbmRETWJHQmdxaHc9PSIsIm1hYyI6IjExMTAzMTU4YjY3MDQzMDA4NjI2NjZjZDNiYjlmNzJkYmY2N2JiYmZlZjQwODVmMzE2ZjUxMWMwYjYyMmM1ZjcifQ==', 'DARWING', 'JOSE', 'CORDOVA', '', '1980-08-04 00:00:00', 40, 16, 1131, NULL, '2015-06-02 00:00:00', NULL, 1),
(136, '11066', 'eyJpdiI6IktFQWRPTFdWRjBkRzRuR2hUSlwvV1hBPT0iLCJ2YWx1ZSI6Iktza04wQytPRnlLbmRETWJHQmdxaHc9PSIsIm1hYyI6IjExMTAzMTU4YjY3MDQzMDA4NjI2NjZjZDNiYjlmNzJkYmY2N2JiYmZlZjQwODVmMzE2ZjUxMWMwYjYyMmM1ZjcifQ==', 'JEFERSON', 'JESUS', 'YANEZ', 'VILLEGAS', '1995-10-12 00:00:00', 40, 16, 1131, NULL, '2015-06-02 00:00:00', NULL, 1),
(137, '11068', 'eyJpdiI6IktFQWRPTFdWRjBkRzRuR2hUSlwvV1hBPT0iLCJ2YWx1ZSI6Iktza04wQytPRnlLbmRETWJHQmdxaHc9PSIsIm1hYyI6IjExMTAzMTU4YjY3MDQzMDA4NjI2NjZjZDNiYjlmNzJkYmY2N2JiYmZlZjQwODVmMzE2ZjUxMWMwYjYyMmM1ZjcifQ==', 'JOSE', 'ANTONIO', 'ARAUJO', 'RODRIGUEZ', '1989-05-30 00:00:00', 40, 16, 1131, NULL, '2015-06-02 00:00:00', NULL, 1),
(138, '11236', 'eyJpdiI6IktFQWRPTFdWRjBkRzRuR2hUSlwvV1hBPT0iLCJ2YWx1ZSI6Iktza04wQytPRnlLbmRETWJHQmdxaHc9PSIsIm1hYyI6IjExMTAzMTU4YjY3MDQzMDA4NjI2NjZjZDNiYjlmNzJkYmY2N2JiYmZlZjQwODVmMzE2ZjUxMWMwYjYyMmM1ZjcifQ==', 'ANGEL', 'EDUARDO', 'APARICIO', 'ROMERO', '1970-08-02 00:00:00', 40, 16, 1131, NULL, '2016-05-20 00:00:00', NULL, 1),
(139, '11237', 'eyJpdiI6IktFQWRPTFdWRjBkRzRuR2hUSlwvV1hBPT0iLCJ2YWx1ZSI6Iktza04wQytPRnlLbmRETWJHQmdxaHc9PSIsIm1hYyI6IjExMTAzMTU4YjY3MDQzMDA4NjI2NjZjZDNiYjlmNzJkYmY2N2JiYmZlZjQwODVmMzE2ZjUxMWMwYjYyMmM1ZjcifQ==', 'JESUS', 'ANTONIO', 'ROJAS', 'CRUZ', '1984-07-18 00:00:00', 40, 16, 1131, NULL, '2016-05-20 00:00:00', NULL, 1),
(140, '10508', 'eyJpdiI6IktFQWRPTFdWRjBkRzRuR2hUSlwvV1hBPT0iLCJ2YWx1ZSI6Iktza04wQytPRnlLbmRETWJHQmdxaHc9PSIsIm1hYyI6IjExMTAzMTU4YjY3MDQzMDA4NjI2NjZjZDNiYjlmNzJkYmY2N2JiYmZlZjQwODVmMzE2ZjUxMWMwYjYyMmM1ZjcifQ==', 'FREDY', 'SAMUEL', 'BAUTISTA', 'VILLEGAS', '1950-05-14 00:00:00', 18, 17, 1131, NULL, '2005-08-01 00:00:00', NULL, 1),
(141, '10689', 'eyJpdiI6IktFQWRPTFdWRjBkRzRuR2hUSlwvV1hBPT0iLCJ2YWx1ZSI6Iktza04wQytPRnlLbmRETWJHQmdxaHc9PSIsIm1hYyI6IjExMTAzMTU4YjY3MDQzMDA4NjI2NjZjZDNiYjlmNzJkYmY2N2JiYmZlZjQwODVmMzE2ZjUxMWMwYjYyMmM1ZjcifQ==', 'ELLEN', 'KATIUSKA', 'FUENTES', 'RIOS', '1966-03-16 00:00:00', 33, 18, 1131, NULL, '2007-02-26 00:00:00', NULL, 1),
(142, '11451', 'eyJpdiI6IktFQWRPTFdWRjBkRzRuR2hUSlwvV1hBPT0iLCJ2YWx1ZSI6Iktza04wQytPRnlLbmRETWJHQmdxaHc9PSIsIm1hYyI6IjExMTAzMTU4YjY3MDQzMDA4NjI2NjZjZDNiYjlmNzJkYmY2N2JiYmZlZjQwODVmMzE2ZjUxMWMwYjYyMmM1ZjcifQ==', 'BARBARA', 'CAROLINA', 'ZAMBRANO', 'AGUINALDE', '1996-11-19 00:00:00', 6, 18, 1131, NULL, '2018-08-01 00:00:00', NULL, 1),
(143, '11476', 'eyJpdiI6IktFQWRPTFdWRjBkRzRuR2hUSlwvV1hBPT0iLCJ2YWx1ZSI6Iktza04wQytPRnlLbmRETWJHQmdxaHc9PSIsIm1hYyI6IjExMTAzMTU4YjY3MDQzMDA4NjI2NjZjZDNiYjlmNzJkYmY2N2JiYmZlZjQwODVmMzE2ZjUxMWMwYjYyMmM1ZjcifQ==', 'MARY', '', 'CRUZ', 'SALAZAR', '1989-09-20 00:00:00', 12, 18, 1131, NULL, '2018-12-03 00:00:00', NULL, 1),
(144, '10863', 'eyJpdiI6IlVqUXNkY0JObmVKTTRKMEZZZ1BMVUE9PSIsInZhbHVlIjoiOHJKUVJBdXRJK09WQTFwVWFSMGNYQT09IiwibWFjIjoiNjRkYTVjMWYzMGU1NzcyN2NkMWUwZTlmMjkzNjI2ODA1MTcwYmNjN2ExYTc3NDE5OTc1M2NiNmNkNzZmNzZlYyJ9', 'SERGIO', 'FREDDYS', 'MÁRQUEZ', 'TOVAR', '1971-12-31 00:00:00', 16, 16, 1131, NULL, '2013-05-02 00:00:00', NULL, 1),
(145, '29', 'eyJpdiI6IjlKR3pOd2RDNnVNTEdjcjN4OUljWnc9PSIsInZhbHVlIjoiNUtWbkRoOUZMZzFTQm13N0RuNGNYQT09IiwibWFjIjoiMWU1NTdiOGUwYTZiMzMzNDc5YjhmOTZiM2M1ZWQzMjE2Zjk3YTExOGU0MTRkZDI4ZGJkNTBkNmY4MGRiNjk5ZCJ9', 'NELSON', 'JOSE', 'MARCANO', '', '1969-09-20 00:00:00', 16, 16, 1131, NULL, '2000-10-26 00:00:00', NULL, 1),
(146, '5002', 'eyJpdiI6IjErN3lGaGJCQlU1em1NNHJ0cjAybmc9PSIsInZhbHVlIjoiSVI4V1ZZUVI2TXdWdnU4b1EyNllyQT09IiwibWFjIjoiMjg2MDJjNzRkMzFjYWVmZTU3NmRmZTVjOWY2NDI3NzRiMmMxYWQ1NzNlZTc3MjViNThhNzFjZjg4NWEyZGRlMCJ9', 'SAMUEL', 'ALEJANDRO', 'MARQUEZ', 'TOVAR', '1966-06-26 00:00:00', 16, 16, 1131, NULL, '1999-07-01 00:00:00', NULL, 1),
(147, '5014', 'eyJpdiI6ImZ2WVNjVThIdFRRVDF6UmNCakc2QUE9PSIsInZhbHVlIjoiOW1aNm56aHUrcDFUKzJxTVVKRXB5dz09IiwibWFjIjoiYWNiNzY2MWFkNjY0ZjNhN2NkZTAwNTIwYmVlMWE4NTY2MjMxYmI3MmEyNDcyZTRlMzcyMWYyYTE2ZDAxZDUzZCJ9', 'ANTONIO', 'JOSE', 'DUGARTE', 'LOBO', '1964-07-23 00:00:00', 16, 16, 1131, NULL, '2011-03-16 00:00:00', NULL, 1),
(148, '107', 'eyJpdiI6IkNoZzUwN1hFTmdXVkhWcjBLTUJtQWc9PSIsInZhbHVlIjoidDNUeGpiaWRhWUlHM2hDVkZEK2dmZz09IiwibWFjIjoiODQzNTQyNGFkMDE0NmFkOWUyYzMwZmZlMzA2OWU4NTE4YmVmNDkyZjkzOTRlM2U5ZTA4ZjI3ZTk1MGY3Y2UxMyJ9', 'MIRNANGELA', 'LARISKA', 'SALAYA', 'GARCIA', '1977-11-08 00:00:00', 16, 16, 1131, NULL, '2000-08-08 00:00:00', NULL, 1),
(149, '5003', 'eyJpdiI6InJXeVMwWStQYkNNdytVaFd5UjVETFE9PSIsInZhbHVlIjoiM002N05WYm1TM1JnWEVKdGVQXC9UcHc9PSIsIm1hYyI6IjQyMzM5ZTYwYjA1ZmRiZmJlYjBmMzgzMDhiMThlN2VjNmEwODY0MjA1NDdjYWNiMTdkZTNhM2RjNWY5ZjEwNmUifQ==', 'JOSE', 'NICOLAS', 'MARQUEZ', 'CEJAS', '1962-02-11 00:00:00', 16, 16, 1131, NULL, '2007-08-01 00:00:00', NULL, 1),
(150, '5007', 'eyJpdiI6IjlhK1daXC9iZzNUeGxtb3g1MDkxa01BPT0iLCJ2YWx1ZSI6IndGUUw4SEJIdEx2eXVOVE9oQlRqMnc9PSIsIm1hYyI6Ijg4NDA0YWRhNDJlMzZmMjdmMTI2Y2UzMTRiNWJmNGM0ZmIxOTU1NWM2YWI2NzhjZDk1ZTU2NDE1N2I5ZTIyODIifQ==', 'FREDDY', 'FRANCISCO', 'PERDOMO', '', '1949-05-17 00:00:00', 16, 16, 1131, NULL, '2008-08-01 00:00:00', NULL, 1),
(151, '6146', 'eyJpdiI6InNzY0g1S0g5b0JTUkdPNitaZU1GcGc9PSIsInZhbHVlIjoiWWd1eHZvQ1N5YXE1TWxYbE9MMndBQT09IiwibWFjIjoiNjBiNDZjN2YzNTc0ZGE1MTI4NGViNTA3ZjYwMzE2MDIzMzdhZDQ4NGIwNGJiMjQzMzBmZTcyZTJjOWE2OWIxNyJ9', 'ROBISON', 'JOSE', 'ARANGUREN', 'MAESTRE', '1970-11-15 00:00:00', 16, 16, 1131, NULL, '2019-09-02 00:00:00', NULL, 1),
(152, '6128', 'eyJpdiI6IlV6MU8zaWFCVWRXYTRNOWFSd25ib1E9PSIsInZhbHVlIjoiNHYyT0ZnZCtiVVFUU0R4SElIaTU1dz09IiwibWFjIjoiZTg4YzkxMWMwNTk5MGVlODk5ZDYwNWQ2MzRmMjdjNzBhZTZiZDMxNzQ1YjdjYjZkMWVhYjAwY2Q3MmZjYjEyNCJ9', 'JOSE', 'ANTONIO', 'ECKER', 'RANGEL', '1968-10-19 00:00:00', 16, 16, 1131, NULL, '2018-07-02 00:00:00', NULL, 1),
(153, '6145', 'eyJpdiI6Iklmb1E5dEUzZ0I5UVk3WDVCUzhFTHc9PSIsInZhbHVlIjoiWGRLZDRlOHF0MUZkdzIzMmFINEwxQT09IiwibWFjIjoiNjA5NWFkYTU1MDlmOTI0ZWU5ODEyYTZiZGMzZTRmODVmNGU3N2QzODE1NmNlMGNlNWEzNzc1NGRhZDE2OTRiNCJ9', 'JHON', 'EDUARDO', 'RONDON', 'BARRERA', '1969-08-19 00:00:00', 1, 1, 648, NULL, '2019-08-14 00:00:00', NULL, 1);

--
-- Disparadores `tbl_usuario`
--
DELIMITER $$
CREATE TRIGGER `tbl_usuario_AI` AFTER INSERT ON `tbl_usuario` FOR EACH ROW INSERT INTO logs.tbl_usuario(codigo, nombre_1_nuevo, nombre_2_nuevo, apellido_1_nuevo, apellido_2_nuevo, fecha_nacimiento_nuevo, id_cargo_nuevo, id_division_nuevo, id_parroquia_nuevo, fecha_ingreso_nuevo, id_estatus_nuevo) VALUES (NEW.codigo, NEW.nombre_1, NEW.nombre_2, NEW.apellido_1, NEW.apellido_2, NEW.fecha_nacimiento, NEW.id_cargo, NEW.id_division, NEW.id_parroquia, NEW.fecha_ingreso, NEW.id_estatus)
$$
DELIMITER ;
DELIMITER $$
CREATE TRIGGER `tbl_usuario_BU` BEFORE UPDATE ON `tbl_usuario` FOR EACH ROW INSERT INTO logs.tbl_usuario(codigo, nombre_1, nombre_2, apellido_1, apellido_2, fecha_nacimiento, id_cargo, id_division, id_parroquia, fecha_ingreso, fecha_egreso, id_estatus,  nombre_1_nuevo, nombre_2_nuevo, apellido_1_nuevo, apellido_2_nuevo, fecha_nacimiento_nuevo, id_cargo_nuevo, id_division_nuevo, id_parroquia_nuevo, fecha_ingreso_nuevo, fecha_egreso_nuevo, id_estatus_nuevo) VALUES (NEW.codigo, OLD.nombre_1, OLD.nombre_2, OLD.apellido_1, OLD.apellido_2, OLD.fecha_nacimiento, OLD.id_cargo, OLD.id_division, OLD.id_parroquia, OLD.fecha_ingreso, OLD.fecha_egreso, OLD.id_estatus, NEW.nombre_1, NEW.nombre_2, NEW.apellido_1, NEW.apellido_2, NEW.fecha_nacimiento, NEW.id_cargo, NEW.id_division, NEW.id_parroquia, NEW.fecha_ingreso, NEW.fecha_egreso, NEW.id_estatus)
$$
DELIMITER ;

-- --------------------------------------------------------

--
-- Estructura de tabla para la tabla `tbl_usuario_documento_identidad`
--

CREATE TABLE `tbl_usuario_documento_identidad` (
  `id` int(11) NOT NULL,
  `id_usuario` int(11) NOT NULL,
  `id_tipo_documento_identidad` int(11) NOT NULL,
  `documento` varchar(10) COLLATE utf8mb4_unicode_ci NOT NULL
) ENGINE=InnoDB DEFAULT CHARSET=utf8mb4 COLLATE=utf8mb4_unicode_ci;

--
-- Volcado de datos para la tabla `tbl_usuario_documento_identidad`
--

INSERT INTO `tbl_usuario_documento_identidad` (`id`, `id_usuario`, `id_tipo_documento_identidad`, `documento`) VALUES
(1, 1, 1, '17671373'),
(2, 2, 1, '10380904'),
(3, 3, 1, '14451068'),
(4, 4, 1, '5597044'),
(5, 5, 1, '6550673'),
(6, 6, 1, '16430295'),
(7, 7, 1, '4166638'),
(8, 8, 1, '13161322'),
(9, 9, 1, '15394238'),
(10, 10, 1, '18934893'),
(11, 11, 1, '19227558'),
(12, 12, 1, '22025009'),
(13, 13, 1, '18760647'),
(14, 14, 1, '21281041'),
(15, 15, 1, '19156081'),
(16, 16, 1, '22904461'),
(17, 17, 1, '20756114'),
(18, 18, 1, '21582423'),
(19, 19, 1, '25304811'),
(20, 20, 1, '19852149'),
(21, 21, 1, '17693239'),
(22, 22, 1, '25518550'),
(23, 23, 1, '24314826'),
(24, 24, 1, '22964636'),
(25, 25, 1, '26774496'),
(26, 26, 1, '21131036'),
(27, 27, 1, '13950180'),
(28, 28, 1, '9968146'),
(29, 29, 1, '15074166'),
(30, 30, 1, '25839093'),
(31, 31, 1, '24205870'),
(32, 32, 1, '15040556'),
(33, 33, 1, '7884245'),
(34, 34, 1, '12749844'),
(35, 35, 1, '25231809'),
(36, 36, 1, '15235084'),
(37, 37, 1, '20114596'),
(38, 38, 1, '16661412'),
(39, 39, 2, '83024489'),
(40, 40, 1, '16316832'),
(41, 41, 1, '25504426'),
(42, 42, 1, '26252073'),
(43, 43, 1, '25327986'),
(44, 44, 1, '21115694'),
(45, 45, 1, '25533060'),
(46, 46, 1, '25037878'),
(47, 47, 1, '23817163'),
(48, 48, 1, '18329799'),
(49, 49, 1, '12067262'),
(50, 50, 1, '20229883'),
(51, 51, 1, '18366468'),
(52, 52, 1, '25019411'),
(53, 53, 1, '10801033'),
(54, 54, 1, '18898447'),
(55, 55, 1, '30776341'),
(56, 56, 1, '11072019'),
(57, 57, 1, '15759106'),
(58, 58, 1, '12377736'),
(59, 59, 1, '23607795'),
(60, 60, 1, '20780395'),
(61, 61, 1, '6730914'),
(62, 62, 1, '24367675'),
(63, 63, 1, '21090653'),
(64, 64, 1, '24981788'),
(65, 65, 1, '25203717'),
(66, 66, 1, '25367199'),
(67, 67, 1, '9961190'),
(68, 68, 1, '17498402'),
(69, 69, 1, '13586696'),
(70, 70, 1, '24999590'),
(71, 71, 1, '20629350'),
(72, 72, 1, '22350446'),
(73, 73, 1, '17482637'),
(74, 74, 1, '26217602'),
(75, 75, 1, '20026779'),
(76, 76, 1, '6310314'),
(77, 77, 1, '19185045'),
(78, 78, 1, '11899658'),
(79, 79, 1, '26396073'),
(80, 80, 1, '6868874'),
(81, 81, 1, '20638141'),
(82, 82, 1, '16472039'),
(83, 83, 1, '19966508'),
(84, 84, 1, '6168455'),
(85, 85, 1, '12831730'),
(86, 86, 1, '7219655'),
(87, 87, 1, '21283384'),
(88, 88, 1, '14048174'),
(89, 89, 1, '26902642'),
(90, 90, 1, '24723575'),
(91, 91, 1, '18485819'),
(92, 92, 1, '2898759'),
(93, 93, 1, '12161715'),
(94, 94, 1, '6793120'),
(95, 95, 1, '15574739'),
(96, 96, 1, '6243475'),
(97, 97, 1, '6270987'),
(98, 98, 1, '16512408'),
(99, 99, 1, '18460301'),
(100, 100, 1, '6294031'),
(101, 101, 1, '11487234'),
(102, 102, 1, '17139681'),
(103, 103, 1, '19581420'),
(104, 104, 1, '26911669'),
(105, 105, 1, '10812350'),
(106, 106, 1, '6182144'),
(107, 107, 1, '16461316'),
(108, 108, 1, '18406483'),
(109, 109, 1, '20493477'),
(110, 110, 1, '22041443'),
(111, 111, 1, '14742504'),
(112, 112, 1, '16413136'),
(113, 113, 1, '28484899'),
(114, 114, 1, '25209317'),
(115, 115, 1, '13884698'),
(116, 116, 1, '5597900'),
(117, 117, 1, '27120587'),
(118, 118, 1, '18190765'),
(119, 119, 1, '22776760'),
(120, 120, 1, '6009195'),
(121, 121, 1, '19371690'),
(122, 122, 1, '10178751'),
(123, 123, 1, '5894672'),
(124, 124, 1, '4085309'),
(125, 125, 1, '3979230'),
(126, 126, 1, '6826643'),
(127, 127, 1, '6823443'),
(128, 128, 1, '24069076'),
(129, 129, 1, '14471989'),
(130, 130, 1, '3157447'),
(131, 131, 1, '26282952'),
(132, 132, 1, '27344553'),
(133, 133, 1, '25915845'),
(134, 134, 1, '13823055'),
(135, 135, 1, '15150576'),
(136, 136, 1, '25225060'),
(137, 137, 1, '19753133'),
(138, 138, 1, '10351263'),
(139, 139, 1, '16474809'),
(140, 140, 1, '3180748'),
(141, 141, 1, '8957263'),
(142, 142, 1, '26332830'),
(143, 143, 1, '18514042'),
(144, 144, 1, '10785418'),
(145, 145, 1, '10199496'),
(146, 146, 1, '6155020'),
(147, 147, 1, '6848046'),
(148, 148, 1, '12563973'),
(149, 149, 1, '6469179'),
(150, 150, 1, '3627393'),
(151, 151, 1, '10793321'),
(152, 152, 1, '7927670'),
(153, 153, 1, '633451');

--
-- Disparadores `tbl_usuario_documento_identidad`
--
DELIMITER $$
CREATE TRIGGER `tbl_usuario_documento_identidad_AI` AFTER INSERT ON `tbl_usuario_documento_identidad` FOR EACH ROW BEGIN
SET @usu = (SELECT id FROM logs.tbl_usuario ORDER BY id DESC LIMIT 1);
  	UPDATE logs.tbl_usuario SET cedula_nuevo = NEW.documento WHERE id = @usu;
END
$$
DELIMITER ;
DELIMITER $$
CREATE TRIGGER `tbl_usuario_documento_identidad_BU` BEFORE UPDATE ON `tbl_usuario_documento_identidad` FOR EACH ROW BEGIN
SET @usu = (SELECT id FROM logs.tbl_usuario ORDER BY id DESC LIMIT 1);
  	UPDATE logs.tbl_usuario SET cedula_nuevo = NEW.documento, cedula = old.documento WHERE id = @usu;
END
$$
DELIMITER ;

--
-- Índices para tablas volcadas
--

--
-- Indices de la tabla `logs_auditoria`
--
ALTER TABLE `logs_auditoria`
  ADD PRIMARY KEY (`id`);

--
-- Indices de la tabla `tbl_cargo_empleado`
--
ALTER TABLE `tbl_cargo_empleado`
  ADD PRIMARY KEY (`id`);

--
-- Indices de la tabla `tbl_cargo_supervisa`
--
ALTER TABLE `tbl_cargo_supervisa`
  ADD PRIMARY KEY (`id`),
  ADD KEY `id_cargo` (`id_cargo`),
  ADD KEY `id_cargo_supervisor` (`id_cargo_supervisor`);

--
-- Indices de la tabla `tbl_cliente`
--
ALTER TABLE `tbl_cliente`
  ADD PRIMARY KEY (`id`);

--
-- Indices de la tabla `tbl_cliente_facturacion`
--
ALTER TABLE `tbl_cliente_facturacion`
  ADD PRIMARY KEY (`id`),
  ADD KEY `id_cliente` (`id_cliente`);

--
-- Indices de la tabla `tbl_concepto_factura`
--
ALTER TABLE `tbl_concepto_factura`
  ADD PRIMARY KEY (`id`),
  ADD KEY `id_tipo_concepto_factura` (`id_tipo_concepto_factura`);

--
-- Indices de la tabla `tbl_concepto_horas_no_cargables`
--
ALTER TABLE `tbl_concepto_horas_no_cargables`
  ADD PRIMARY KEY (`id`);

--
-- Indices de la tabla `tbl_configuracion`
--
ALTER TABLE `tbl_configuracion`
  ADD PRIMARY KEY (`id`);

--
-- Indices de la tabla `tbl_contacto_usuario`
--
ALTER TABLE `tbl_contacto_usuario`
  ADD PRIMARY KEY (`id`),
  ADD KEY `id_usuario` (`id_usuario`);

--
-- Indices de la tabla `tbl_division`
--
ALTER TABLE `tbl_division`
  ADD PRIMARY KEY (`id`);

--
-- Indices de la tabla `tbl_estados`
--
ALTER TABLE `tbl_estados`
  ADD PRIMARY KEY (`id`);

--
-- Indices de la tabla `tbl_estatus`
--
ALTER TABLE `tbl_estatus`
  ADD PRIMARY KEY (`id`);

--
-- Indices de la tabla `tbl_factura_proyecto`
--
ALTER TABLE `tbl_factura_proyecto`
  ADD PRIMARY KEY (`id`),
  ADD KEY `id_concepto_factura` (`id_concepto_factura`),
  ADD KEY `id_proyecto` (`id_proyecto`);

--
-- Indices de la tabla `tbl_horas_cargables`
--
ALTER TABLE `tbl_horas_cargables`
  ADD PRIMARY KEY (`id`),
  ADD KEY `id_proy_analista` (`id_proy_analista`);

--
-- Indices de la tabla `tbl_horas_no_cargables`
--
ALTER TABLE `tbl_horas_no_cargables`
  ADD PRIMARY KEY (`id`),
  ADD KEY `id_concepto` (`id_concepto`),
  ADD KEY `id_usuario` (`id_usuario`),
  ADD KEY `aprobado_por` (`aprobado_por`),
  ADD KEY `id_division` (`id_division`);

--
-- Indices de la tabla `tbl_menu`
--
ALTER TABLE `tbl_menu`
  ADD PRIMARY KEY (`id`);

--
-- Indices de la tabla `tbl_menu_usuario`
--
ALTER TABLE `tbl_menu_usuario`
  ADD PRIMARY KEY (`id`),
  ADD KEY `id_menu` (`id_menu`),
  ADD KEY `id_usuario` (`id_usuario`);

--
-- Indices de la tabla `tbl_monedas`
--
ALTER TABLE `tbl_monedas`
  ADD PRIMARY KEY (`id`);

--
-- Indices de la tabla `tbl_municipios`
--
ALTER TABLE `tbl_municipios`
  ADD PRIMARY KEY (`id`),
  ADD KEY `id_estado` (`id_estado`);

--
-- Indices de la tabla `tbl_parroquias`
--
ALTER TABLE `tbl_parroquias`
  ADD PRIMARY KEY (`id`),
  ADD KEY `id_municipio` (`id_municipio`);

--
-- Indices de la tabla `tbl_proyecto`
--
ALTER TABLE `tbl_proyecto`
  ADD PRIMARY KEY (`id`);

--
-- Indices de la tabla `tbl_proyecto_analista`
--
ALTER TABLE `tbl_proyecto_analista`
  ADD PRIMARY KEY (`id`),
  ADD KEY `id_proyecto` (`id_proyecto`);

--
-- Indices de la tabla `tbl_proyecto_divisiones`
--
ALTER TABLE `tbl_proyecto_divisiones`
  ADD PRIMARY KEY (`id`),
  ADD KEY `id_division` (`id_division`),
  ADD KEY `id_proyecto` (`id_proyecto`);

--
-- Indices de la tabla `tbl_tipo_concepto_factura`
--
ALTER TABLE `tbl_tipo_concepto_factura`
  ADD PRIMARY KEY (`id`);

--
-- Indices de la tabla `tbl_tipo_contacto`
--
ALTER TABLE `tbl_tipo_contacto`
  ADD PRIMARY KEY (`id`);

--
-- Indices de la tabla `tbl_tipo_documento_identidad`
--
ALTER TABLE `tbl_tipo_documento_identidad`
  ADD PRIMARY KEY (`id`);

--
-- Indices de la tabla `tbl_usuario`
--
ALTER TABLE `tbl_usuario`
  ADD PRIMARY KEY (`id`),
  ADD KEY `id_cargo` (`id_cargo`),
  ADD KEY `id_division` (`id_division`),
  ADD KEY `id_parroquia` (`id_parroquia`);

--
-- Indices de la tabla `tbl_usuario_documento_identidad`
--
ALTER TABLE `tbl_usuario_documento_identidad`
  ADD PRIMARY KEY (`id`),
  ADD KEY `id_usuario` (`id_usuario`),
  ADD KEY `id_tipo_documento_identidad` (`id_tipo_documento_identidad`);

--
-- AUTO_INCREMENT de las tablas volcadas
--

--
-- AUTO_INCREMENT de la tabla `logs_auditoria`
--
ALTER TABLE `logs_auditoria`
  MODIFY `id` int(11) NOT NULL AUTO_INCREMENT, AUTO_INCREMENT=194;

--
-- AUTO_INCREMENT de la tabla `tbl_cargo_empleado`
--
ALTER TABLE `tbl_cargo_empleado`
  MODIFY `id` int(11) NOT NULL AUTO_INCREMENT, AUTO_INCREMENT=43;

--
-- AUTO_INCREMENT de la tabla `tbl_cargo_supervisa`
--
ALTER TABLE `tbl_cargo_supervisa`
  MODIFY `id` int(11) NOT NULL AUTO_INCREMENT, AUTO_INCREMENT=289;

--
-- AUTO_INCREMENT de la tabla `tbl_cliente`
--
ALTER TABLE `tbl_cliente`
  MODIFY `id` int(11) NOT NULL AUTO_INCREMENT, AUTO_INCREMENT=111;

--
-- AUTO_INCREMENT de la tabla `tbl_cliente_facturacion`
--
ALTER TABLE `tbl_cliente_facturacion`
  MODIFY `id` bigint(20) UNSIGNED NOT NULL AUTO_INCREMENT;

--
-- AUTO_INCREMENT de la tabla `tbl_concepto_factura`
--
ALTER TABLE `tbl_concepto_factura`
  MODIFY `id` int(11) NOT NULL AUTO_INCREMENT, AUTO_INCREMENT=6;

--
-- AUTO_INCREMENT de la tabla `tbl_concepto_horas_no_cargables`
--
ALTER TABLE `tbl_concepto_horas_no_cargables`
  MODIFY `id` int(11) NOT NULL AUTO_INCREMENT, AUTO_INCREMENT=16;

--
-- AUTO_INCREMENT de la tabla `tbl_configuracion`
--
ALTER TABLE `tbl_configuracion`
  MODIFY `id` int(11) NOT NULL AUTO_INCREMENT, AUTO_INCREMENT=3;

--
-- AUTO_INCREMENT de la tabla `tbl_contacto_usuario`
--
ALTER TABLE `tbl_contacto_usuario`
  MODIFY `id` int(11) NOT NULL AUTO_INCREMENT, AUTO_INCREMENT=154;

--
-- AUTO_INCREMENT de la tabla `tbl_division`
--
ALTER TABLE `tbl_division`
  MODIFY `id` int(11) NOT NULL AUTO_INCREMENT, AUTO_INCREMENT=20;

--
-- AUTO_INCREMENT de la tabla `tbl_estados`
--
ALTER TABLE `tbl_estados`
  MODIFY `id` int(11) NOT NULL AUTO_INCREMENT, AUTO_INCREMENT=26;

--
-- AUTO_INCREMENT de la tabla `tbl_estatus`
--
ALTER TABLE `tbl_estatus`
  MODIFY `id` int(11) NOT NULL AUTO_INCREMENT, AUTO_INCREMENT=27;

--
-- AUTO_INCREMENT de la tabla `tbl_factura_proyecto`
--
ALTER TABLE `tbl_factura_proyecto`
  MODIFY `id` int(11) NOT NULL AUTO_INCREMENT;

--
-- AUTO_INCREMENT de la tabla `tbl_horas_cargables`
--
ALTER TABLE `tbl_horas_cargables`
  MODIFY `id` int(11) NOT NULL AUTO_INCREMENT, AUTO_INCREMENT=1741;

--
-- AUTO_INCREMENT de la tabla `tbl_horas_no_cargables`
--
ALTER TABLE `tbl_horas_no_cargables`
  MODIFY `id` int(11) NOT NULL AUTO_INCREMENT, AUTO_INCREMENT=10;

--
-- AUTO_INCREMENT de la tabla `tbl_menu`
--
ALTER TABLE `tbl_menu`
  MODIFY `id` int(11) NOT NULL AUTO_INCREMENT, AUTO_INCREMENT=17;

--
-- AUTO_INCREMENT de la tabla `tbl_menu_usuario`
--
ALTER TABLE `tbl_menu_usuario`
  MODIFY `id` int(11) NOT NULL AUTO_INCREMENT, AUTO_INCREMENT=384;

--
-- AUTO_INCREMENT de la tabla `tbl_monedas`
--
ALTER TABLE `tbl_monedas`
  MODIFY `id` int(11) NOT NULL AUTO_INCREMENT, AUTO_INCREMENT=4;

--
-- AUTO_INCREMENT de la tabla `tbl_municipios`
--
ALTER TABLE `tbl_municipios`
  MODIFY `id` int(11) NOT NULL AUTO_INCREMENT, AUTO_INCREMENT=463;

--
-- AUTO_INCREMENT de la tabla `tbl_parroquias`
--
ALTER TABLE `tbl_parroquias`
  MODIFY `id` int(11) NOT NULL AUTO_INCREMENT, AUTO_INCREMENT=1139;

--
-- AUTO_INCREMENT de la tabla `tbl_proyecto`
--
ALTER TABLE `tbl_proyecto`
  MODIFY `id` int(11) NOT NULL AUTO_INCREMENT, AUTO_INCREMENT=32;

--
-- AUTO_INCREMENT de la tabla `tbl_proyecto_analista`
--
ALTER TABLE `tbl_proyecto_analista`
  MODIFY `id` int(10) UNSIGNED NOT NULL AUTO_INCREMENT, AUTO_INCREMENT=121;

--
-- AUTO_INCREMENT de la tabla `tbl_proyecto_divisiones`
--
ALTER TABLE `tbl_proyecto_divisiones`
  MODIFY `id` int(11) NOT NULL AUTO_INCREMENT, AUTO_INCREMENT=42;

--
-- AUTO_INCREMENT de la tabla `tbl_tipo_concepto_factura`
--
ALTER TABLE `tbl_tipo_concepto_factura`
  MODIFY `id` int(11) NOT NULL AUTO_INCREMENT, AUTO_INCREMENT=4;

--
-- AUTO_INCREMENT de la tabla `tbl_tipo_contacto`
--
ALTER TABLE `tbl_tipo_contacto`
  MODIFY `id` int(11) NOT NULL AUTO_INCREMENT, AUTO_INCREMENT=4;

--
-- AUTO_INCREMENT de la tabla `tbl_tipo_documento_identidad`
--
ALTER TABLE `tbl_tipo_documento_identidad`
  MODIFY `id` int(11) NOT NULL AUTO_INCREMENT, AUTO_INCREMENT=3;

--
-- AUTO_INCREMENT de la tabla `tbl_usuario`
--
ALTER TABLE `tbl_usuario`
  MODIFY `id` int(11) NOT NULL AUTO_INCREMENT, AUTO_INCREMENT=154;

--
-- AUTO_INCREMENT de la tabla `tbl_usuario_documento_identidad`
--
ALTER TABLE `tbl_usuario_documento_identidad`
  MODIFY `id` int(11) NOT NULL AUTO_INCREMENT, AUTO_INCREMENT=154;

--
-- Restricciones para tablas volcadas
--

--
-- Filtros para la tabla `tbl_cargo_supervisa`
--
ALTER TABLE `tbl_cargo_supervisa`
  ADD CONSTRAINT `tbl_cargo_supervisa_ibfk_1` FOREIGN KEY (`id_cargo`) REFERENCES `tbl_cargo_empleado` (`id`) ON DELETE RESTRICT ON UPDATE RESTRICT,
  ADD CONSTRAINT `tbl_cargo_supervisa_ibfk_2` FOREIGN KEY (`id_cargo_supervisor`) REFERENCES `tbl_cargo_empleado` (`id`) ON DELETE RESTRICT ON UPDATE RESTRICT;

--
-- Filtros para la tabla `tbl_cliente_facturacion`
--
ALTER TABLE `tbl_cliente_facturacion`
  ADD CONSTRAINT `tbl_cliente_facturacion_ibfk_1` FOREIGN KEY (`id_cliente`) REFERENCES `tbl_cliente` (`id`) ON DELETE RESTRICT ON UPDATE RESTRICT;

--
-- Filtros para la tabla `tbl_concepto_factura`
--
ALTER TABLE `tbl_concepto_factura`
  ADD CONSTRAINT `tbl_concepto_factura_ibfk_1` FOREIGN KEY (`id_tipo_concepto_factura`) REFERENCES `tbl_tipo_concepto_factura` (`id`) ON DELETE RESTRICT ON UPDATE RESTRICT;

--
-- Filtros para la tabla `tbl_contacto_usuario`
--
ALTER TABLE `tbl_contacto_usuario`
  ADD CONSTRAINT `FK_ID_USUARIO` FOREIGN KEY (`id_usuario`) REFERENCES `tbl_usuario` (`id`);

--
-- Filtros para la tabla `tbl_factura_proyecto`
--
ALTER TABLE `tbl_factura_proyecto`
  ADD CONSTRAINT `tbl_factura_proyecto_ibfk_1` FOREIGN KEY (`id_concepto_factura`) REFERENCES `tbl_concepto_factura` (`id`) ON DELETE RESTRICT ON UPDATE RESTRICT,
  ADD CONSTRAINT `tbl_factura_proyecto_ibfk_2` FOREIGN KEY (`id_proyecto`) REFERENCES `tbl_proyecto` (`id`) ON DELETE RESTRICT ON UPDATE RESTRICT;

--
-- Filtros para la tabla `tbl_horas_cargables`
--
ALTER TABLE `tbl_horas_cargables`
  ADD CONSTRAINT `tbl_horas_cargables_ibfk_1` FOREIGN KEY (`id_proy_analista`) REFERENCES `tbl_usuario` (`id`) ON DELETE RESTRICT ON UPDATE RESTRICT;

--
-- Filtros para la tabla `tbl_horas_no_cargables`
--
ALTER TABLE `tbl_horas_no_cargables`
  ADD CONSTRAINT `tbl_horas_no_cargables_ibfk_1` FOREIGN KEY (`id_concepto`) REFERENCES `tbl_concepto_horas_no_cargables` (`id`) ON DELETE RESTRICT ON UPDATE RESTRICT,
  ADD CONSTRAINT `tbl_horas_no_cargables_ibfk_2` FOREIGN KEY (`id_usuario`) REFERENCES `tbl_usuario` (`id`) ON DELETE RESTRICT ON UPDATE RESTRICT,
  ADD CONSTRAINT `tbl_horas_no_cargables_ibfk_3` FOREIGN KEY (`aprobado_por`) REFERENCES `tbl_usuario` (`id`) ON DELETE RESTRICT ON UPDATE RESTRICT,
  ADD CONSTRAINT `tbl_horas_no_cargables_ibfk_4` FOREIGN KEY (`id_division`) REFERENCES `tbl_division` (`id`) ON DELETE RESTRICT ON UPDATE RESTRICT;

--
-- Filtros para la tabla `tbl_menu_usuario`
--
ALTER TABLE `tbl_menu_usuario`
  ADD CONSTRAINT `tbl_menu_usuario_ibfk_1` FOREIGN KEY (`id_menu`) REFERENCES `tbl_menu` (`id`),
  ADD CONSTRAINT `tbl_menu_usuario_ibfk_2` FOREIGN KEY (`id_usuario`) REFERENCES `tbl_usuario` (`id`);

--
-- Filtros para la tabla `tbl_municipios`
--
ALTER TABLE `tbl_municipios`
  ADD CONSTRAINT `tbl_municipios_ibfk_1` FOREIGN KEY (`id_estado`) REFERENCES `tbl_estados` (`id`) ON DELETE CASCADE ON UPDATE CASCADE;

--
-- Filtros para la tabla `tbl_parroquias`
--
ALTER TABLE `tbl_parroquias`
  ADD CONSTRAINT `tbl_parroquias_ibfk_1` FOREIGN KEY (`id_municipio`) REFERENCES `tbl_municipios` (`id`) ON DELETE CASCADE ON UPDATE CASCADE;

--
-- Filtros para la tabla `tbl_proyecto_analista`
--
ALTER TABLE `tbl_proyecto_analista`
  ADD CONSTRAINT `tbl_proyecto_analista_ibfk_1` FOREIGN KEY (`id_proyecto`) REFERENCES `tbl_proyecto` (`id`) ON DELETE RESTRICT ON UPDATE RESTRICT;

--
-- Filtros para la tabla `tbl_proyecto_divisiones`
--
ALTER TABLE `tbl_proyecto_divisiones`
  ADD CONSTRAINT `tbl_proyecto_divisiones_ibfk_1` FOREIGN KEY (`id_division`) REFERENCES `tbl_division` (`id`),
  ADD CONSTRAINT `tbl_proyecto_divisiones_ibfk_2` FOREIGN KEY (`id_proyecto`) REFERENCES `tbl_proyecto` (`id`);

--
-- Filtros para la tabla `tbl_usuario`
--
ALTER TABLE `tbl_usuario`
  ADD CONSTRAINT `tbl_usuario_ibfk_1` FOREIGN KEY (`id_cargo`) REFERENCES `tbl_cargo_empleado` (`id`),
  ADD CONSTRAINT `tbl_usuario_ibfk_2` FOREIGN KEY (`id_division`) REFERENCES `tbl_division` (`id`),
  ADD CONSTRAINT `tbl_usuario_ibfk_3` FOREIGN KEY (`id_parroquia`) REFERENCES `tbl_parroquias` (`id`);

--
-- Filtros para la tabla `tbl_usuario_documento_identidad`
--
ALTER TABLE `tbl_usuario_documento_identidad`
  ADD CONSTRAINT `tbl_usuario_documento_identidad_ibfk_1` FOREIGN KEY (`id_usuario`) REFERENCES `tbl_usuario` (`id`) ON DELETE RESTRICT ON UPDATE RESTRICT,
  ADD CONSTRAINT `tbl_usuario_documento_identidad_ibfk_2` FOREIGN KEY (`id_tipo_documento_identidad`) REFERENCES `tbl_tipo_documento_identidad` (`id`) ON DELETE RESTRICT ON UPDATE RESTRICT;
COMMIT;

/*!40101 SET CHARACTER_SET_CLIENT=@OLD_CHARACTER_SET_CLIENT */;
/*!40101 SET CHARACTER_SET_RESULTS=@OLD_CHARACTER_SET_RESULTS */;
/*!40101 SET COLLATION_CONNECTION=@OLD_COLLATION_CONNECTION */;
